{
  "1": [
    [
      15,
      89,
      40,
      72
    ],
    false,
    true,
    0.00035834312438964844,
    "Check fuzzy test report."
  ],
  "2": [
    [
      10,
      59,
      18,
      36
    ],
    false,
    true,
    0.00033664703369140625,
    "Check fuzzy test report."
  ],
  "3": [
    [
      27,
      95,
      49,
      51
    ],
    true,
    false,
    "Check the pre-existing tests report."
  ],
  "4": [
    [
      12,
      92,
      17,
      66
    ],
    false,
    true,
    0.0005006790161132812,
    "Check fuzzy test report."
  ],
  "5": [
    [
      63,
      70,
      4,
      5
    ],
    false,
    true,
    1.3113021850585938e-05,
    "Check fuzzy test report."
  ],
  "6": [
    [
      45,
      98,
      40,
      47
    ],
    true,
    false,
    "Check the pre-existing tests report."
  ],
  "7": [
    [
      119,
      256,
      104,
      123
    ],
    false,
    true,
    0.00013518333435058594,
    "Check fuzzy test report."
  ],
  "8": [
    [
      17,
      72,
      50,
      51
    ],
    false,
    true,
    1.8358230590820312e-05,
    "Check fuzzy test report."
  ],
  "9": [
    [
      0,
      300,
      50,
      60
    ],
    true,
    false,
    "Check the pre-existing tests report."
  ],
  "10": [
    [
      16,
      60,
      16,
      39
    ],
    true,
    false,
    "Check the pre-existing tests report."
  ],
  "12": [
    [
      62,
      88,
      18,
      21
    ],
    false,
    true,
    0.0003008842468261719,
    "Check fuzzy test report."
  ],
  "13": [
    [
      13,
      95,
      57,
      60
    ],
    false,
    true,
    3.0517578125e-05,
    "Check fuzzy test report."
  ],
  "14": [
    [
      10,
      74,
      6,
      8
    ],
    true,
    false,
    "Check the pre-existing tests report."
  ],
  "15": [
    [
      0,
      6,
      3,
      6
    ],
    false,
    true,
    2.09808349609375e-05,
    "Check fuzzy test report."
  ],
  "16": [
    [
      15,
      86,
      51,
      60
    ],
    false,
    true,
    4.291534423828125e-05,
    "Check fuzzy test report."
  ],
  "17": [
    [
      22,
      95,
      52,
      55
    ],
    false,
    true,
    1.8596649169921875e-05,
    "Check fuzzy test report."
  ],
  "18": [
    [
      11,
      83,
      13,
      66
    ],
    false,
    true,
    0.00028014183044433594,
    "Check fuzzy test report."
  ],
  "20": [
    [
      20,
      74,
      36,
      42
    ],
    false,
    true,
    0.00034236907958984375,
    "Check fuzzy test report."
  ],
  "21": [
    [
      100,
      295,
      136,
      160
    ],
    false,
    true,
    0.0002033710479736328,
    "Check fuzzy test report."
  ],
  "22": [
    [
      100,
      200,
      5,
      10
    ],
    false,
    true,
    8.463859558105469e-05,
    "Check fuzzy test report."
  ],
  "23": [
    [
      23,
      94,
      17,
      55
    ],
    false,
    true,
    0.00027298927307128906,
    "Check fuzzy test report."
  ],
  "24": [
    [
      12,
      92,
      42,
      77
    ],
    true,
    false,
    "Check the pre-existing tests report."
  ],
  "25": [
    [
      26,
      84,
      30,
      46
    ],
    false,
    true,
    5.650520324707031e-05,
    "Check fuzzy test report."
  ],
  "26": [
    [
      24,
      84,
      21,
      31
    ],
    false,
    true,
    0.0004799365997314453,
    "Check fuzzy test report."
  ],
  "27": [
    [
      13,
      99,
      26,
      29
    ],
    false,
    true,
    3.933906555175781e-05,
    "Check fuzzy test report."
  ],
  "28": [
    [
      32,
      71,
      21,
      32
    ],
    false,
    true,
    0.0003082752227783203,
    "Check fuzzy test report."
  ],
  "31": [
    [
      11,
      83,
      37,
      60
    ],
    true,
    false,
    "Check the pre-existing tests report."
  ],
  "32": [
    [
      16,
      77,
      43,
      47
    ],
    true,
    false,
    "Check the pre-existing tests report."
  ],
  "33": [
    [
      130,
      295,
      103,
      158
    ],
    false,
    true,
    0.0005543231964111328,
    "Check fuzzy test report."
  ],
  "34": [
    [
      200,
      300,
      10,
      50
    ],
    false,
    true,
    0.00043272972106933594,
    "Check fuzzy test report."
  ],
  "35": [
    [
      34,
      90,
      14,
      39
    ],
    false,
    true,
    0.0001404285430908203,
    "Check fuzzy test report."
  ],
  "36": [
    [
      124,
      283,
      115,
      134
    ],
    false,
    true,
    0.00035858154296875,
    "Check fuzzy test report."
  ],
  "37": [
    [
      0,
      9,
      3,
      5
    ],
    false,
    true,
    2.8371810913085938e-05,
    "Check fuzzy test report."
  ],
  "39": [
    [
      31,
      91,
      50,
      53
    ],
    false,
    true,
    0.0002963542938232422,
    "Check fuzzy test report."
  ],
  "40": [
    [
      0,
      5,
      3,
      5
    ],
    true,
    false,
    "Check the pre-existing tests report."
  ],
  "41": [
    [
      1,
      7,
      3,
      4
    ],
    false,
    true,
    1.6450881958007812e-05,
    "Check fuzzy test report."
  ],
  "43": [
    [
      41,
      89,
      23,
      38
    ],
    false,
    true,
    7.390975952148438e-05,
    "Check fuzzy test report."
  ],
  "44": [
    [
      18,
      98,
      31,
      51
    ],
    false,
    true,
    0.00038504600524902344,
    "Check fuzzy test report."
  ],
  "45": [
    [
      70,
      140,
      3,
      60
    ],
    false,
    true,
    0.00023126602172851562,
    "Check fuzzy test report."
  ],
  "46": [
    [
      11,
      97,
      29,
      62
    ],
    false,
    true,
    0.00014972686767578125,
    "Check fuzzy test report."
  ],
  "47": [
    [
      39,
      94,
      14,
      52
    ],
    false,
    true,
    0.0007321834564208984,
    "Check fuzzy test report."
  ],
  "49": [
    [
      10,
      100,
      10,
      50
    ],
    false,
    true,
    0.00041556358337402344,
    "Check fuzzy test report."
  ],
  "50": [
    [
      36,
      92,
      10,
      35
    ],
    true,
    false,
    "Check the pre-existing tests report."
  ],
  "51": [
    [
      2,
      8,
      3,
      4
    ],
    true,
    false,
    "Check the pre-existing tests report."
  ],
  "52": [
    [
      44,
      99,
      13,
      42
    ],
    false,
    true,
    0.0003504753112792969,
    "Check fuzzy test report."
  ],
  "53": [
    [
      1,
      299,
      3,
      10
    ],
    false,
    true,
    0.00024080276489257812,
    "Check fuzzy test report."
  ],
  "54": [
    [
      27,
      77,
      18,
      19
    ],
    false,
    true,
    2.1457672119140625e-05,
    "Check fuzzy test report."
  ],
  "55": [
    [
      10,
      75,
      10,
      20
    ],
    true,
    false,
    "Check the pre-existing tests report."
  ],
  "56": [
    [
      1,
      9,
      3,
      7
    ],
    false,
    true,
    0.0003001689910888672,
    "Check fuzzy test report."
  ],
  "57": [
    [
      16,
      94,
      39,
      52
    ],
    false,
    true,
    0.00033855438232421875,
    "Check fuzzy test report."
  ],
  "58": [
    [
      125,
      283,
      109,
      126
    ],
    false,
    true,
    0.0004973411560058594,
    "Check fuzzy test report."
  ],
  "59": [
    [
      0,
      100,
      3,
      15
    ],
    false,
    true,
    0.0003821849822998047,
    "Check fuzzy test report."
  ],
  "60": [
    [
      23,
      82,
      32,
      34
    ],
    true,
    false,
    "Check the pre-existing tests report."
  ],
  "61": [
    [
      0,
      30,
      20,
      30
    ],
    true,
    false,
    "Check the pre-existing tests report."
  ],
  "62": [
    [
      26,
      87,
      52,
      56
    ],
    false,
    true,
    1.6927719116210938e-05,
    "Check fuzzy test report."
  ],
  "63": [
    [
      33,
      85,
      26,
      31
    ],
    false,
    true,
    2.1696090698242188e-05,
    "Check fuzzy test report."
  ],