{
  "halstead_volume": 53.30296890880645,
  "cyclomatic_complexity": 2,
  "number_of_LLOC": 11,
  "percent_of_lines_of_comment": 9.090909090909092
}