{
  "halstead_volume": 13.931568569324174,
  "cyclomatic_complexity": 5,
  "number_of_LLOC": 11,
  "percent_of_lines_of_comment": 36.36363636363637
}