{
  "1": [
    [
      20,
      "descending"
    ],
    true,
    false,
    "Check the pre-existing tests report."
  ],
  "2": [
    [
      618,
      "ascending"
    ],
    false,
    true,
    0.00015664100646972656,
    "Check fuzzy test report."
  ],
  "3": [
    [
      100,
      "ascending"
    ],
    true,
    false,
    "Check the pre-existing tests report."
  ],
  "4": [
    [
      96,
      "descending"
    ],
    false,
    true,
    0.0004291534423828125,
    "Check fuzzy test report."
  ],
  "5": [
    [
      55,
      "ascending"
    ],
    false,
    true,
    0.0005590915679931641,
    "Check fuzzy test report."
  ],
  "6": [
    [
      74,
      "ascending"
    ],
    false,
    true,
    0.0002987384796142578,
    "Check fuzzy test report."
  ],
  "7": [
    [
      803,
      "ascending"
    ],
    false,
    true,
    0.0004029273986816406,
    "Check fuzzy test report."
  ],
  "8": [
    [
      41,
      "descending"
    ],
    false,
    true,
    0.00031495094299316406,
    "Check fuzzy test report."
  ],
  "9": [
    [
      29,
      "descending"
    ],
    false,
    true,
    0.0005915164947509766,
    "Check fuzzy test report."
  ],
  "10": [
    [
      38,
      "descending"
    ],
    true,
    false,
    "Check the pre-existing tests report."
  ],
  "11": [
    [
      86,
      "ascending"
    ],
    false,
    true,
    0.0004711151123046875,
    "Check fuzzy test report."
  ],
  "12": [
    [
      70,
      "descending"
    ],
    false,
    true,
    0.00012922286987304688,
    "Check fuzzy test report."
  ],
  "13": [
    [
      784,
      "ascending"
    ],
    false,
    true,
    0.0001404285430908203,
    "Check fuzzy test report."
  ],
  "14": [
    [
      78,
      "descending"
    ],
    false,
    true,
    0.0005450248718261719,
    "Check fuzzy test report."
  ],
  "15": [
    [
      6,
      "descending"
    ],
    false,
    true,
    0.0004885196685791016,
    "Check fuzzy test report."
  ],
  "16": [
    [
      792,
      "ascending"
    ],
    false,
    true,
    0.0004897117614746094,
    "Check fuzzy test report."
  ],
  "17": [
    [
      36,
      "descending"
    ],
    false,
    true,
    0.000453948974609375,
    "Check fuzzy test report."
  ],
  "19": [
    [
      67,
      "descending"
    ],
    true,
    false,
    "Check the pre-existing tests report."
  ],
  "20": [
    [
      100,
      "descending"
    ],
    false,
    true,
    0.0003857612609863281,
    "Check fuzzy test report."
  ],
  "21": [
    [
      175,
      "ascending"
    ],
    true,
    false,
    "Check the pre-existing tests report."
  ],
  "22": [
    [
      85,
      "ascending"
    ],
    false,
    true,
    0.0001811981201171875,
    "Check fuzzy test report."
  ],
  "23": [
    [
      77,
      "descending"
    ],
    false,
    true,
    0.0005154609680175781,
    "Check fuzzy test report."
  ],
  "24": [
    [
      65,
      "descending"
    ],
    true,
    false,
    "Check the pre-existing tests report."
  ],
  "25": [
    [
      92,
      "ascending"
    ],
    true,
    false,
    "Check the pre-existing tests report."
  ],
  "26": [
    [
      81,
      "descending"
    ],
    true,
    false,
    "Check the pre-existing tests report."
  ],
  "27": [
    [
      79,
      "descending"
    ],
    true,
    false,
    "Check the pre-existing tests report."
  ],
  "28": [
    [
      19,
      "ascending"
    ],
    false,
    true,
    0.0005414485931396484,
    "Check fuzzy test report."
  ],
  "30": [
    [
      37,
      "descending"
    ],
    false,
    true,
    0.00026535987854003906,
    "Check fuzzy test report."
  ],
  "31": [
    [
      50,
      "descending"
    ],
    false,
    true,
    0.00048232078552246094,
    "Check fuzzy test report."
  ],
  "32": [
    [
      42,
      "ascending"
    ],
    false,
    true,
    0.0005307197570800781,
    "Check fuzzy test report."
  ],
  "33": [
    [
      945,
      "descending"
    ],
    false,
    true,
    0.00019741058349609375,
    "Check fuzzy test report."
  ],
  "35": [
    [
      177,
      "ascending"
    ],
    false,
    true,
    0.00018072128295898438,
    "Check fuzzy test report."
  ],
  "36": [
    [
      992,
      "ascending"
    ],
    false,
    true,
    0.0006074905395507812,
    "Check fuzzy test report."
  ],
  "37": [
    [
      35,
      "descending"
    ],
    false,
    true,
    3.790855407714844e-05,
    "Check fuzzy test report."
  ],
  "38": [
    [
      28,
      "ascending"
    ],
    false,
    true,
    0.0005540847778320312,
    "Check fuzzy test report."
  ],
  "39": [
    [
      30,
      "descending"
    ],
    true,
    false,
    "Check the pre-existing tests report."
  ],
  "40": [
    [
      10,
      "descending"
    ],
    true,
    false,
    "Check the pre-existing tests report."
  ],
  "41": [
    [
      46,
      "descending"
    ],
    true,
    false,
    "Check the pre-existing tests report."
  ],
  "42": [
    [
      64,
      "descending"
    ],
    true,
    false,
    "Check the pre-existing tests report."
  ],
  "44": [
    [
      39,
      "ascending"
    ],
    false,
    true,
    0.00040912628173828125,
    "Check fuzzy test report."
  ],
  "45": [
    [
      61,
      "ascending"
    ],
    true,
    false,
    "Check the pre-existing tests report."
  ],
  "46": [
    [
      33,
      "ascending"
    ],
    false,
    true,
    0.0005044937133789062,
    "Check fuzzy test report."
  ],
  "47": [
    [
      49,
      "ascending"
    ],
    false,
    true,
    0.0005967617034912109,
    "Check fuzzy test report."
  ],
  "48": [
    [
      835,
      "ascending"
    ],
    false,
    true,
    0.0004658699035644531,
    "Check fuzzy test report."
  ],
  "49": [
    [
      14,
      "ascending"
    ],
    false,
    true,
    0.00038743019104003906,
    "Check fuzzy test report."
  ],
  "50": [
    [
      57,
      "descending"
    ],
    false,
    true,
    0.0003654956817626953,
    "Check fuzzy test report."
  ],
  "51": [
    [
      54,
      "ascending"
    ],
    false,
    true,
    0.0003180503845214844,
    "Check fuzzy test report."
  ],
  "52": [
    [
      52,
      "descending"
    ],
    true,
    false,
    "Check the pre-existing tests report."
  ],
  "53": [
    [
      86,
      "descending"
    ],
    true,
    false,
    "Check the pre-existing tests report."
  ],
  "54": [
    [
      88,
      "descending"
    ],
    true,
    false,
    "Check the pre-existing tests report."
  ],
  "55": [
    [
      73,
      "descending"
    ],
    true,
    false,
    "Check the pre-existing tests report."
  ],
  "56": [
    [
      30,
      "ascending"
    ],
    false,
    true,
    0.00030803680419921875,
    "Check fuzzy test report."
  ],
  "57": [
    [
      54,
      "descending"
    ],
    true,
    false,
    "Check the pre-existing tests report."
  ],
  "58": [
    [
      975,
      "descending"
    ],
    true,
    false,
    "Check the pre-existing tests report."
  ],
  "59": [
    [
      84,
      "descending"
    ],
    true,
    false,
    "Check the pre-existing tests report."
  ],
  "60": [
    [
      87,
      "ascending"
    ],
    true,
    false,
    "Check the pre-existing tests report."
  ],
  "62": [
    [
      70,
      "ascending"
    ],
    false,
    true,
    0.00013589859008789062,
    "Check fuzzy test report."
  ],
  "63": [
    [
      88,
      "ascending"
    ],
    false,
    true,
    0.0005464553833007812,
    "Check fuzzy test report."
  ],
  "64": [
    [
      4,
      "ascending"
    ],
    false,
    true,
    0.00034427642822265625,
    "Check fuzzy test report."
  ],
  "65": [
    [
      32,
      "ascending"
    ],
    false,
    true,
    0.0001690387725830078,
    "Check fuzzy test report."
  ],
  "66": [
    [
      25,
      "descending"
    ],
    false,
    true,
    8.249282836914062e-05,
    "Check fuzzy test report."
  ],