{
  "halstead_volume": 39.863137138648355,
  "cyclomatic_complexity": 5,
  "number_of_LLOC": 6,
  "percent_of_lines_of_comment": 83.33333333333334
}