{
  "halstead_volume": 27.863137138648348,
  "cyclomatic_complexity": 3,
  "number_of_LLOC": 9,
  "percent_of_lines_of_comment": 33.33333333333333
}