{
  "halstead_volume": 49.82892142331044,
  "cyclomatic_complexity": 3,
  "number_of_LLOC": 7,
  "percent_of_lines_of_comment": 83.33333333333334
}