{
  "1": [
    [
      17,
      88
    ],
    false,
    true,
    5.841255187988281e-05,
    "Check fuzzy test report."
  ],
  "2": [
    [
      72,
      93
    ],
    false,
    true,
    8.225440979003906e-05,
    "Check fuzzy test report."
  ],
  "3": [
    [
      56,
      88
    ],
    false,
    true,
    9.083747863769531e-05,
    "Check fuzzy test report."
  ],
  "4": [
    [
      49,
      74
    ],
    false,
    true,
    3.933906555175781e-05,
    "Check fuzzy test report."
  ],
  "5": [
    [
      2,
      8
    ],
    false,
    true,
    8.106231689453125e-06,
    "Check fuzzy test report."
  ],
  "6": [
    [
      20,
      93
    ],
    false,
    true,
    0.0001366138458251953,
    "Check fuzzy test report."
  ],
  "7": [
    [
      10,
      97
    ],
    false,
    true,
    0.00012922286987304688,
    "Check fuzzy test report."
  ],
  "8": [
    [
      45,
      48
    ],
    false,
    true,
    2.1219253540039062e-05,
    "Check fuzzy test report."
  ],
  "9": [
    [
      70,
      200
    ],
    false,
    true,
    0.0002589225769042969,
    "Check fuzzy test report."
  ],
  "10": [
    [
      36,
      54
    ],
    false,
    true,
    2.4557113647460938e-05,
    "Check fuzzy test report."
  ],
  "11": [
    [
      48,
      76
    ],
    false,
    true,
    4.673004150390625e-05,
    "Check fuzzy test report."
  ],
  "13": [
    [
      46,
      91
    ],
    false,
    true,
    5.412101745605469e-05,
    "Check fuzzy test report."
  ],
  "14": [
    [
      2,
      5
    ],
    false,
    true,
    1.52587890625e-05,
    "Check fuzzy test report."
  ],
  "15": [
    [
      0,
      4
    ],
    false,
    true,
    1.6689300537109375e-05,
    "Check fuzzy test report."
  ],
  "16": [
    [
      90,
      97
    ],
    false,
    true,
    0.00012445449829101562,
    "Check fuzzy test report."
  ],
  "17": [
    [
      73,
      84
    ],
    false,
    true,
    8.392333984375e-05,
    "Check fuzzy test report."
  ],
  "18": [
    [
      56,
      90
    ],
    false,
    true,
    6.0558319091796875e-05,
    "Check fuzzy test report."
  ],
  "19": [
    [
      1,
      4
    ],
    false,
    true,
    1.049041748046875e-05,
    "Check fuzzy test report."
  ],
  "20": [
    [
      27,
      96
    ],
    false,
    true,
    7.653236389160156e-05,
    "Check fuzzy test report."
  ],
  "21": [
    [
      15,
      57
    ],
    false,
    true,
    4.76837158203125e-05,
    "Check fuzzy test report."
  ],
  "22": [
    [
      40,
      200
    ],
    false,
    true,
    0.0002601146697998047,
    "Check fuzzy test report."
  ],
  "23": [
    [
      20,
      36
    ],
    false,
    true,
    1.7404556274414062e-05,
    "Check fuzzy test report."
  ],
  "24": [
    [
      13,
      91
    ],
    false,
    true,
    6.771087646484375e-05,
    "Check fuzzy test report."
  ],
  "25": [
    [
      37,
      43
    ],
    false,
    true,
    1.6450881958007812e-05,
    "Check fuzzy test report."
  ],
  "26": [
    [
      68,
      99
    ],
    false,
    true,
    2.1219253540039062e-05,
    "Check fuzzy test report."
  ],
  "27": [
    [
      86,
      89
    ],
    false,
    true,
    4.410743713378906e-05,
    "Check fuzzy test report."
  ],
  "28": [
    [
      86,
      99
    ],
    false,
    true,
    6.604194641113281e-05,
    "Check fuzzy test report."
  ],
  "29": [
    [
      70,
      98
    ],
    false,
    true,
    8.177757263183594e-05,
    "Check fuzzy test report."
  ],
  "30": [
    [
      22,
      24
    ],
    false,
    true,
    2.09808349609375e-05,
    "Check fuzzy test report."
  ],
  "31": [
    [
      33,
      78
    ],
    false,
    true,
    1.52587890625e-05,
    "Check fuzzy test report."
  ],
  "32": [
    [
      86,
      90
    ],
    false,
    true,
    1.621246337890625e-05,
    "Check fuzzy test report."
  ],
  "33": [
    [
      13,
      35
    ],
    false,
    false,
    "The generated function did not have the specified name."
  ],
  "34": [
    [
      60,
      200
    ],
    false,
    true,
    0.0002644062042236328,
    "Check fuzzy test report."
  ],
  "35": [
    [
      77,
      84
    ],
    false,
    true,
    3.3855438232421875e-05,
    "Check fuzzy test report."
  ],
  "36": [
    [
      110,
      348
    ],
    false,
    true,
    0.0021371841430664062,
    "Check fuzzy test report."
  ],
  "37": [
    [
      2,
      7
    ],
    false,
    true,
    1.33514404296875e-05,
    "Check fuzzy test report."
  ],
  "38": [
    [
      36,
      85
    ],
    false,
    true,
    8.916854858398438e-05,
    "Check fuzzy test report."
  ],
  "39": [
    [
      44,
      91
    ],
    false,
    true,
    4.0531158447265625e-05,
    "Check fuzzy test report."
  ],
  "40": [
    [
      0,
      3
    ],
    false,
    true,
    1.2874603271484375e-05,
    "Check fuzzy test report."
  ],
  "42": [
    [
      18,
      60
    ],
    false,
    true,
    3.170967102050781e-05,
    "Check fuzzy test report."
  ],
  "43": [
    [
      10,
      28
    ],
    false,
    true,
    2.1696090698242188e-05,
    "Check fuzzy test report."
  ],
  "44": [
    [
      36,
      52
    ],
    false,
    false,
    "The generated function did not have the specified name."
  ],
  "45": [
    [
      30,
      200
    ],
    false,
    true,
    0.0005528926849365234,
    "Check fuzzy test report."
  ],
  "46": [
    [
      10,
      79
    ],
    false,
    true,
    4.8160552978515625e-05,
    "Check fuzzy test report."
  ],
  "47": [
    [
      29,
      53
    ],
    false,
    true,
    1.5020370483398438e-05,
    "Check fuzzy test report."
  ],
  "48": [
    [
      933,
      996
    ],
    false,
    true,
    0.004970073699951172,
    "Check fuzzy test report."
  ],
  "49": [
    [
      80,
      200
    ],
    false,
    false,
    "The generated function did not have the specified name."
  ],
  "50": [
    [
      13,
      76
    ],
    false,
    true,
    4.839897155761719e-05,
    "Check fuzzy test report."
  ],
  "51": [
    [
      6,
      9
    ],
    false,
    true,
    9.5367431640625e-06,
    "Check fuzzy test report."
  ],
  "52": [
    [
      38,
      81
    ],
    false,
    true,
    6.723403930664062e-05,
    "Check fuzzy test report."
  ],
  "53": [
    [
      200,
      202
    ],
    false,
    true,
    2.8371810913085938e-05,
    "Check fuzzy test report."
  ],
  "54": [
    [
      35,
      64
    ],
    false,
    true,
    3.0040740966796875e-05,
    "Check fuzzy test report."
  ],
  "55": [
    [
      10,
      12
    ],
    false,
    true,
    1.049041748046875e-05,
    "Check fuzzy test report."
  ],
  "56": [
    [
      7,
      9
    ],
    false,
    true,
    1.049041748046875e-05,
    "Check fuzzy test report."
  ],
  "57": [
    [
      25,
      80
    ],
    false,
    true,
    6.246566772460938e-05,
    "Check fuzzy test report."
  ],
  "58": [
    [
      275,
      871
    ],
    false,
    true,
    0.006862163543701172,
    "Check fuzzy test report."
  ],
  "59": [
    [
      0,
      10
    ],
    false,
    true,
    1.430511474609375e-05,
    "Check fuzzy test report."
  ],
  "60": [
    [
      38,
      52
    ],
    false,
    true,
    4.0531158447265625e-05,
    "Check fuzzy test report."
  ],
  "61": [
    [
      0,
      8
    ],
    false,
    true,
    1.1920928955078125e-05,
    "Check fuzzy test report."
  ],
  "62": [
    [
      50,
      92
    ],
    false,
    true,
    6.318092346191406e-05,
    "Check fuzzy test report."
  ],
  "63": [
    [
      81,
      86
    ],
    false,
    true,
    2.956390380859375e-05,
    "Check fuzzy test report."
  ],
  "64": [
    [
      0,
      5
    ],
    false,
    true,
    1.4066696166992188e-05,
    "Check fuzzy test report."
  ],
  "65": [
    [
      51,
      76
    ],
    false,
    true,
    5.817413330078125e-05,
    "Check fuzzy test report."
  ],