{
  "halstead_volume": 106.19818783608963,
  "cyclomatic_complexity": 6,
  "number_of_LLOC": 15,
  "percent_of_lines_of_comment": 26.666666666666668
}