{
  "1": [
    [
      31,
      72
    ],
    false,
    true,
    5.316734313964844e-05,
    "Check fuzzy test report."
  ],
  "3": [
    [
      62,
      92
    ],
    false,
    true,
    5.888938903808594e-05,
    "Check fuzzy test report."
  ],
  "4": [
    [
      12,
      92
    ],
    false,
    true,
    8.749961853027344e-05,
    "Check fuzzy test report."
  ],
  "5": [
    [
      8,
      9
    ],
    false,
    true,
    1.6450881958007812e-05,
    "Check fuzzy test report."
  ],
  "6": [
    [
      10,
      66
    ],
    false,
    true,
    7.677078247070312e-05,
    "Check fuzzy test report."
  ],
  "7": [
    [
      661,
      924
    ],
    false,
    true,
    8.678436279296875e-05,
    "Check fuzzy test report."
  ],
  "9": [
    [
      70,
      200
    ],
    false,
    true,
    0.0002105236053466797,
    "Check fuzzy test report."
  ],
  "10": [
    [
      25,
      59
    ],
    false,
    true,
    6.031990051269531e-05,
    "Check fuzzy test report."
  ],
  "11": [
    [
      37,
      51
    ],
    false,
    true,
    4.00543212890625e-05,
    "Check fuzzy test report."
  ],
  "13": [
    [
      25,
      87
    ],
    false,
    true,
    8.0108642578125e-05,
    "Check fuzzy test report."
  ],
  "17": [
    [
      62,
      78
    ],
    false,
    true,
    4.1484832763671875e-05,
    "Check fuzzy test report."
  ],
  "18": [
    [
      35,
      49
    ],
    false,
    true,
    1.8596649169921875e-05,
    "Check fuzzy test report."
  ],
  "20": [
    [
      56,
      66
    ],
    false,
    true,
    4.57763671875e-05,
    "Check fuzzy test report."
  ],
  "21": [
    [
      639,
      975
    ],
    false,
    true,
    0.00012946128845214844,
    "Check fuzzy test report."
  ],
  "23": [
    [
      52,
      71
    ],
    false,
    true,
    4.220008850097656e-05,
    "Check fuzzy test report."
  ],
  "24": [
    [
      74,
      95
    ],
    false,
    true,
    6.604194641113281e-05,
    "Check fuzzy test report."
  ],
  "25": [
    [
      29,
      93
    ],
    false,
    true,
    9.083747863769531e-05,
    "Check fuzzy test report."
  ],
  "26": [
    [
      62,
      99
    ],
    false,
    true,
    7.510185241699219e-05,
    "Check fuzzy test report."
  ],
  "27": [
    [
      66,
      93
    ],
    false,
    true,
    5.3882598876953125e-05,
    "Check fuzzy test report."
  ],
  "28": [
    [
      62,
      63
    ],
    false,
    true,
    3.7670135498046875e-05,
    "Check fuzzy test report."
  ],
  "29": [
    [
      59,
      97
    ],
    false,
    true,
    7.462501525878906e-05,
    "Check fuzzy test report."
  ],
  "30": [
    [
      55,
      98
    ],
    false,
    true,
    8.559226989746094e-05,
    "Check fuzzy test report."
  ],
  "31": [
    [
      75,
      88
    ],
    false,
    true,
    5.602836608886719e-05,
    "Check fuzzy test report."
  ],
  "32": [
    [
      21,
      97
    ],
    false,
    true,
    9.679794311523438e-05,
    "Check fuzzy test report."
  ],
  "33": [
    [
      667,
      774
    ],
    false,
    true,
    0.0005173683166503906,
    "Check fuzzy test report."
  ],
  "34": [
    [
      60,
      200
    ],
    false,
    true,
    0.00023365020751953125,
    "Check fuzzy test report."
  ],
  "35": [
    [
      30,
      48
    ],
    false,
    true,
    4.57763671875e-05,
    "Check fuzzy test report."
  ],
  "36": [
    [
      246,
      750
    ],
    false,
    true,
    0.0008149147033691406,
    "Check fuzzy test report."
  ],
  "38": [
    [
      22,
      63
    ],
    false,
    true,
    6.341934204101562e-05,
    "Check fuzzy test report."
  ],
  "39": [
    [
      20,
      30
    ],
    false,
    true,
    3.4332275390625e-05,
    "Check fuzzy test report."
  ],
  "40": [
    [
      0,
      1
    ],
    false,
    true,
    2.193450927734375e-05,
    "Check fuzzy test report."
  ],
  "43": [
    [
      68,
      86
    ],
    false,
    true,
    4.839897155761719e-05,
    "Check fuzzy test report."
  ],
  "45": [
    [
      30,
      200
    ],
    false,
    true,
    0.0002796649932861328,
    "Check fuzzy test report."
  ],
  "46": [
    [
      30,
      87
    ],
    false,
    true,
    8.58306884765625e-05,
    "Check fuzzy test report."
  ],
  "47": [
    [
      37,
      76
    ],
    false,
    true,
    6.031990051269531e-05,
    "Check fuzzy test report."
  ],
  "48": [
    [
      533,
      605
    ],
    false,
    true,
    0.0003495216369628906,
    "Check fuzzy test report."
  ],
  "50": [
    [
      70,
      84
    ],
    false,
    true,
    4.076957702636719e-05,
    "Check fuzzy test report."
  ],
  "54": [
    [
      34,
      55
    ],
    false,
    true,
    4.673004150390625e-05,
    "Check fuzzy test report."
  ],
  "56": [
    [
      1,
      8
    ],
    false,
    true,
    1.9550323486328125e-05,
    "Check fuzzy test report."
  ],
  "57": [
    [
      27,
      55
    ],
    false,
    true,
    6.580352783203125e-05,
    "Check fuzzy test report."
  ],
  "58": [
    [
      209,
      556
    ],
    false,
    true,
    0.0013434886932373047,
    "Check fuzzy test report."
  ],
  "60": [
    [
      75,
      85
    ],
    false,
    true,
    4.4345855712890625e-05,
    "Check fuzzy test report."
  ],
  "63": [
    [
      22,
      88
    ],
    false,
    true,
    8.678436279296875e-05,
    "Check fuzzy test report."
  ],
  "65": [
    [
      56,
      98
    ],
    false,
    true,
    8.249282836914062e-05,
    "Check fuzzy test report."
  ],
  "66": [
    [
      50,
      54
    ],
    false,
    true,
    1.3113021850585938e-05,
    "Check fuzzy test report."
  ],
  "67": [
    [
      22,
      50
    ],
    false,
    true,
    2.6702880859375e-05,
    "Check fuzzy test report."
  ],
  "69": [
    [
      32,
      35
    ],
    false,
    true,
    2.9802322387695312e-05,
    "Check fuzzy test report."
  ],
  "70": [
    [
      28,
      32
    ],
    false,
    true,
    3.504753112792969e-05,
    "Check fuzzy test report."
  ],
  "71": [
    [
      26,
      52
    ],
    false,
    true,
    5.269050598144531e-05,
    "Check fuzzy test report."
  ],
  "72": [
    [
      29,
      51
    ],
    false,
    true,
    4.124641418457031e-05,
    "Check fuzzy test report."
  ],
  "76": [
    [
      686,
      987
    ],
    false,
    true,
    0.0020956993103027344,
    "Check fuzzy test report."
  ],
  "77": [
    [
      527,
      538
    ],
    false,
    true,
    7.724761962890625e-05,
    "Check fuzzy test report."
  ],
  "78": [
    [
      43,
      51
    ],
    false,
    true,
    4.887580871582031e-05,
    "Check fuzzy test report."
  ],
  "79": [
    [
      4,
      4
    ],
    false,
    true,
    7.867813110351562e-06,
    "Check fuzzy test report."
  ],
  "89": [
    [
      56,
      82
    ],
    false,
    true,
    7.200241088867188e-05,
    "Check fuzzy test report."
  ],
  "90": [
    [
      262,
      746
    ],
    false,
    true,
    0.0013861656188964844,
    "Check fuzzy test report."
  ],
  "92": [
    [
      0,
      0
    ],
    false,
    true,
    1.6927719116210938e-05,
    "Check fuzzy test report."
  ],
  "93": [
    [
      75,
      94
    ],
    false,
    true,
    6.175041198730469e-05,
    "Check fuzzy test report."
  ],
  "94": [
    [
      28,
      40
    ],
    false,
    true,
    4.6253204345703125e-05,
    "Check fuzzy test report."
  ],
  "95": [
    [
      82,
      86
    ],
    false,
    true,
    4.1484832763671875e-05,
    "Check fuzzy test report."
  ],
  "96": [
    [
      50,
      200
    ],
    false,
    true,
    0.0002923011779785156,
    "Check fuzzy test report."
  ],
  "97": [
    [
      40,
      80
    ],
    false,
    true,
    8.749961853027344e-05,
    "Check fuzzy test report."
  ],
  "100": [
    [
      42,
      68
    ],
    false,
    true,
    5.7697296142578125e-05,
    "Check fuzzy test report."
  ]
}