{
  "halstead_volume": 101.95026032264605,
  "cyclomatic_complexity": 8,
  "number_of_LLOC": 15,
  "percent_of_lines_of_comment": 26.666666666666668
}