{
  "halstead_volume": 34.82892142331043,
  "cyclomatic_complexity": 4,
  "number_of_LLOC": 13,
  "percent_of_lines_of_comment": 30.76923076923077
}