{
  "halstead_volume": 39.863137138648355,
  "cyclomatic_complexity": 5,
  "number_of_LLOC": 13,
  "percent_of_lines_of_comment": 15.384615384615385
}