{
  "halstead_volume": 93.45440529575887,
  "cyclomatic_complexity": 8,
  "number_of_LLOC": 11,
  "percent_of_lines_of_comment": 27.27272727272727
}