{
  "halstead_volume": 43.18506523353572,
  "cyclomatic_complexity": 6,
  "number_of_LLOC": 7,
  "percent_of_lines_of_comment": 85.71428571428571
}