{
  "halstead_volume": 51.80615605397529,
  "cyclomatic_complexity": 2,
  "number_of_LLOC": 12,
  "percent_of_lines_of_comment": 41.66666666666667
}