{
  "halstead_volume": 58.81033751683406,
  "cyclomatic_complexity": 6,
  "number_of_LLOC": 12,
  "percent_of_lines_of_comment": 18.181818181818183
}