{
  "halstead_volume": 85.83671966625714,
  "cyclomatic_complexity": 5,
  "number_of_LLOC": 11,
  "percent_of_lines_of_comment": 63.63636363636363
}