{
  "halstead_volume": 64.52932501298082,
  "cyclomatic_complexity": 9,
  "number_of_LLOC": 19,
  "percent_of_lines_of_comment": 73.68421052631578
}