{
  "halstead_volume": 66.41714012534482,
  "cyclomatic_complexity": 6,
  "number_of_LLOC": 9,
  "percent_of_lines_of_comment": 22.22222222222222
}