{
  "1": [
    [
      27
    ],
    true,
    false,
    "Check the pre-existing tests report."
  ],
  "2": [
    [
      147
    ],
    true,
    false,
    "Check the pre-existing tests report."
  ],
  "3": [
    [
      100
    ],
    false,
    true,
    0.0010929107666015625,
    "Check fuzzy test report."
  ],
  "4": [
    [
      15
    ],
    true,
    false,
    "Check the pre-existing tests report."
  ],
  "5": [
    [
      17
    ],
    false,
    true,
    3.719329833984375e-05,
    "Check fuzzy test report."
  ],
  "8": [
    [
      49
    ],
    false,
    true,
    0.00012874603271484375,
    "Check fuzzy test report."
  ],
  "9": [
    [
      72
    ],
    false,
    true,
    0.00013113021850585938,
    "Check fuzzy test report."
  ],
  "10": [
    [
      54
    ],
    false,
    true,
    0.00033164024353027344,
    "Check fuzzy test report."
  ],
  "12": [
    [
      23
    ],
    true,
    false,
    "Check the pre-existing tests report."
  ],
  "14": [
    [
      63
    ],
    false,
    true,
    0.0007462501525878906,
    "Check fuzzy test report."
  ],
  "15": [
    [
      4
    ],
    true,
    false,
    "Check the pre-existing tests report."
  ],
  "16": [
    [
      255
    ],
    false,
    true,
    0.003049135208129883,
    "Check fuzzy test report."
  ],
  "17": [
    [
      289
    ],
    true,
    false,
    "Check the pre-existing tests report."
  ],
  "18": [
    [
      392
    ],
    false,
    true,
    0.0014452934265136719,
    "Check fuzzy test report."
  ],
  "19": [
    [
      67
    ],
    false,
    true,
    0.00011014938354492188,
    "Check fuzzy test report."
  ],
  "20": [
    [
      53
    ],
    false,
    true,
    7.987022399902344e-05,
    "Check fuzzy test report."
  ],
  "21": [
    [
      407
    ],
    false,
    true,
    0.008157491683959961,
    "Check fuzzy test report."
  ],
  "22": [
    [
      20
    ],
    true,
    false,
    "Check the pre-existing tests report."
  ],
  "23": [
    [
      69
    ],
    false,
    true,
    0.00010609626770019531,
    "Check fuzzy test report."
  ],
  "24": [
    [
      29
    ],
    false,
    true,
    5.269050598144531e-05,
    "Check fuzzy test report."
  ],
  "25": [
    [
      90
    ],
    false,
    true,
    0.00015616416931152344,
    "Check fuzzy test report."
  ],
  "26": [
    [
      366
    ],
    false,
    true,
    0.006170749664306641,
    "Check fuzzy test report."
  ],
  "27": [
    [
      56
    ],
    true,
    false,
    "Check the pre-existing tests report."
  ],
  "28": [
    [
      43
    ],
    false,
    true,
    0.00011754035949707031,
    "Check fuzzy test report."
  ],
  "29": [
    [
      19
    ],
    false,
    true,
    0.0004029273986816406,
    "Check fuzzy test report."
  ],
  "30": [
    [
      94
    ],
    false,
    true,
    0.00096893310546875,
    "Check fuzzy test report."
  ],
  "31": [
    [
      66
    ],
    false,
    true,
    0.0001552104949951172,
    "Check fuzzy test report."
  ],
  "32": [
    [
      113
    ],
    true,
    false,
    "Check the pre-existing tests report."
  ],
  "33": [
    [
      475
    ],
    false,
    true,
    0.008836746215820312,
    "Check fuzzy test report."
  ],
  "34": [
    [
      33
    ],
    false,
    true,
    7.271766662597656e-05,
    "Check fuzzy test report."
  ],
  "35": [
    [
      116
    ],
    true,
    false,
    "Check the pre-existing tests report."
  ],
  "36": [
    [
      338
    ],
    true,
    false,
    "Check the pre-existing tests report."
  ],
  "37": [
    [
      84
    ],
    true,
    false,
    "Check the pre-existing tests report."
  ],
  "38": [
    [
      38
    ],
    false,
    true,
    0.0005352497100830078,
    "Check fuzzy test report."
  ],
  "39": [
    [
      59
    ],
    true,
    false,
    "Check the pre-existing tests report."
  ],
  "40": [
    [
      3
    ],
    false,
    true,
    2.86102294921875e-05,
    "Check fuzzy test report."
  ],
  "41": [
    [
      60
    ],
    true,
    false,
    "Check the pre-existing tests report."
  ],
  "42": [
    [
      279
    ],
    false,
    true,
    0.0007350444793701172,
    "Check fuzzy test report."
  ],
  "43": [
    [
      51
    ],
    false,
    true,
    0.0006148815155029297,
    "Check fuzzy test report."
  ],
  "44": [
    [
      445
    ],
    false,
    true,
    0.0013995170593261719,
    "Check fuzzy test report."
  ],
  "45": [
    [
      21
    ],
    true,
    false,
    "Check the pre-existing tests report."
  ],
  "46": [
    [
      464
    ],
    false,
    true,
    0.008092164993286133,
    "Check fuzzy test report."
  ],
  "47": [
    [
      34
    ],
    false,
    true,
    0.0004916191101074219,
    "Check fuzzy test report."
  ],
  "48": [
    [
      186
    ],
    false,
    true,
    0.0003819465637207031,
    "Check fuzzy test report."
  ],
  "49": [
    [
      47
    ],
    false,
    true,
    0.0006034374237060547,
    "Check fuzzy test report."
  ],
  "50": [
    [
      40
    ],
    false,
    true,
    0.0006079673767089844,
    "Check fuzzy test report."
  ],
  "51": [
    [
      73
    ],
    false,
    true,
    0.00011897087097167969,
    "Check fuzzy test report."
  ],
  "52": [
    [
      423
    ],
    false,
    true,
    0.007221221923828125,
    "Check fuzzy test report."
  ],
  "53": [
    [
      68
    ],
    true,
    false,
    "Check the pre-existing tests report."
  ],
  "54": [
    [
      85
    ],
    false,
    true,
    0.0008881092071533203,
    "Check fuzzy test report."
  ],
  "55": [
    [
      97
    ],
    false,
    true,
    0.0003695487976074219,
    "Check fuzzy test report."
  ],
  "56": [
    [
      95
    ],
    false,
    true,
    0.0010352134704589844,
    "Check fuzzy test report."
  ],
  "58": [
    [
      223
    ],
    false,
    true,
    0.00028514862060546875,
    "Check fuzzy test report."
  ],
  "59": [
    [
      39
    ],
    false,
    true,
    0.0005280971527099609,
    "Check fuzzy test report."
  ],
  "60": [
    [
      88
    ],
    false,
    true,
    0.0009310245513916016,
    "Check fuzzy test report."
  ],
  "61": [
    [
      74
    ],
    false,
    true,
    0.00021505355834960938,
    "Check fuzzy test report."
  ],
  "62": [
    [
      188
    ],
    false,
    true,
    0.0002779960632324219,
    "Check fuzzy test report."
  ],
  "63": [
    [
      18
    ],
    false,
    true,
    3.5762786865234375e-05,
    "Check fuzzy test report."
  ],
  "64": [
    [
      9
    ],
    false,
    true,
    0.0003337860107421875,
    "Check fuzzy test report."
  ],
  "65": [
    [
      35
    ],
    true,
    false,
    "Check the pre-existing tests report."
  ],
  "66": [
    [
      25
    ],
    false,
    true,
    4.863739013671875e-05,
    "Check fuzzy test report."
  ],
  "67": [
    [
      42
    ],
    true,
    false,
    "Check the pre-existing tests report."
  ],
  "68": [
    [
      76
    ],
    false,
    true,
    0.0002930164337158203,
    "Check fuzzy test report."
  ],
  "69": [
    [
      472
    ],
    false,
    true,
    0.002697467803955078,
    "Check fuzzy test report."
  ],
  "70": [
    [
      401
    ],
    false,
    true,
    0.0011739730834960938,
    "Check fuzzy test report."
  ],
  "71": [
    [
      78
    ],
    true,
    false,
    "Check the pre-existing tests report."
  ],
  "72": [
    [
      16
    ],
    false,
    true,
    0.0003902912139892578,
    "Check fuzzy test report."
  ],
  "73": [
    [
      41
    ],
    false,
    true,
    7.414817810058594e-05,
    "Check fuzzy test report."
  ],
  "74": [
    [
      96
    ],
    false,
    true,
    0.0010347366333007812,
    "Check fuzzy test report."
  ],
  "75": [
    [
      80
    ],
    false,
    true,
    0.00013828277587890625,
    "Check fuzzy test report."
  ],
  "76": [
    [
      257
    ],
    false,
    true,
    0.0006449222564697266,
    "Check fuzzy test report."
  ],