{
  "halstead_volume": 41.51317942364757,
  "cyclomatic_complexity": 4,
  "number_of_LLOC": 3,
  "percent_of_lines_of_comment": 66.66666666666666
}