{
  "halstead_volume": 56.472777613085164,
  "cyclomatic_complexity": 8,
  "number_of_LLOC": 8,
  "percent_of_lines_of_comment": 66.66666666666666
}