{
  "halstead_volume": 23.264662506490403,
  "cyclomatic_complexity": 3,
  "number_of_LLOC": 8,
  "percent_of_lines_of_comment": 71.42857142857143
}