{
  "halstead_volume": 70.32403072095333,
  "cyclomatic_complexity": 7,
  "number_of_LLOC": 19,
  "percent_of_lines_of_comment": 63.1578947368421
}