{
  "1": [
    [
      15,
      89,
      40,
      72
    ],
    false,
    true,
    0.0003504753112792969,
    "Check fuzzy test report."
  ],
  "2": [
    [
      10,
      59,
      18,
      36
    ],
    false,
    true,
    7.43865966796875e-05,
    "Check fuzzy test report."
  ],
  "3": [
    [
      27,
      95,
      49,
      51
    ],
    false,
    true,
    0.0002841949462890625,
    "Check fuzzy test report."
  ],
  "4": [
    [
      12,
      92,
      17,
      66
    ],
    false,
    true,
    0.00039315223693847656,
    "Check fuzzy test report."
  ],
  "5": [
    [
      63,
      70,
      4,
      5
    ],
    false,
    true,
    0.00025653839111328125,
    "Check fuzzy test report."
  ],
  "6": [
    [
      45,
      98,
      40,
      47
    ],
    false,
    true,
    7.891654968261719e-05,
    "Check fuzzy test report."
  ],
  "7": [
    [
      119,
      256,
      104,
      123
    ],
    false,
    true,
    0.0005686283111572266,
    "Check fuzzy test report."
  ],
  "8": [
    [
      17,
      72,
      50,
      51
    ],
    true,
    false,
    "Check the pre-existing tests report."
  ],
  "9": [
    [
      0,
      300,
      50,
      60
    ],
    true,
    false,
    "Check the pre-existing tests report."
  ],
  "10": [
    [
      16,
      60,
      16,
      39
    ],
    false,
    true,
    6.461143493652344e-05,
    "Check fuzzy test report."
  ],
  "11": [
    [
      24,
      97,
      10,
      36
    ],
    false,
    true,
    0.00023698806762695312,
    "Check fuzzy test report."
  ],
  "13": [
    [
      13,
      95,
      57,
      60
    ],
    false,
    true,
    3.1948089599609375e-05,
    "Check fuzzy test report."
  ],
  "14": [
    [
      10,
      74,
      6,
      8
    ],
    false,
    true,
    0.0002884864807128906,
    "Check fuzzy test report."
  ],
  "15": [
    [
      0,
      6,
      3,
      6
    ],
    true,
    false,
    "Check the pre-existing tests report."
  ],
  "16": [
    [
      15,
      86,
      51,
      60
    ],
    false,
    true,
    5.698204040527344e-05,
    "Check fuzzy test report."
  ],
  "17": [
    [
      22,
      95,
      52,
      55
    ],
    false,
    true,
    6.580352783203125e-05,
    "Check fuzzy test report."
  ],
  "18": [
    [
      11,
      83,
      13,
      66
    ],
    true,
    false,
    "Check the pre-existing tests report."
  ],
  "19": [
    [
      10,
      55,
      3,
      7
    ],
    false,
    true,
    0.00029277801513671875,
    "Check fuzzy test report."
  ],
  "21": [
    [
      100,
      295,
      136,
      160
    ],
    false,
    true,
    0.0004718303680419922,
    "Check fuzzy test report."
  ],
  "23": [
    [
      23,
      94,
      17,
      55
    ],
    false,
    true,
    0.0043070316314697266,
    "Check fuzzy test report."
  ],
  "24": [
    [
      12,
      92,
      42,
      77
    ],
    false,
    true,
    0.0004279613494873047,
    "Check fuzzy test report."
  ],
  "25": [
    [
      26,
      84,
      30,
      46
    ],
    false,
    true,
    0.000347137451171875,
    "Check fuzzy test report."
  ],
  "26": [
    [
      24,
      84,
      21,
      31
    ],
    false,
    true,
    0.000518798828125,
    "Check fuzzy test report."
  ],
  "27": [
    [
      13,
      99,
      26,
      29
    ],
    false,
    true,
    0.0003147125244140625,
    "Check fuzzy test report."
  ],
  "30": [
    [
      14,
      90,
      55,
      71
    ],
    false,
    true,
    0.0002987384796142578,
    "Check fuzzy test report."
  ],
  "31": [
    [
      11,
      83,
      37,
      60
    ],
    false,
    true,
    0.0001010894775390625,
    "Check fuzzy test report."
  ],
  "33": [
    [
      130,
      295,
      103,
      158
    ],
    false,
    true,
    0.0004229545593261719,
    "Check fuzzy test report."
  ],
  "34": [
    [
      200,
      300,
      10,
      50
    ],
    false,
    true,
    0.0015535354614257812,
    "Check fuzzy test report."
  ],
  "35": [
    [
      34,
      90,
      14,
      39
    ],
    false,
    true,
    0.00037860870361328125,
    "Check fuzzy test report."
  ],
  "36": [
    [
      124,
      283,
      115,
      134
    ],
    false,
    true,
    0.00025200843811035156,
    "Check fuzzy test report."
  ],
  "37": [
    [
      0,
      9,
      3,
      5
    ],
    false,
    true,
    1.6927719116210938e-05,
    "Check fuzzy test report."
  ],
  "38": [
    [
      18,
      87,
      38,
      60
    ],
    true,
    false,
    "Check the pre-existing tests report."
  ],
  "39": [
    [
      31,
      91,
      50,
      53
    ],
    true,
    false,
    "Check the pre-existing tests report."
  ],
  "40": [
    [
      0,
      5,
      3,
      5
    ],
    false,
    true,
    1.1444091796875e-05,
    "Check fuzzy test report."
  ],
  "41": [
    [
      1,
      7,
      3,
      4
    ],
    true,
    false,
    "Check the pre-existing tests report."
  ],
  "44": [
    [
      18,
      98,
      31,
      51
    ],
    false,
    true,
    0.00010037422180175781,
    "Check fuzzy test report."
  ],
  "45": [
    [
      70,
      140,
      3,
      60
    ],
    false,
    true,
    0.0014503002166748047,
    "Check fuzzy test report."
  ],
  "49": [
    [
      10,
      100,
      10,
      50
    ],
    false,
    true,
    0.0005300045013427734,
    "Check fuzzy test report."
  ],
  "50": [
    [
      36,
      92,
      10,
      35
    ],
    true,
    false,
    "Check the pre-existing tests report."
  ],
  "51": [
    [
      2,
      8,
      3,
      4
    ],
    true,
    false,
    "Check the pre-existing tests report."
  ],
  "53": [
    [
      1,
      299,
      3,
      10
    ],
    false,
    true,
    0.0002894401550292969,
    "Check fuzzy test report."
  ],
  "54": [
    [
      27,
      77,
      18,
      19
    ],
    true,
    false,
    "Check the pre-existing tests report."
  ],
  "55": [
    [
      10,
      75,
      10,
      20
    ],
    false,
    true,
    0.0003707408905029297,
    "Check fuzzy test report."
  ],
  "56": [
    [
      1,
      9,
      3,
      7
    ],
    false,
    true,
    0.00030493736267089844,
    "Check fuzzy test report."
  ],
  "57": [
    [
      16,
      94,
      39,
      52
    ],
    false,
    true,
    6.437301635742188e-05,
    "Check fuzzy test report."
  ],
  "58": [
    [
      125,
      283,
      109,
      126
    ],
    true,
    false,
    "Check the pre-existing tests report."
  ],
  "59": [
    [
      0,
      100,
      3,
      15
    ],
    false,
    true,
    0.00013685226440429688,
    "Check fuzzy test report."
  ],
  "60": [
    [
      23,
      82,
      32,
      34
    ],
    false,
    true,
    0.0002970695495605469,
    "Check fuzzy test report."
  ],
  "62": [
    [
      26,
      87,
      52,
      56
    ],
    false,
    true,
    1.8596649169921875e-05,
    "Check fuzzy test report."
  ],
  "63": [
    [
      33,
      85,
      26,
      31
    ],
    false,
    true,
    2.8848648071289062e-05,
    "Check fuzzy test report."
  ],
  "64": [
    [
      0,
      7,
      4,
      5
    ],
    true,
    false,
    "Check the pre-existing tests report."
  ],
  "65": [
    [
      15,
      95,
      20,
      66
    ],
    false,
    true,
    0.00025963783264160156,
    "Check fuzzy test report."
  ],
  "66": [
    [
      32,
      79,
      35,
      41
    ],
    false,
    true,
    2.2172927856445312e-05,
    "Check fuzzy test report."
  ],
  "67": [
    [
      65,
      99,
      26,
      33
    ],
    false,
    true,
    0.0003001689910888672,
    "Check fuzzy test report."
  ],
  "68": [
    [
      0,
      50,
      50,
      100
    ],
    true,
    false,
    "Check the pre-existing tests report."
  ],
  "69": [
    [
      11,
      96,
      45,
      52
    ],
    false,
    true,
    4.410743713378906e-05,
    "Check fuzzy test report."
  ],