{
  "halstead_volume": 39.863137138648355,
  "cyclomatic_complexity": 5,
  "number_of_LLOC": 11,
  "percent_of_lines_of_comment": 72.72727272727273
}