{
  "halstead_volume": 118.59257041502654,
  "cyclomatic_complexity": 3,
  "number_of_LLOC": 9,
  "percent_of_lines_of_comment": 44.44444444444444
}