{
  "halstead_volume": 55.506595772116384,
  "cyclomatic_complexity": 7,
  "number_of_LLOC": 14,
  "percent_of_lines_of_comment": 64.28571428571429
}