{
  "halstead_volume": 142.7018117963935,
  "cyclomatic_complexity": 11,
  "number_of_LLOC": 26,
  "percent_of_lines_of_comment": 3.8461538461538463
}