{
  "halstead_volume": 51.80615605397529,
  "cyclomatic_complexity": 8,
  "number_of_LLOC": 13,
  "percent_of_lines_of_comment": 16.666666666666664
}