{
  "halstead_volume": 64.52932501298082,
  "cyclomatic_complexity": 5,
  "number_of_LLOC": 15,
  "percent_of_lines_of_comment": 7.142857142857142
}