{
  "2": [
    [
      10,
      59,
      18,
      36
    ],
    false,
    true,
    0.0003333091735839844,
    "Check fuzzy test report."
  ],
  "3": [
    [
      27,
      95,
      49,
      51
    ],
    false,
    true,
    0.0003123283386230469,
    "Check fuzzy test report."
  ],
  "4": [
    [
      12,
      92,
      17,
      66
    ],
    false,
    true,
    0.00022840499877929688,
    "Check fuzzy test report."
  ],
  "6": [
    [
      45,
      98,
      40,
      47
    ],
    false,
    true,
    2.3365020751953125e-05,
    "Check fuzzy test report."
  ],
  "8": [
    [
      17,
      72,
      50,
      51
    ],
    false,
    true,
    0.000263214111328125,
    "Check fuzzy test report."
  ],
  "9": [
    [
      0,
      300,
      50,
      60
    ],
    false,
    true,
    0.0003273487091064453,
    "Check fuzzy test report."
  ],
  "11": [
    [
      24,
      97,
      10,
      36
    ],
    false,
    true,
    0.00014591217041015625,
    "Check fuzzy test report."
  ],
  "12": [
    [
      62,
      88,
      18,
      21
    ],
    false,
    true,
    1.6927719116210938e-05,
    "Check fuzzy test report."
  ],
  "13": [
    [
      13,
      95,
      57,
      60
    ],
    false,
    true,
    2.2649765014648438e-05,
    "Check fuzzy test report."
  ],
  "14": [
    [
      10,
      74,
      6,
      8
    ],
    false,
    true,
    2.47955322265625e-05,
    "Check fuzzy test report."
  ],
  "15": [
    [
      0,
      6,
      3,
      6
    ],
    false,
    true,
    2.4080276489257812e-05,
    "Check fuzzy test report."
  ],
  "16": [
    [
      15,
      86,
      51,
      60
    ],
    false,
    true,
    0.00030803680419921875,
    "Check fuzzy test report."
  ],
  "17": [
    [
      22,
      95,
      52,
      55
    ],
    false,
    true,
    0.0002720355987548828,
    "Check fuzzy test report."
  ],
  "18": [
    [
      11,
      83,
      13,
      66
    ],
    true,
    false,
    "Check the pre-existing tests report."
  ],
  "19": [
    [
      10,
      55,
      3,
      7
    ],
    false,
    true,
    0.00011849403381347656,
    "Check fuzzy test report."
  ],
  "21": [
    [
      100,
      295,
      136,
      160
    ],
    false,
    true,
    0.0004353523254394531,
    "Check fuzzy test report."
  ],
  "22": [
    [
      100,
      200,
      5,
      10
    ],
    false,
    true,
    0.0005156993865966797,
    "Check fuzzy test report."
  ],
  "23": [
    [
      23,
      94,
      17,
      55
    ],
    true,
    false,
    "Check the pre-existing tests report."
  ],
  "24": [
    [
      12,
      92,
      42,
      77
    ],
    false,
    true,
    0.0003705024719238281,
    "Check fuzzy test report."
  ],
  "25": [
    [
      26,
      84,
      30,
      46
    ],
    false,
    true,
    0.0003292560577392578,
    "Check fuzzy test report."
  ],
  "26": [
    [
      24,
      84,
      21,
      31
    ],
    false,
    true,
    5.14984130859375e-05,
    "Check fuzzy test report."
  ],
  "27": [
    [
      13,
      99,
      26,
      29
    ],
    false,
    true,
    6.031990051269531e-05,
    "Check fuzzy test report."
  ],
  "28": [
    [
      32,
      71,
      21,
      32
    ],
    false,
    true,
    0.0003256797790527344,
    "Check fuzzy test report."
  ],
  "29": [
    [
      15,
      94,
      18,
      73
    ],
    true,
    false,
    "Check the pre-existing tests report."
  ],
  "30": [
    [
      14,
      90,
      55,
      71
    ],
    false,
    true,
    7.843971252441406e-05,
    "Check fuzzy test report."
  ],
  "31": [
    [
      11,
      83,
      37,
      60
    ],
    true,
    false,
    "Check the pre-existing tests report."
  ],
  "32": [
    [
      16,
      77,
      43,
      47
    ],
    true,
    false,
    "Check the pre-existing tests report."
  ],
  "33": [
    [
      130,
      295,
      103,
      158
    ],
    false,
    true,
    0.0005025863647460938,
    "Check fuzzy test report."
  ],
  "34": [
    [
      200,
      300,
      10,
      50
    ],
    false,
    true,
    0.0004067420959472656,
    "Check fuzzy test report."
  ],
  "35": [
    [
      34,
      90,
      14,
      39
    ],
    false,
    true,
    9.679794311523438e-05,
    "Check fuzzy test report."
  ],
  "36": [
    [
      124,
      283,
      115,
      134
    ],
    true,
    false,
    "Check the pre-existing tests report."
  ],
  "37": [
    [
      0,
      9,
      3,
      5
    ],
    true,
    false,
    "Check the pre-existing tests report."
  ],
  "38": [
    [
      18,
      87,
      38,
      60
    ],
    true,
    false,
    "Check the pre-existing tests report."
  ],
  "39": [
    [
      31,
      91,
      50,
      53
    ],
    true,
    false,
    "Check the pre-existing tests report."
  ],
  "41": [
    [
      1,
      7,
      3,
      4
    ],
    false,
    true,
    1.5735626220703125e-05,
    "Check fuzzy test report."
  ],
  "43": [
    [
      41,
      89,
      23,
      38
    ],
    true,
    false,
    "Check the pre-existing tests report."
  ],
  "44": [
    [
      18,
      98,
      31,
      51
    ],
    false,
    true,
    0.0006718635559082031,
    "Check fuzzy test report."
  ],
  "45": [
    [
      70,
      140,
      3,
      60
    ],
    true,
    false,
    "Check the pre-existing tests report."
  ],
  "46": [
    [
      11,
      97,
      29,
      62
    ],
    false,
    true,
    0.00016069412231445312,
    "Check fuzzy test report."
  ],
  "47": [
    [
      39,
      94,
      14,
      52
    ],
    false,
    true,
    0.0001220703125,
    "Check fuzzy test report."
  ],
  "48": [
    [
      155,
      283,
      104,
      120
    ],
    false,
    true,
    0.0003228187561035156,
    "Check fuzzy test report."
  ],
  "49": [
    [
      10,
      100,
      10,
      50
    ],
    false,
    true,
    0.00035119056701660156,
    "Check fuzzy test report."
  ],
  "50": [
    [
      36,
      92,
      10,
      35
    ],
    true,
    false,
    "Check the pre-existing tests report."
  ],
  "51": [
    [
      2,
      8,
      3,
      4
    ],
    false,
    true,
    2.6941299438476562e-05,
    "Check fuzzy test report."
  ],
  "52": [
    [
      44,
      99,
      13,
      42
    ],
    false,
    true,
    0.00014662742614746094,
    "Check fuzzy test report."
  ],
  "53": [
    [
      1,
      299,
      3,
      10
    ],
    true,
    false,
    "Check the pre-existing tests report."
  ],
  "54": [
    [
      27,
      77,
      18,
      19
    ],
    false,
    true,
    2.384185791015625e-05,
    "Check fuzzy test report."
  ],
  "55": [
    [
      10,
      75,
      10,
      20
    ],
    true,
    false,
    "Check the pre-existing tests report."
  ],
  "56": [
    [
      1,
      9,
      3,
      7
    ],
    true,
    false,
    "Check the pre-existing tests report."
  ],
  "57": [
    [
      16,
      94,
      39,
      52
    ],
    false,
    true,
    0.00011801719665527344,
    "Check fuzzy test report."
  ],
  "58": [
    [
      125,
      283,
      109,
      126
    ],
    false,
    true,
    0.000213623046875,
    "Check fuzzy test report."
  ],
  "59": [
    [
      0,
      100,
      3,
      15
    ],
    false,
    true,
    0.00011348724365234375,
    "Check fuzzy test report."
  ],
  "60": [
    [
      23,
      82,
      32,
      34
    ],
    false,
    true,
    2.8848648071289062e-05,
    "Check fuzzy test report."
  ],
  "61": [
    [
      0,
      30,
      20,
      30
    ],
    false,
    true,
    0.0002677440643310547,
    "Check fuzzy test report."
  ],
  "62": [
    [
      26,
      87,
      52,
      56
    ],
    false,
    true,
    0.00029015541076660156,
    "Check fuzzy test report."
  ],
  "64": [
    [
      0,
      7,
      4,
      5
    ],
    false,
    true,
    0.00028252601623535156,
    "Check fuzzy test report."
  ],