{
  "halstead_volume": 55.506595772116384,
  "cyclomatic_complexity": 6,
  "number_of_LLOC": 13,
  "percent_of_lines_of_comment": 84.61538461538461
}