{
  "15": [
    [
      0,
      4
    ],
    false,
    true,
    1.239776611328125e-05,
    "Check fuzzy test report."
  ],
  "19": [
    [
      1,
      4
    ],
    false,
    true,
    1.71661376953125e-05,
    "Check fuzzy test report."
  ],
  "40": [
    [
      0,
      3
    ],
    false,
    true,
    2.1696090698242188e-05,
    "Check fuzzy test report."
  ],
  "53": [
    [
      200,
      202
    ],
    false,
    true,
    3.62396240234375e-05,
    "Check fuzzy test report."
  ],
  "55": [
    [
      10,
      12
    ],
    false,
    true,
    1.4543533325195312e-05,
    "Check fuzzy test report."
  ],
  "66": [
    [
      11,
      76
    ],
    false,
    true,
    6.437301635742188e-05,
    "Check fuzzy test report."
  ],
  "91": [
    [
      0,
      6
    ],
    false,
    true,
    1.9311904907226562e-05,
    "Check fuzzy test report."
  ],
  "92": [
    [
      0,
      2
    ],
    false,
    true,
    1.049041748046875e-05,
    "Check fuzzy test report."
  ]
}