{
  "halstead_volume": 110.36149671375918,
  "cyclomatic_complexity": 3,
  "number_of_LLOC": 9,
  "percent_of_lines_of_comment": 44.44444444444444
}