{
  "1": [
    [
      31,
      72
    ],
    false,
    true,
    3.910064697265625e-05,
    "Check fuzzy test report."
  ],
  "2": [
    [
      15,
      39
    ],
    false,
    true,
    5.316734313964844e-05,
    "Check fuzzy test report."
  ],
  "3": [
    [
      62,
      92
    ],
    false,
    true,
    "LLM's code raised exception:can only concatenate list (not \"int\") to list"
  ],
  "4": [
    [
      12,
      92
    ],
    false,
    true,
    0.00010848045349121094,
    "Check fuzzy test report."
  ],
  "5": [
    [
      8,
      9
    ],
    false,
    true,
    1.1205673217773438e-05,
    "Check fuzzy test report."
  ],
  "6": [
    [
      10,
      66
    ],
    false,
    true,
    7.987022399902344e-05,
    "Check fuzzy test report."
  ],
  "7": [
    [
      661,
      924
    ],
    false,
    true,
    0.0006718635559082031,
    "Check fuzzy test report."
  ],
  "8": [
    [
      23,
      23
    ],
    false,
    true,
    7.414817810058594e-05,
    "Check fuzzy test report."
  ],
  "9": [
    [
      70,
      200
    ],
    false,
    true,
    0.00019788742065429688,
    "Check fuzzy test report."
  ],
  "10": [
    [
      25,
      59
    ],
    false,
    true,
    3.4809112548828125e-05,
    "Check fuzzy test report."
  ],
  "11": [
    [
      37,
      51
    ],
    false,
    true,
    2.6226043701171875e-05,
    "Check fuzzy test report."
  ],
  "12": [
    [
      14,
      64
    ],
    false,
    true,
    2.5033950805664062e-05,
    "Check fuzzy test report."
  ],
  "13": [
    [
      25,
      87
    ],
    false,
    true,
    2.5510787963867188e-05,
    "Check fuzzy test report."
  ],
  "14": [
    [
      5,
      7
    ],
    false,
    true,
    2.1457672119140625e-05,
    "Check fuzzy test report."
  ],
  "15": [
    [
      2,
      2
    ],
    false,
    true,
    3.4332275390625e-05,
    "Check fuzzy test report."
  ],
  "16": [
    [
      33,
      36
    ],
    false,
    true,
    2.5272369384765625e-05,
    "Check fuzzy test report."
  ],
  "17": [
    [
      62,
      78
    ],
    false,
    true,
    "LLM's code raised exception:can only concatenate list (not \"int\") to list"
  ],
  "18": [
    [
      35,
      49
    ],
    false,
    true,
    1.2874603271484375e-05,
    "Check fuzzy test report."
  ],
  "19": [
    [
      3,
      5
    ],
    false,
    true,
    4.1484832763671875e-05,
    "Check fuzzy test report."
  ],
  "20": [
    [
      56,
      66
    ],
    false,
    true,
    2.5033950805664062e-05,
    "Check fuzzy test report."
  ],
  "21": [
    [
      639,
      975
    ],
    false,
    true,
    "LLM's code raised exception:'in <string>' requires string as left operand, not int"
  ],
  "22": [
    [
      40,
      200
    ],
    false,
    true,
    0.0001270771026611328,
    "Check fuzzy test report."
  ],
  "23": [
    [
      52,
      71
    ],
    false,
    true,
    7.653236389160156e-05,
    "Check fuzzy test report."
  ],
  "24": [
    [
      74,
      95
    ],
    false,
    true,
    0.00010943412780761719,
    "Check fuzzy test report."
  ],
  "25": [
    [
      29,
      93
    ],
    false,
    true,
    6.270408630371094e-05,
    "Check fuzzy test report."
  ],
  "26": [
    [
      62,
      99
    ],
    false,
    true,
    4.792213439941406e-05,
    "Check fuzzy test report."
  ],
  "27": [
    [
      66,
      93
    ],
    false,
    true,
    9.655952453613281e-05,
    "Check fuzzy test report."
  ],
  "28": [
    [
      62,
      63
    ],
    false,
    true,
    8.106231689453125e-05,
    "Check fuzzy test report."
  ],
  "29": [
    [
      59,
      97
    ],
    false,
    true,
    0.0001227855682373047,
    "Check fuzzy test report."
  ],
  "30": [
    [
      55,
      98
    ],
    false,
    true,
    4.220008850097656e-05,
    "Check fuzzy test report."
  ],
  "31": [
    [
      75,
      88
    ],
    false,
    true,
    4.601478576660156e-05,
    "Check fuzzy test report."
  ],
  "32": [
    [
      21,
      97
    ],
    false,
    true,
    "LLM's code raised exception:'in <string>' requires string as left operand, not int"
  ],
  "33": [
    [
      667,
      774
    ],
    false,
    true,
    0.0002636909484863281,
    "Check fuzzy test report."
  ],
  "34": [
    [
      60,
      200
    ],
    false,
    true,
    0.00014162063598632812,
    "Check fuzzy test report."
  ],
  "35": [
    [
      30,
      48
    ],
    false,
    true,
    3.0040740966796875e-05,
    "Check fuzzy test report."
  ],
  "36": [
    [
      246,
      750
    ],
    false,
    true,
    0.0007486343383789062,
    "Check fuzzy test report."
  ],
  "37": [
    [
      1,
      5
    ],
    false,
    true,
    "LLM's code raised exception:'in <string>' requires string as left operand, not int"
  ],
  "38": [
    [
      22,
      63
    ],
    false,
    true,
    2.8371810913085938e-05,
    "Check fuzzy test report."
  ],
  "39": [
    [
      20,
      30
    ],
    false,
    true,
    3.3855438232421875e-05,
    "Check fuzzy test report."
  ],
  "40": [
    [
      0,
      1
    ],
    false,
    true,
    2.6226043701171875e-05,
    "Check fuzzy test report."
  ],
  "41": [
    [
      6,
      6
    ],
    false,
    true,
    "LLM's code raised exception:unsupported operand type(s) for &: 'list' and 'list'"
  ],
  "42": [
    [
      29,
      79
    ],
    false,
    true,
    4.9591064453125e-05,
    "Check fuzzy test report."
  ],
  "43": [
    [
      68,
      86
    ],
    false,
    true,
    3.7670135498046875e-05,
    "Check fuzzy test report."
  ],
  "44": [
    [
      13,
      68
    ],
    false,
    true,
    0.00016760826110839844,
    "Check fuzzy test report."
  ],
  "45": [
    [
      30,
      200
    ],
    false,
    true,
    0.0001895427703857422,
    "Check fuzzy test report."
  ],
  "46": [
    [
      30,
      87
    ],
    false,
    true,
    6.222724914550781e-05,
    "Check fuzzy test report."
  ],
  "47": [
    [
      37,
      76
    ],
    false,
    true,
    3.170967102050781e-05,
    "Check fuzzy test report."
  ],
  "48": [
    [
      533,
      605
    ],
    false,
    true,
    0.00045180320739746094,
    "Check fuzzy test report."
  ],
  "49": [
    [
      80,
      200
    ],
    false,
    true,
    0.00019216537475585938,
    "Check fuzzy test report."
  ],
  "50": [
    [
      70,
      84
    ],
    false,
    true,
    1.5497207641601562e-05,
    "Check fuzzy test report."
  ],
  "51": [
    [
      0,
      2
    ],
    false,
    true,
    2.3126602172851562e-05,
    "Check fuzzy test report."
  ],
  "52": [
    [
      28,
      38
    ],
    false,
    true,
    0.00016832351684570312,
    "Check fuzzy test report."
  ],
  "53": [
    [
      200,
      200
    ],
    false,
    true,
    0.0002944469451904297,
    "Check fuzzy test report."
  ],
  "54": [
    [
      34,
      55
    ],
    false,
    true,
    6.008148193359375e-05,
    "Check fuzzy test report."
  ],
  "55": [
    [
      9,
      9
    ],
    false,
    true,
    1.6450881958007812e-05,
    "Check fuzzy test report."
  ],
  "56": [
    [
      1,
      8
    ],
    false,
    true,
    5.793571472167969e-05,
    "Check fuzzy test report."
  ],
  "57": [
    [
      27,
      55
    ],
    false,
    true,
    "LLM's code raised exception:'in <string>' requires string as left operand, not int"
  ],
  "58": [
    [
      209,
      556
    ],
    false,
    true,
    0.0005767345428466797,
    "Check fuzzy test report."
  ],
  "59": [
    [
      0,
      8
    ],
    false,
    true,
    4.315376281738281e-05,
    "Check fuzzy test report."
  ],
  "60": [
    [
      75,
      85
    ],
    false,
    true,
    0.00010704994201660156,
    "Check fuzzy test report."
  ],
  "61": [
    [
      0,
      6
    ],
    false,
    true,
    1.9073486328125e-05,
    "Check fuzzy test report."
  ],