{
  "halstead_volume": 41.51317942364757,
  "cyclomatic_complexity": 6,
  "number_of_LLOC": 12,
  "percent_of_lines_of_comment": 83.33333333333334
}