{
  "halstead_volume": 102.1865710312585,
  "cyclomatic_complexity": 6,
  "number_of_LLOC": 9,
  "percent_of_lines_of_comment": 77.77777777777779
}