{
  "halstead_volume": 62.26976913547136,
  "cyclomatic_complexity": 5,
  "number_of_LLOC": 15,
  "percent_of_lines_of_comment": 7.142857142857142
}