{
  "halstead_volume": 25.26619429851844,
  "cyclomatic_complexity": 4,
  "number_of_LLOC": 9,
  "percent_of_lines_of_comment": 33.33333333333333
}