{
  "halstead_volume": 125.09775004326937,
  "cyclomatic_complexity": 6,
  "number_of_LLOC": 17,
  "percent_of_lines_of_comment": 29.411764705882355
}