{
  "halstead_volume": 22.458839376460833,
  "cyclomatic_complexity": 4,
  "number_of_LLOC": 12,
  "percent_of_lines_of_comment": 54.54545454545454
}