{
  "halstead_volume": 66.60791492653966,
  "cyclomatic_complexity": 6,
  "number_of_LLOC": 7,
  "percent_of_lines_of_comment": 71.42857142857143
}