{
  "halstead_volume": 110.36149671375918,
  "cyclomatic_complexity": 8,
  "number_of_LLOC": 21,
  "percent_of_lines_of_comment": 19.047619047619047
}