{
  "halstead_volume": 51.89147427955947,
  "cyclomatic_complexity": 4,
  "number_of_LLOC": 9,
  "percent_of_lines_of_comment": 22.22222222222222
}