{
  "halstead_volume": 127.43782540330756,
  "cyclomatic_complexity": 9,
  "number_of_LLOC": 14,
  "percent_of_lines_of_comment": 28.57142857142857
}