{
  "halstead_volume": 38.03910001730775,
  "cyclomatic_complexity": 2,
  "number_of_LLOC": 8,
  "percent_of_lines_of_comment": 66.66666666666666
}