{
  "halstead_volume": 47.548875021634686,
  "cyclomatic_complexity": 8,
  "number_of_LLOC": 8,
  "percent_of_lines_of_comment": 66.66666666666666
}