{
  "halstead_volume": 28.529325012980813,
  "cyclomatic_complexity": 6,
  "number_of_LLOC": 13,
  "percent_of_lines_of_comment": 15.384615384615385
}