{
  "halstead_volume": 137.5488750216347,
  "cyclomatic_complexity": 6,
  "number_of_LLOC": 11,
  "percent_of_lines_of_comment": 27.27272727272727
}