{
  "8": [
    [
      23,
      23
    ],
    false,
    true,
    3.361701965332031e-05,
    "Check fuzzy test report."
  ],
  "13": [
    [
      25,
      87
    ],
    false,
    true,
    2.6226043701171875e-05,
    "Check fuzzy test report."
  ],
  "15": [
    [
      2,
      2
    ],
    false,
    true,
    8.58306884765625e-06,
    "Check fuzzy test report."
  ],
  "40": [
    [
      0,
      1
    ],
    false,
    true,
    2.4318695068359375e-05,
    "Check fuzzy test report."
  ],
  "52": [
    [
      28,
      38
    ],
    false,
    false,
    "No Python function was generated."
  ],
  "53": [
    [
      200,
      200
    ],
    false,
    true,
    7.009506225585938e-05,
    "Check fuzzy test report."
  ],
  "55": [
    [
      9,
      9
    ],
    false,
    true,
    3.0994415283203125e-05,
    "Check fuzzy test report."
  ],
  "58": [
    [
      209,
      556
    ],
    false,
    true,
    8.630752563476562e-05,
    "Check fuzzy test report."
  ],
  "78": [
    [
      43,
      51
    ],
    false,
    true,
    3.0517578125e-05,
    "Check fuzzy test report."
  ],
  "79": [
    [
      4,
      4
    ],
    false,
    true,
    2.4318695068359375e-05,
    "Check fuzzy test report."
  ],
  "88": [
    [
      4,
      8
    ],
    false,
    true,
    1.5735626220703125e-05,
    "Check fuzzy test report."
  ],
  "89": [
    [
      56,
      82
    ],
    false,
    true,
    9.5367431640625e-06,
    "Check fuzzy test report."
  ],
  "92": [
    [
      0,
      0
    ],
    false,
    true,
    1.1205673217773438e-05,
    "Check fuzzy test report."
  ]
}