{
  "halstead_volume": 89.92418250750748,
  "cyclomatic_complexity": 4,
  "number_of_LLOC": 6,
  "percent_of_lines_of_comment": 83.33333333333334
}