{
  "32": [
    [
      21,
      97
    ],
    false,
    true,
    2.6226043701171875e-06,
    "Check fuzzy test report."
  ],
  "56": [
    [
      0,
      0
    ],
    false,
    true,
    6.9141387939453125e-06,
    "Check fuzzy test report."
  ],
  "57": [
    [
      27,
      55
    ],
    false,
    true,
    2.288818359375e-05,
    "Check fuzzy test report."
  ],
  "81": [
    [
      10,
      100
    ],
    false,
    true,
    1.33514404296875e-05,
    "Check fuzzy test report."
  ]
}