{
  "1": [
    [
      17,
      88
    ],
    false,
    true,
    3.457069396972656e-05,
    "Check fuzzy test report."
  ],
  "3": [
    [
      56,
      88
    ],
    false,
    true,
    4.839897155761719e-05,
    "Check fuzzy test report."
  ],
  "4": [
    [
      49,
      74
    ],
    false,
    true,
    2.574920654296875e-05,
    "Check fuzzy test report."
  ],
  "5": [
    [
      2,
      8
    ],
    false,
    true,
    1.9788742065429688e-05,
    "Check fuzzy test report."
  ],
  "6": [
    [
      20,
      93
    ],
    false,
    true,
    9.560585021972656e-05,
    "Check fuzzy test report."
  ],
  "7": [
    [
      10,
      97
    ],
    false,
    true,
    0.00011444091796875,
    "Check fuzzy test report."
  ],
  "8": [
    [
      45,
      48
    ],
    false,
    true,
    1.3589859008789062e-05,
    "Check fuzzy test report."
  ],
  "9": [
    [
      70,
      200
    ],
    false,
    true,
    0.0003173351287841797,
    "Check fuzzy test report."
  ],
  "10": [
    [
      36,
      54
    ],
    false,
    true,
    2.1219253540039062e-05,
    "Check fuzzy test report."
  ],
  "11": [
    [
      48,
      76
    ],
    false,
    true,
    3.933906555175781e-05,
    "Check fuzzy test report."
  ],
  "12": [
    [
      16,
      87
    ],
    false,
    true,
    8.0108642578125e-05,
    "Check fuzzy test report."
  ],
  "13": [
    [
      46,
      91
    ],
    false,
    true,
    5.054473876953125e-05,
    "Check fuzzy test report."
  ],
  "14": [
    [
      2,
      5
    ],
    false,
    true,
    1.7881393432617188e-05,
    "Check fuzzy test report."
  ],
  "15": [
    [
      0,
      4
    ],
    false,
    true,
    1.2874603271484375e-05,
    "Check fuzzy test report."
  ],
  "16": [
    [
      90,
      97
    ],
    false,
    true,
    3.147125244140625e-05,
    "Check fuzzy test report."
  ],
  "17": [
    [
      73,
      84
    ],
    false,
    true,
    2.002716064453125e-05,
    "Check fuzzy test report."
  ],
  "19": [
    [
      1,
      4
    ],
    false,
    true,
    1.3113021850585938e-05,
    "Check fuzzy test report."
  ],
  "20": [
    [
      27,
      96
    ],
    false,
    true,
    6.246566772460938e-05,
    "Check fuzzy test report."
  ],
  "21": [
    [
      15,
      57
    ],
    false,
    true,
    4.267692565917969e-05,
    "Check fuzzy test report."
  ],
  "22": [
    [
      40,
      200
    ],
    false,
    true,
    8.940696716308594e-05,
    "Check fuzzy test report."
  ],
  "24": [
    [
      13,
      91
    ],
    false,
    true,
    6.389617919921875e-05,
    "Check fuzzy test report."
  ],
  "25": [
    [
      37,
      43
    ],
    false,
    true,
    1.5974044799804688e-05,
    "Check fuzzy test report."
  ],
  "26": [
    [
      68,
      99
    ],
    false,
    true,
    4.172325134277344e-05,
    "Check fuzzy test report."
  ],
  "27": [
    [
      86,
      89
    ],
    false,
    true,
    2.0742416381835938e-05,
    "Check fuzzy test report."
  ],
  "28": [
    [
      86,
      99
    ],
    false,
    true,
    3.647804260253906e-05,
    "Check fuzzy test report."
  ],
  "29": [
    [
      70,
      98
    ],
    false,
    true,
    5.793571472167969e-05,
    "Check fuzzy test report."
  ],
  "30": [
    [
      22,
      24
    ],
    false,
    true,
    1.4066696166992188e-05,
    "Check fuzzy test report."
  ],
  "31": [
    [
      33,
      78
    ],
    false,
    true,
    3.981590270996094e-05,
    "Check fuzzy test report."
  ],
  "32": [
    [
      86,
      90
    ],
    false,
    true,
    2.3365020751953125e-05,
    "Check fuzzy test report."
  ],
  "33": [
    [
      13,
      35
    ],
    false,
    true,
    1.7881393432617188e-05,
    "Check fuzzy test report."
  ],
  "34": [
    [
      60,
      200
    ],
    false,
    true,
    0.00014328956604003906,
    "Check fuzzy test report."
  ],
  "35": [
    [
      77,
      84
    ],
    false,
    true,
    1.3589859008789062e-05,
    "Check fuzzy test report."
  ],
  "36": [
    [
      110,
      348
    ],
    false,
    true,
    0.0004818439483642578,
    "Check fuzzy test report."
  ],
  "37": [
    [
      2,
      7
    ],
    false,
    true,
    1.52587890625e-05,
    "Check fuzzy test report."
  ],
  "38": [
    [
      36,
      85
    ],
    false,
    true,
    7.367134094238281e-05,
    "Check fuzzy test report."
  ],
  "39": [
    [
      44,
      91
    ],
    false,
    true,
    6.556510925292969e-05,
    "Check fuzzy test report."
  ],
  "40": [
    [
      0,
      3
    ],
    false,
    true,
    1.1444091796875e-05,
    "Check fuzzy test report."
  ],
  "41": [
    [
      3,
      8
    ],
    false,
    true,
    8.821487426757812e-06,
    "Check fuzzy test report."
  ],
  "42": [
    [
      18,
      60
    ],
    false,
    true,
    4.7206878662109375e-05,
    "Check fuzzy test report."
  ],
  "43": [
    [
      10,
      28
    ],
    false,
    true,
    1.430511474609375e-05,
    "Check fuzzy test report."
  ],
  "44": [
    [
      36,
      52
    ],
    false,
    true,
    3.0517578125e-05,
    "Check fuzzy test report."
  ],
  "46": [
    [
      10,
      79
    ],
    false,
    true,
    7.462501525878906e-05,
    "Check fuzzy test report."
  ],
  "47": [
    [
      29,
      53
    ],
    false,
    true,
    4.291534423828125e-05,
    "Check fuzzy test report."
  ],
  "48": [
    [
      933,
      996
    ],
    false,
    true,
    0.008533000946044922,
    "Check fuzzy test report."
  ],
  "49": [
    [
      80,
      200
    ],
    false,
    true,
    2.5033950805664062e-05,
    "Check fuzzy test report."
  ],
  "51": [
    [
      6,
      9
    ],
    false,
    true,
    1.4066696166992188e-05,
    "Check fuzzy test report."
  ],
  "52": [
    [
      38,
      81
    ],
    false,
    true,
    4.839897155761719e-05,
    "Check fuzzy test report."
  ],
  "53": [
    [
      200,
      202
    ],
    false,
    true,
    2.2172927856445312e-05,
    "Check fuzzy test report."
  ],
  "54": [
    [
      35,
      64
    ],
    false,
    true,
    1.71661376953125e-05,
    "Check fuzzy test report."
  ],
  "55": [
    [
      10,
      12
    ],
    false,
    true,
    1.430511474609375e-05,
    "Check fuzzy test report."
  ],
  "58": [
    [
      275,
      871
    ],
    false,
    true,
    0.006824016571044922,
    "Check fuzzy test report."
  ],
  "59": [
    [
      0,
      10
    ],
    false,
    true,
    1.9550323486328125e-05,
    "Check fuzzy test report."
  ],
  "60": [
    [
      38,
      52
    ],
    false,
    true,
    3.123283386230469e-05,
    "Check fuzzy test report."
  ],
  "61": [
    [
      0,
      8
    ],
    false,
    true,
    1.0967254638671875e-05,
    "Check fuzzy test report."
  ],
  "62": [
    [
      50,
      92
    ],
    false,
    true,
    9.894371032714844e-05,
    "Check fuzzy test report."
  ],
  "63": [
    [
      81,
      86
    ],
    false,
    true,
    2.4557113647460938e-05,
    "Check fuzzy test report."
  ],
  "64": [
    [
      0,
      5
    ],
    false,
    true,
    8.821487426757812e-06,
    "Check fuzzy test report."
  ],
  "65": [
    [
      51,
      76
    ],
    false,
    true,
    4.076957702636719e-05,
    "Check fuzzy test report."
  ],
  "66": [
    [
      11,
      76
    ],
    false,
    true,
    6.628036499023438e-05,
    "Check fuzzy test report."
  ],
  "68": [
    [
      0,
      9
    ],
    false,
    true,
    1.0251998901367188e-05,
    "Check fuzzy test report."
  ],
  "69": [
    [
      39,
      43
    ],
    false,
    true,
    2.3365020751953125e-05,
    "Check fuzzy test report."
  ],
  "70": [
    [
      43,
      70
    ],
    false,
    true,
    1.239776611328125e-05,
    "Check fuzzy test report."
  ],
  "71": [
    [
      20,
      35
    ],
    false,
    true,
    4.410743713378906e-05,
    "Check fuzzy test report."
  ],