{
  "halstead_volume": 23.264662506490403,
  "cyclomatic_complexity": 3,
  "number_of_LLOC": 12,
  "percent_of_lines_of_comment": 16.666666666666664
}