{
  "halstead_volume": 328.27411308447785,
  "cyclomatic_complexity": 4,
  "number_of_LLOC": 31,
  "percent_of_lines_of_comment": 3.3333333333333335
}