{
  "halstead_volume": 115.94522208456974,
  "cyclomatic_complexity": 6,
  "number_of_LLOC": 12,
  "percent_of_lines_of_comment": 41.66666666666667
}