{
  "halstead_volume": 73.57433114250613,
  "cyclomatic_complexity": 2,
  "number_of_LLOC": 7,
  "percent_of_lines_of_comment": 42.857142857142854
}