{
  "halstead_volume": 74.23092131656186,
  "cyclomatic_complexity": 4,
  "number_of_LLOC": 6,
  "percent_of_lines_of_comment": 66.66666666666666
}