{
  "1": [
    [
      15,
      89,
      40,
      72
    ],
    true,
    false,
    "Check the pre-existing tests report."
  ],
  "2": [
    [
      10,
      59,
      18,
      36
    ],
    false,
    true,
    0.0003521442413330078,
    "Check fuzzy test report."
  ],
  "3": [
    [
      27,
      95,
      49,
      51
    ],
    false,
    true,
    2.8371810913085938e-05,
    "Check fuzzy test report."
  ],
  "4": [
    [
      12,
      92,
      17,
      66
    ],
    false,
    true,
    0.00026869773864746094,
    "Check fuzzy test report."
  ],
  "7": [
    [
      119,
      256,
      104,
      123
    ],
    false,
    true,
    0.00012803077697753906,
    "Check fuzzy test report."
  ],
  "8": [
    [
      17,
      72,
      50,
      51
    ],
    true,
    false,
    "Check the pre-existing tests report."
  ],
  "9": [
    [
      0,
      300,
      50,
      60
    ],
    false,
    true,
    0.0003159046173095703,
    "Check fuzzy test report."
  ],
  "10": [
    [
      16,
      60,
      16,
      39
    ],
    false,
    true,
    0.00029921531677246094,
    "Check fuzzy test report."
  ],
  "11": [
    [
      24,
      97,
      10,
      36
    ],
    true,
    false,
    "Check the pre-existing tests report."
  ],
  "12": [
    [
      62,
      88,
      18,
      21
    ],
    false,
    true,
    5.0067901611328125e-05,
    "Check fuzzy test report."
  ],
  "14": [
    [
      10,
      74,
      6,
      8
    ],
    true,
    false,
    "Check the pre-existing tests report."
  ],
  "15": [
    [
      0,
      6,
      3,
      6
    ],
    false,
    true,
    1.3828277587890625e-05,
    "Check fuzzy test report."
  ],
  "16": [
    [
      15,
      86,
      51,
      60
    ],
    false,
    true,
    4.9114227294921875e-05,
    "Check fuzzy test report."
  ],
  "17": [
    [
      22,
      95,
      52,
      55
    ],
    false,
    true,
    5.936622619628906e-05,
    "Check fuzzy test report."
  ],
  "19": [
    [
      10,
      55,
      3,
      7
    ],
    false,
    true,
    3.910064697265625e-05,
    "Check fuzzy test report."
  ],
  "20": [
    [
      20,
      74,
      36,
      42
    ],
    false,
    true,
    3.886222839355469e-05,
    "Check fuzzy test report."
  ],
  "21": [
    [
      100,
      295,
      136,
      160
    ],
    true,
    false,
    "Check the pre-existing tests report."
  ],
  "22": [
    [
      100,
      200,
      5,
      10
    ],
    false,
    true,
    7.033348083496094e-05,
    "Check fuzzy test report."
  ],
  "23": [
    [
      23,
      94,
      17,
      55
    ],
    false,
    true,
    0.00014400482177734375,
    "Check fuzzy test report."
  ],
  "24": [
    [
      12,
      92,
      42,
      77
    ],
    false,
    true,
    0.0010859966278076172,
    "Check fuzzy test report."
  ],
  "25": [
    [
      26,
      84,
      30,
      46
    ],
    false,
    true,
    5.245208740234375e-05,
    "Check fuzzy test report."
  ],
  "26": [
    [
      24,
      84,
      21,
      31
    ],
    false,
    true,
    6.723403930664062e-05,
    "Check fuzzy test report."
  ],
  "27": [
    [
      13,
      99,
      26,
      29
    ],
    true,
    false,
    "Check the pre-existing tests report."
  ],
  "29": [
    [
      15,
      94,
      18,
      73
    ],
    true,
    false,
    "Check the pre-existing tests report."
  ],
  "31": [
    [
      11,
      83,
      37,
      60
    ],
    false,
    true,
    0.0003459453582763672,
    "Check fuzzy test report."
  ],
  "32": [
    [
      16,
      77,
      43,
      47
    ],
    true,
    false,
    "Check the pre-existing tests report."
  ],
  "33": [
    [
      130,
      295,
      103,
      158
    ],
    false,
    true,
    0.0005216598510742188,
    "Check fuzzy test report."
  ],
  "34": [
    [
      200,
      300,
      10,
      50
    ],
    false,
    true,
    0.0032918453216552734,
    "Check fuzzy test report."
  ],
  "35": [
    [
      34,
      90,
      14,
      39
    ],
    true,
    false,
    "Check the pre-existing tests report."
  ],
  "36": [
    [
      124,
      283,
      115,
      134
    ],
    false,
    true,
    0.00052642822265625,
    "Check fuzzy test report."
  ],
  "37": [
    [
      0,
      9,
      3,
      5
    ],
    false,
    true,
    1.6450881958007812e-05,
    "Check fuzzy test report."
  ],
  "38": [
    [
      18,
      87,
      38,
      60
    ],
    false,
    true,
    7.462501525878906e-05,
    "Check fuzzy test report."
  ],
  "39": [
    [
      31,
      91,
      50,
      53
    ],
    false,
    true,
    2.765655517578125e-05,
    "Check fuzzy test report."
  ],
  "40": [
    [
      0,
      5,
      3,
      5
    ],
    true,
    false,
    "Check the pre-existing tests report."
  ],
  "42": [
    [
      43,
      95,
      18,
      47
    ],
    true,
    false,
    "Check the pre-existing tests report."
  ],
  "44": [
    [
      18,
      98,
      31,
      51
    ],
    false,
    true,
    0.00038051605224609375,
    "Check fuzzy test report."
  ],
  "45": [
    [
      70,
      140,
      3,
      60
    ],
    false,
    true,
    0.00023174285888671875,
    "Check fuzzy test report."
  ],
  "46": [
    [
      11,
      97,
      29,
      62
    ],
    true,
    false,
    "Check the pre-existing tests report."
  ],
  "47": [
    [
      39,
      94,
      14,
      52
    ],
    true,
    false,
    "Check the pre-existing tests report."
  ],
  "48": [
    [
      155,
      283,
      104,
      120
    ],
    false,
    true,
    0.0010538101196289062,
    "Check fuzzy test report."
  ],
  "50": [
    [
      36,
      92,
      10,
      35
    ],
    true,
    false,
    "Check the pre-existing tests report."
  ],
  "51": [
    [
      2,
      8,
      3,
      4
    ],
    false,
    true,
    1.1682510375976562e-05,
    "Check fuzzy test report."
  ],
  "52": [
    [
      44,
      99,
      13,
      42
    ],
    true,
    false,
    "Check the pre-existing tests report."
  ],
  "53": [
    [
      1,
      299,
      3,
      10
    ],
    true,
    false,
    "Check the pre-existing tests report."
  ],
  "54": [
    [
      27,
      77,
      18,
      19
    ],
    false,
    true,
    2.193450927734375e-05,
    "Check fuzzy test report."
  ],
  "55": [
    [
      10,
      75,
      10,
      20
    ],
    false,
    true,
    0.00023937225341796875,
    "Check fuzzy test report."
  ],
  "56": [
    [
      1,
      9,
      3,
      7
    ],
    true,
    false,
    "Check the pre-existing tests report."
  ],
  "58": [
    [
      125,
      283,
      109,
      126
    ],
    true,
    false,
    "Check the pre-existing tests report."
  ],
  "59": [
    [
      0,
      100,
      3,
      15
    ],
    false,
    true,
    0.00014853477478027344,
    "Check fuzzy test report."
  ],
  "60": [
    [
      23,
      82,
      32,
      34
    ],
    false,
    true,
    0.00027298927307128906,
    "Check fuzzy test report."
  ],
  "61": [
    [
      0,
      30,
      20,
      30
    ],
    true,
    false,
    "Check the pre-existing tests report."
  ],
  "62": [
    [
      26,
      87,
      52,
      56
    ],
    false,
    true,
    2.7894973754882812e-05,
    "Check fuzzy test report."
  ],
  "63": [
    [
      33,
      85,
      26,
      31
    ],
    false,
    true,
    2.765655517578125e-05,
    "Check fuzzy test report."
  ],
  "64": [
    [
      0,
      7,
      4,
      5
    ],
    true,
    false,
    "Check the pre-existing tests report."
  ],
  "65": [
    [
      15,
      95,
      20,
      66
    ],
    true,
    false,
    "Check the pre-existing tests report."
  ],
  "66": [
    [
      32,
      79,
      35,
      41
    ],
    false,
    true,
    0.000263214111328125,
    "Check fuzzy test report."
  ],