{
  "halstead_volume": 28.529325012980813,
  "cyclomatic_complexity": 4,
  "number_of_LLOC": 9,
  "percent_of_lines_of_comment": 88.88888888888889
}