{
  "halstead_volume": 55.506595772116384,
  "cyclomatic_complexity": 7,
  "number_of_LLOC": 13,
  "percent_of_lines_of_comment": 92.3076923076923
}