{
  "halstead_volume": 50.53238859703688,
  "cyclomatic_complexity": 5,
  "number_of_LLOC": 12,
  "percent_of_lines_of_comment": 8.333333333333332
}