{
  "1": [
    [
      15,
      89,
      40,
      72
    ],
    false,
    true,
    0.00035858154296875,
    "Check fuzzy test report."
  ],
  "2": [
    [
      10,
      59,
      18,
      36
    ],
    false,
    true,
    0.0003116130828857422,
    "Check fuzzy test report."
  ],
  "3": [
    [
      27,
      95,
      49,
      51
    ],
    false,
    true,
    0.00027489662170410156,
    "Check fuzzy test report."
  ],
  "4": [
    [
      12,
      92,
      17,
      66
    ],
    false,
    true,
    0.0002052783966064453,
    "Check fuzzy test report."
  ],
  "5": [
    [
      63,
      70,
      4,
      5
    ],
    false,
    true,
    0.0002675056457519531,
    "Check fuzzy test report."
  ],
  "6": [
    [
      45,
      98,
      40,
      47
    ],
    false,
    true,
    3.0040740966796875e-05,
    "Check fuzzy test report."
  ],
  "7": [
    [
      119,
      256,
      104,
      123
    ],
    false,
    true,
    0.0003478527069091797,
    "Check fuzzy test report."
  ],
  "8": [
    [
      17,
      72,
      50,
      51
    ],
    false,
    true,
    1.7642974853515625e-05,
    "Check fuzzy test report."
  ],
  "9": [
    [
      0,
      300,
      50,
      60
    ],
    false,
    true,
    0.00032067298889160156,
    "Check fuzzy test report."
  ],
  "10": [
    [
      16,
      60,
      16,
      39
    ],
    false,
    true,
    0.00028514862060546875,
    "Check fuzzy test report."
  ],
  "11": [
    [
      24,
      97,
      10,
      36
    ],
    true,
    false,
    "Check the pre-existing tests report."
  ],
  "12": [
    [
      62,
      88,
      18,
      21
    ],
    false,
    true,
    0.0002713203430175781,
    "Check fuzzy test report."
  ],
  "13": [
    [
      13,
      95,
      57,
      60
    ],
    false,
    true,
    3.457069396972656e-05,
    "Check fuzzy test report."
  ],
  "14": [
    [
      10,
      74,
      6,
      8
    ],
    true,
    false,
    "Check the pre-existing tests report."
  ],
  "15": [
    [
      0,
      6,
      3,
      6
    ],
    false,
    true,
    1.0967254638671875e-05,
    "Check fuzzy test report."
  ],
  "16": [
    [
      15,
      86,
      51,
      60
    ],
    false,
    true,
    4.553794860839844e-05,
    "Check fuzzy test report."
  ],
  "17": [
    [
      22,
      95,
      52,
      55
    ],
    false,
    true,
    3.123283386230469e-05,
    "Check fuzzy test report."
  ],
  "18": [
    [
      11,
      83,
      13,
      66
    ],
    true,
    false,
    "Check the pre-existing tests report."
  ],
  "19": [
    [
      10,
      55,
      3,
      7
    ],
    false,
    true,
    3.528594970703125e-05,
    "Check fuzzy test report."
  ],
  "20": [
    [
      20,
      74,
      36,
      42
    ],
    false,
    true,
    0.00029778480529785156,
    "Check fuzzy test report."
  ],
  "21": [
    [
      100,
      295,
      136,
      160
    ],
    false,
    true,
    0.0004696846008300781,
    "Check fuzzy test report."
  ],
  "22": [
    [
      100,
      200,
      5,
      10
    ],
    false,
    true,
    7.152557373046875e-05,
    "Check fuzzy test report."
  ],
  "23": [
    [
      23,
      94,
      17,
      55
    ],
    true,
    false,
    "Check the pre-existing tests report."
  ],
  "24": [
    [
      12,
      92,
      42,
      77
    ],
    false,
    true,
    0.00011086463928222656,
    "Check fuzzy test report."
  ],
  "25": [
    [
      26,
      84,
      30,
      46
    ],
    false,
    true,
    0.0003101825714111328,
    "Check fuzzy test report."
  ],
  "26": [
    [
      24,
      84,
      21,
      31
    ],
    false,
    true,
    0.0002703666687011719,
    "Check fuzzy test report."
  ],
  "27": [
    [
      13,
      99,
      26,
      29
    ],
    false,
    true,
    4.506111145019531e-05,
    "Check fuzzy test report."
  ],
  "28": [
    [
      32,
      71,
      21,
      32
    ],
    false,
    true,
    0.00026988983154296875,
    "Check fuzzy test report."
  ],
  "29": [
    [
      15,
      94,
      18,
      73
    ],
    false,
    true,
    0.0002167224884033203,
    "Check fuzzy test report."
  ],
  "30": [
    [
      14,
      90,
      55,
      71
    ],
    false,
    true,
    6.389617919921875e-05,
    "Check fuzzy test report."
  ],
  "31": [
    [
      11,
      83,
      37,
      60
    ],
    false,
    true,
    0.0003273487091064453,
    "Check fuzzy test report."
  ],
  "32": [
    [
      16,
      77,
      43,
      47
    ],
    false,
    true,
    2.8848648071289062e-05,
    "Check fuzzy test report."
  ],
  "33": [
    [
      130,
      295,
      103,
      158
    ],
    false,
    true,
    0.0005507469177246094,
    "Check fuzzy test report."
  ],
  "34": [
    [
      200,
      300,
      10,
      50
    ],
    false,
    true,
    0.000263214111328125,
    "Check fuzzy test report."
  ],
  "35": [
    [
      34,
      90,
      14,
      39
    ],
    false,
    true,
    9.870529174804688e-05,
    "Check fuzzy test report."
  ],
  "36": [
    [
      124,
      283,
      115,
      134
    ],
    false,
    true,
    0.0003707408905029297,
    "Check fuzzy test report."
  ],
  "37": [
    [
      0,
      9,
      3,
      5
    ],
    false,
    true,
    1.52587890625e-05,
    "Check fuzzy test report."
  ],
  "38": [
    [
      18,
      87,
      38,
      60
    ],
    false,
    true,
    7.295608520507812e-05,
    "Check fuzzy test report."
  ],
  "39": [
    [
      31,
      91,
      50,
      53
    ],
    false,
    true,
    2.4557113647460938e-05,
    "Check fuzzy test report."
  ],
  "40": [
    [
      0,
      5,
      3,
      5
    ],
    false,
    true,
    1.33514404296875e-05,
    "Check fuzzy test report."
  ],
  "41": [
    [
      1,
      7,
      3,
      4
    ],
    false,
    true,
    1.3113021850585938e-05,
    "Check fuzzy test report."
  ],
  "42": [
    [
      43,
      95,
      18,
      47
    ],
    true,
    false,
    "Check the pre-existing tests report."
  ],
  "43": [
    [
      41,
      89,
      23,
      38
    ],
    false,
    true,
    0.0003120899200439453,
    "Check fuzzy test report."
  ],
  "44": [
    [
      18,
      98,
      31,
      51
    ],
    false,
    true,
    0.00011181831359863281,
    "Check fuzzy test report."
  ],
  "45": [
    [
      70,
      140,
      3,
      60
    ],
    true,
    false,
    "Check the pre-existing tests report."
  ],
  "46": [
    [
      11,
      97,
      29,
      62
    ],
    true,
    false,
    "Check the pre-existing tests report."
  ],
  "47": [
    [
      39,
      94,
      14,
      52
    ],
    true,
    false,
    "Check the pre-existing tests report."
  ],
  "48": [
    [
      155,
      283,
      104,
      120
    ],
    false,
    true,
    0.00031280517578125,
    "Check fuzzy test report."
  ],
  "49": [
    [
      10,
      100,
      10,
      50
    ],
    false,
    true,
    0.00025773048400878906,
    "Check fuzzy test report."
  ],
  "50": [
    [
      36,
      92,
      10,
      35
    ],
    false,
    true,
    0.00011181831359863281,
    "Check fuzzy test report."
  ],
  "51": [
    [
      2,
      8,
      3,
      4
    ],
    false,
    true,
    1.8835067749023438e-05,
    "Check fuzzy test report."
  ],
  "52": [
    [
      44,
      99,
      13,
      42
    ],
    true,
    false,
    "Check the pre-existing tests report."
  ],
  "53": [
    [
      1,
      299,
      3,
      10
    ],
    false,
    true,
    0.0002751350402832031,
    "Check fuzzy test report."
  ],
  "54": [
    [
      27,
      77,
      18,
      19
    ],
    false,
    true,
    0.0002923011779785156,
    "Check fuzzy test report."
  ],
  "55": [
    [
      10,
      75,
      10,
      20
    ],
    true,
    false,
    "Check the pre-existing tests report."
  ],