{
  "halstead_volume": 58.60335893412778,
  "cyclomatic_complexity": 7,
  "number_of_LLOC": 15,
  "percent_of_lines_of_comment": 21.428571428571427
}