{
  "4": [
    [
      12,
      92
    ],
    false,
    true,
    7.152557373046875e-06,
    "Check fuzzy test report."
  ],
  "28": [
    [
      62,
      63
    ],
    false,
    true,
    1.0013580322265625e-05,
    "Check fuzzy test report."
  ],
  "30": [
    [
      55,
      98
    ],
    false,
    true,
    2.765655517578125e-05,
    "Check fuzzy test report."
  ],
  "41": [
    [
      6,
      6
    ],
    false,
    true,
    6.198883056640625e-06,
    "Check fuzzy test report."
  ],
  "53": [
    [
      100,
      200
    ],
    false,
    true,
    3.9577484130859375e-05,
    "Check fuzzy test report."
  ],
  "55": [
    [
      0,
      10
    ],
    false,
    true,
    5.0067901611328125e-06,
    "Check fuzzy test report."
  ],
  "56": [
    [
      0,
      0
    ],
    false,
    true,
    4.5299530029296875e-06,
    "Check fuzzy test report."
  ],
  "59": [
    [
      0,
      9
    ],
    false,
    true,
    4.0531158447265625e-06,
    "Check fuzzy test report."
  ],
  "61": [
    [
      0,
      7
    ],
    false,
    true,
    4.0531158447265625e-06,
    "Check fuzzy test report."
  ],
  "64": [
    [
      0,
      4
    ],
    false,
    true,
    2.384185791015625e-06,
    "Check fuzzy test report."
  ],
  "66": [
    [
      50,
      54
    ],
    false,
    true,
    1.2636184692382812e-05,
    "Check fuzzy test report."
  ],
  "68": [
    [
      0,
      8
    ],
    false,
    true,
    2.86102294921875e-06,
    "Check fuzzy test report."
  ],
  "79": [
    [
      4,
      4
    ],
    false,
    true,
    1.9073486328125e-06,
    "Check fuzzy test report."
  ],
  "83": [
    [
      90,
      90
    ],
    false,
    true,
    3.5762786865234375e-06,
    "Check fuzzy test report."
  ],
  "91": [
    [
      0,
      5
    ],
    false,
    true,
    4.0531158447265625e-06,
    "Check fuzzy test report."
  ],
  "92": [
    [
      0,
      1
    ],
    false,
    true,
    5.4836273193359375e-06,
    "Check fuzzy test report."
  ],
  "98": [
    [
      0,
      6
    ],
    false,
    true,
    5.0067901611328125e-06,
    "Check fuzzy test report."
  ]
}