{
  "1": [
    [
      31,
      72
    ],
    false,
    true,
    3.62396240234375e-05,
    "Check fuzzy test report."
  ],
  "2": [
    [
      15,
      39
    ],
    false,
    true,
    3.266334533691406e-05,
    "Check fuzzy test report."
  ],
  "3": [
    [
      62,
      92
    ],
    false,
    true,
    "LLM's code raised exception:can only concatenate list (not \"int\") to list"
  ],
  "4": [
    [
      12,
      92
    ],
    false,
    true,
    0.00010061264038085938,
    "Check fuzzy test report."
  ],
  "5": [
    [
      8,
      9
    ],
    false,
    true,
    1.4066696166992188e-05,
    "Check fuzzy test report."
  ],
  "6": [
    [
      10,
      66
    ],
    false,
    true,
    0.00011730194091796875,
    "Check fuzzy test report."
  ],
  "7": [
    [
      661,
      924
    ],
    false,
    true,
    0.0004000663757324219,
    "Check fuzzy test report."
  ],
  "8": [
    [
      23,
      23
    ],
    false,
    true,
    2.86102294921875e-05,
    "Check fuzzy test report."
  ],
  "9": [
    [
      70,
      200
    ],
    false,
    true,
    0.00011849403381347656,
    "Check fuzzy test report."
  ],
  "10": [
    [
      25,
      59
    ],
    false,
    true,
    3.24249267578125e-05,
    "Check fuzzy test report."
  ],
  "11": [
    [
      37,
      51
    ],
    false,
    true,
    5.14984130859375e-05,
    "Check fuzzy test report."
  ],
  "12": [
    [
      14,
      64
    ],
    false,
    true,
    6.29425048828125e-05,
    "Check fuzzy test report."
  ],
  "13": [
    [
      25,
      87
    ],
    false,
    true,
    3.7670135498046875e-05,
    "Check fuzzy test report."
  ],
  "14": [
    [
      5,
      7
    ],
    false,
    true,
    1.33514404296875e-05,
    "Check fuzzy test report."
  ],
  "15": [
    [
      2,
      2
    ],
    false,
    true,
    2.288818359375e-05,
    "Check fuzzy test report."
  ],
  "16": [
    [
      33,
      36
    ],
    false,
    true,
    1.71661376953125e-05,
    "Check fuzzy test report."
  ],
  "17": [
    [
      62,
      78
    ],
    false,
    true,
    "LLM's code raised exception:can only concatenate list (not \"int\") to list"
  ],
  "18": [
    [
      35,
      49
    ],
    false,
    true,
    1.5497207641601562e-05,
    "Check fuzzy test report."
  ],
  "19": [
    [
      3,
      5
    ],
    false,
    true,
    4.673004150390625e-05,
    "Check fuzzy test report."
  ],
  "20": [
    [
      56,
      66
    ],
    false,
    true,
    2.1457672119140625e-05,
    "Check fuzzy test report."
  ],
  "21": [
    [
      639,
      975
    ],
    false,
    true,
    "LLM's code raised exception:'in <string>' requires string as left operand, not int"
  ],
  "22": [
    [
      40,
      200
    ],
    false,
    true,
    0.00024247169494628906,
    "Check fuzzy test report."
  ],
  "23": [
    [
      52,
      71
    ],
    false,
    true,
    5.6743621826171875e-05,
    "Check fuzzy test report."
  ],
  "24": [
    [
      74,
      95
    ],
    false,
    true,
    0.00011229515075683594,
    "Check fuzzy test report."
  ],
  "25": [
    [
      29,
      93
    ],
    false,
    true,
    4.4345855712890625e-05,
    "Check fuzzy test report."
  ],
  "26": [
    [
      62,
      99
    ],
    false,
    true,
    5.5789947509765625e-05,
    "Check fuzzy test report."
  ],
  "27": [
    [
      66,
      93
    ],
    false,
    true,
    0.00011277198791503906,
    "Check fuzzy test report."
  ],
  "28": [
    [
      62,
      63
    ],
    false,
    true,
    9.202957153320312e-05,
    "Check fuzzy test report."
  ],
  "29": [
    [
      59,
      97
    ],
    false,
    true,
    0.00015401840209960938,
    "Check fuzzy test report."
  ],
  "30": [
    [
      55,
      98
    ],
    false,
    true,
    4.839897155761719e-05,
    "Check fuzzy test report."
  ],
  "31": [
    [
      75,
      88
    ],
    false,
    true,
    5.412101745605469e-05,
    "Check fuzzy test report."
  ],
  "32": [
    [
      21,
      97
    ],
    false,
    true,
    "LLM's code raised exception:'in <string>' requires string as left operand, not int"
  ],
  "33": [
    [
      667,
      774
    ],
    false,
    true,
    0.00031280517578125,
    "Check fuzzy test report."
  ],
  "34": [
    [
      60,
      200
    ],
    false,
    true,
    0.0001227855682373047,
    "Check fuzzy test report."
  ],
  "35": [
    [
      30,
      48
    ],
    false,
    true,
    2.8133392333984375e-05,
    "Check fuzzy test report."
  ],
  "36": [
    [
      246,
      750
    ],
    false,
    true,
    0.00023937225341796875,
    "Check fuzzy test report."
  ],
  "37": [
    [
      1,
      5
    ],
    false,
    true,
    2.2649765014648438e-05,
    "Check fuzzy test report."
  ],
  "38": [
    [
      22,
      63
    ],
    false,
    true,
    3.170967102050781e-05,
    "Check fuzzy test report."
  ],
  "39": [
    [
      20,
      30
    ],
    false,
    true,
    5.555152893066406e-05,
    "Check fuzzy test report."
  ],
  "40": [
    [
      0,
      1
    ],
    false,
    true,
    4.076957702636719e-05,
    "Check fuzzy test report."
  ],
  "41": [
    [
      6,
      6
    ],
    false,
    true,
    "LLM's code raised exception:unsupported operand type(s) for &: 'list' and 'list'"
  ],
  "42": [
    [
      29,
      79
    ],
    false,
    true,
    5.8650970458984375e-05,
    "Check fuzzy test report."
  ],
  "43": [
    [
      68,
      86
    ],
    false,
    true,
    5.1021575927734375e-05,
    "Check fuzzy test report."
  ],
  "44": [
    [
      13,
      68
    ],
    false,
    true,
    0.00017833709716796875,
    "Check fuzzy test report."
  ],
  "45": [
    [
      30,
      200
    ],
    false,
    true,
    0.00020885467529296875,
    "Check fuzzy test report."
  ],
  "46": [
    [
      30,
      87
    ],
    false,
    true,
    4.029273986816406e-05,
    "Check fuzzy test report."
  ],
  "47": [
    [
      37,
      76
    ],
    false,
    true,
    2.7179718017578125e-05,
    "Check fuzzy test report."
  ],
  "48": [
    [
      533,
      605
    ],
    false,
    true,
    0.0004820823669433594,
    "Check fuzzy test report."
  ],
  "49": [
    [
      80,
      200
    ],
    false,
    true,
    0.0001316070556640625,
    "Check fuzzy test report."
  ],
  "50": [
    [
      70,
      84
    ],
    false,
    true,
    2.4080276489257812e-05,
    "Check fuzzy test report."
  ],
  "51": [
    [
      0,
      2
    ],
    false,
    true,
    2.288818359375e-05,
    "Check fuzzy test report."
  ],
  "52": [
    [
      28,
      38
    ],
    false,
    true,
    7.891654968261719e-05,
    "Check fuzzy test report."
  ],
  "53": [
    [
      200,
      200
    ],
    false,
    true,
    0.00027871131896972656,
    "Check fuzzy test report."
  ],
  "54": [
    [
      34,
      55
    ],
    false,
    true,
    3.1948089599609375e-05,
    "Check fuzzy test report."
  ],
  "55": [
    [
      9,
      9
    ],
    false,
    true,
    1.4543533325195312e-05,
    "Check fuzzy test report."
  ],
  "56": [
    [
      1,
      8
    ],
    false,
    true,
    9.441375732421875e-05,
    "Check fuzzy test report."
  ],
  "57": [
    [
      27,
      55
    ],
    false,
    true,
    "LLM's code raised exception:'in <string>' requires string as left operand, not int"
  ],
  "58": [
    [
      209,
      556
    ],
    false,
    true,
    0.0004706382751464844,
    "Check fuzzy test report."
  ],
  "59": [
    [
      0,
      8
    ],
    false,
    true,
    2.6464462280273438e-05,
    "Check fuzzy test report."
  ],
  "60": [
    [
      75,
      85
    ],
    false,
    true,
    8.845329284667969e-05,
    "Check fuzzy test report."
  ],
  "62": [
    [
      91,
      99
    ],
    false,
    true,
    8.630752563476562e-05,
    "Check fuzzy test report."
  ],
  "63": [
    [
      22,
      88
    ],
    false,
    true,
    4.7206878662109375e-05,
    "Check fuzzy test report."
  ],