{
  "halstead_volume": 31.699250014423125,
  "cyclomatic_complexity": 3,
  "number_of_LLOC": 13,
  "percent_of_lines_of_comment": 30.76923076923077
}