{
  "halstead_volume": 15.509775004326936,
  "cyclomatic_complexity": 4,
  "number_of_LLOC": 4,
  "percent_of_lines_of_comment": 66.66666666666666
}