{
  "15": [
    [
      2,
      2
    ],
    false,
    true,
    8.821487426757812e-06,
    "Check fuzzy test report."
  ],
  "27": [
    [
      66,
      93
    ],
    false,
    true,
    8.273124694824219e-05,
    "Check fuzzy test report."
  ],
  "45": [
    [
      30,
      200
    ],
    false,
    true,
    "LLM's code raised exception:local variable 'i' referenced before assignment"
  ],
  "92": [
    [
      0,
      0
    ],
    false,
    true,
    1.1205673217773438e-05,
    "Check fuzzy test report."
  ],
  "98": [
    [
      0,
      5
    ],
    false,
    true,
    1.2159347534179688e-05,
    "Check fuzzy test report."
  ]
}