{
  "77": [
    [
      111,
      508
    ],
    false,
    true,
    1.8835067749023438e-05,
    "Check fuzzy test report."
  ],
  "81": [
    [
      3,
      4
    ],
    false,
    true,
    1.9073486328125e-06,
    "Check fuzzy test report."
  ]
}