{
  "halstead_volume": 34.86917501586544,
  "cyclomatic_complexity": 5,
  "number_of_LLOC": 15,
  "percent_of_lines_of_comment": 64.28571428571429
}