{
  "halstead_volume": 53.77443751081735,
  "cyclomatic_complexity": 3,
  "number_of_LLOC": 16,
  "percent_of_lines_of_comment": 30.76923076923077
}