{
  "halstead_volume": 13.931568569324174,
  "cyclomatic_complexity": 3,
  "number_of_LLOC": 8,
  "percent_of_lines_of_comment": 42.857142857142854
}