{
  "halstead_volume": 102.1865710312585,
  "cyclomatic_complexity": 5,
  "number_of_LLOC": 9,
  "percent_of_lines_of_comment": 22.22222222222222
}