{
  "1": [
    [
      15,
      89,
      40,
      72
    ],
    true,
    false,
    "Check the pre-existing tests report."
  ],
  "2": [
    [
      10,
      59,
      18,
      36
    ],
    false,
    true,
    0.0003135204315185547,
    "Check fuzzy test report."
  ],
  "3": [
    [
      27,
      95,
      49,
      51
    ],
    false,
    true,
    1.33514404296875e-05,
    "Check fuzzy test report."
  ],
  "4": [
    [
      12,
      92,
      17,
      66
    ],
    false,
    true,
    0.0005140304565429688,
    "Check fuzzy test report."
  ],
  "5": [
    [
      63,
      70,
      4,
      5
    ],
    false,
    true,
    0.00027060508728027344,
    "Check fuzzy test report."
  ],
  "6": [
    [
      45,
      98,
      40,
      47
    ],
    false,
    true,
    0.00027680397033691406,
    "Check fuzzy test report."
  ],
  "7": [
    [
      119,
      256,
      104,
      123
    ],
    false,
    true,
    0.0003452301025390625,
    "Check fuzzy test report."
  ],
  "8": [
    [
      17,
      72,
      50,
      51
    ],
    false,
    true,
    0.0002696514129638672,
    "Check fuzzy test report."
  ],
  "9": [
    [
      0,
      300,
      50,
      60
    ],
    false,
    true,
    0.0016009807586669922,
    "Check fuzzy test report."
  ],
  "11": [
    [
      24,
      97,
      10,
      36
    ],
    false,
    true,
    0.00038743019104003906,
    "Check fuzzy test report."
  ],
  "12": [
    [
      62,
      88,
      18,
      21
    ],
    false,
    true,
    0.00025081634521484375,
    "Check fuzzy test report."
  ],
  "13": [
    [
      13,
      95,
      57,
      60
    ],
    false,
    true,
    2.6702880859375e-05,
    "Check fuzzy test report."
  ],
  "14": [
    [
      10,
      74,
      6,
      8
    ],
    true,
    false,
    "Check the pre-existing tests report."
  ],
  "15": [
    [
      0,
      6,
      3,
      6
    ],
    false,
    true,
    0.00026607513427734375,
    "Check fuzzy test report."
  ],
  "16": [
    [
      15,
      86,
      51,
      60
    ],
    true,
    false,
    "Check the pre-existing tests report."
  ],
  "17": [
    [
      22,
      95,
      52,
      55
    ],
    false,
    true,
    0.0002899169921875,
    "Check fuzzy test report."
  ],
  "19": [
    [
      10,
      55,
      3,
      7
    ],
    true,
    false,
    "Check the pre-existing tests report."
  ],
  "20": [
    [
      20,
      74,
      36,
      42
    ],
    false,
    true,
    0.00028967857360839844,
    "Check fuzzy test report."
  ],
  "21": [
    [
      100,
      295,
      136,
      160
    ],
    false,
    true,
    0.00017833709716796875,
    "Check fuzzy test report."
  ],
  "24": [
    [
      12,
      92,
      42,
      77
    ],
    false,
    true,
    0.00010251998901367188,
    "Check fuzzy test report."
  ],
  "25": [
    [
      26,
      84,
      30,
      46
    ],
    false,
    true,
    0.00036907196044921875,
    "Check fuzzy test report."
  ],
  "26": [
    [
      24,
      84,
      21,
      31
    ],
    false,
    true,
    0.0003337860107421875,
    "Check fuzzy test report."
  ],
  "27": [
    [
      13,
      99,
      26,
      29
    ],
    true,
    false,
    "Check the pre-existing tests report."
  ],
  "28": [
    [
      32,
      71,
      21,
      32
    ],
    false,
    true,
    0.00031948089599609375,
    "Check fuzzy test report."
  ],
  "29": [
    [
      15,
      94,
      18,
      73
    ],
    false,
    true,
    0.00048613548278808594,
    "Check fuzzy test report."
  ],
  "30": [
    [
      14,
      90,
      55,
      71
    ],
    false,
    true,
    0.00030231475830078125,
    "Check fuzzy test report."
  ],
  "31": [
    [
      11,
      83,
      37,
      60
    ],
    false,
    true,
    0.00036716461181640625,
    "Check fuzzy test report."
  ],
  "32": [
    [
      16,
      77,
      43,
      47
    ],
    false,
    true,
    0.00028586387634277344,
    "Check fuzzy test report."
  ],
  "33": [
    [
      130,
      295,
      103,
      158
    ],
    false,
    true,
    0.00028014183044433594,
    "Check fuzzy test report."
  ],
  "34": [
    [
      200,
      300,
      10,
      50
    ],
    false,
    true,
    0.0005471706390380859,
    "Check fuzzy test report."
  ],
  "35": [
    [
      34,
      90,
      14,
      39
    ],
    false,
    true,
    0.00036525726318359375,
    "Check fuzzy test report."
  ],
  "36": [
    [
      124,
      283,
      115,
      134
    ],
    false,
    true,
    0.00011539459228515625,
    "Check fuzzy test report."
  ],
  "37": [
    [
      0,
      9,
      3,
      5
    ],
    false,
    true,
    0.0002849102020263672,
    "Check fuzzy test report."
  ],
  "38": [
    [
      18,
      87,
      38,
      60
    ],
    false,
    true,
    0.0003459453582763672,
    "Check fuzzy test report."
  ],
  "39": [
    [
      31,
      91,
      50,
      53
    ],
    false,
    true,
    1.71661376953125e-05,
    "Check fuzzy test report."
  ],
  "40": [
    [
      0,
      5,
      3,
      5
    ],
    false,
    true,
    0.0003154277801513672,
    "Check fuzzy test report."
  ],
  "41": [
    [
      1,
      7,
      3,
      4
    ],
    false,
    true,
    0.00029087066650390625,
    "Check fuzzy test report."
  ],
  "42": [
    [
      43,
      95,
      18,
      47
    ],
    false,
    true,
    0.00039386749267578125,
    "Check fuzzy test report."
  ],
  "43": [
    [
      41,
      89,
      23,
      38
    ],
    false,
    true,
    0.00032520294189453125,
    "Check fuzzy test report."
  ],
  "44": [
    [
      18,
      98,
      31,
      51
    ],
    true,
    false,
    "Check the pre-existing tests report."
  ],
  "45": [
    [
      70,
      140,
      3,
      60
    ],
    true,
    false,
    "Check the pre-existing tests report."
  ],
  "46": [
    [
      11,
      97,
      29,
      62
    ],
    false,
    true,
    0.0004398822784423828,
    "Check fuzzy test report."
  ],
  "47": [
    [
      39,
      94,
      14,
      52
    ],
    false,
    true,
    0.0003807544708251953,
    "Check fuzzy test report."
  ],
  "48": [
    [
      155,
      283,
      104,
      120
    ],
    false,
    true,
    6.031990051269531e-05,
    "Check fuzzy test report."
  ],
  "49": [
    [
      10,
      100,
      10,
      50
    ],
    false,
    true,
    0.0005178451538085938,
    "Check fuzzy test report."
  ],
  "50": [
    [
      36,
      92,
      10,
      35
    ],
    false,
    true,
    0.0003848075866699219,
    "Check fuzzy test report."
  ],
  "51": [
    [
      2,
      8,
      3,
      4
    ],
    false,
    true,
    0.0002818107604980469,
    "Check fuzzy test report."
  ],
  "52": [
    [
      44,
      99,
      13,
      42
    ],
    false,
    true,
    0.0003762245178222656,
    "Check fuzzy test report."
  ],
  "53": [
    [
      1,
      299,
      3,
      10
    ],
    false,
    true,
    0.0012590885162353516,
    "Check fuzzy test report."
  ],
  "54": [
    [
      27,
      77,
      18,
      19
    ],
    false,
    true,
    0.00029087066650390625,
    "Check fuzzy test report."
  ],
  "55": [
    [
      10,
      75,
      10,
      20
    ],
    false,
    true,
    0.0003199577331542969,
    "Check fuzzy test report."
  ],
  "56": [
    [
      1,
      9,
      3,
      7
    ],
    false,
    true,
    0.0002739429473876953,
    "Check fuzzy test report."
  ],
  "57": [
    [
      16,
      94,
      39,
      52
    ],
    true,
    false,
    "Check the pre-existing tests report."
  ],
  "58": [
    [
      125,
      283,
      109,
      126
    ],
    false,
    true,
    0.00011706352233886719,
    "Check fuzzy test report."
  ],
  "59": [
    [
      0,
      100,
      3,
      15
    ],
    false,
    true,
    0.0008108615875244141,
    "Check fuzzy test report."
  ],