{
  "67": [
    [
      22,
      50
    ],
    false,
    true,
    4.267692565917969e-05,
    "Check fuzzy test report."
  ],
  "92": [
    [
      0,
      0
    ],
    false,
    true,
    2.2649765014648438e-05,
    "Check fuzzy test report."
  ]
}