{
  "halstead_volume": 55.506595772116384,
  "cyclomatic_complexity": 9,
  "number_of_LLOC": 19,
  "percent_of_lines_of_comment": 84.21052631578947
}