{
  "1": [
    [
      31,
      72
    ],
    false,
    true,
    1.049041748046875e-05,
    "Check fuzzy test report."
  ],
  "2": [
    [
      15,
      39
    ],
    false,
    true,
    9.298324584960938e-06,
    "Check fuzzy test report."
  ],
  "3": [
    [
      62,
      92
    ],
    false,
    true,
    2.0742416381835938e-05,
    "Check fuzzy test report."
  ],
  "4": [
    [
      12,
      92
    ],
    false,
    true,
    1.5020370483398438e-05,
    "Check fuzzy test report."
  ],
  "5": [
    [
      8,
      9
    ],
    false,
    true,
    6.67572021484375e-06,
    "Check fuzzy test report."
  ],
  "6": [
    [
      10,
      66
    ],
    false,
    true,
    1.5974044799804688e-05,
    "Check fuzzy test report."
  ],
  "7": [
    [
      661,
      924
    ],
    false,
    true,
    3.5762786865234375e-06,
    "Check fuzzy test report."
  ],
  "8": [
    [
      23,
      23
    ],
    false,
    true,
    "LLM's code raised exception:'int' object is not subscriptable"
  ],
  "9": [
    [
      200,
      200
    ],
    false,
    true,
    5.078315734863281e-05,
    "Check fuzzy test report."
  ],
  "10": [
    [
      25,
      59
    ],
    false,
    true,
    2.6941299438476562e-05,
    "Check fuzzy test report."
  ],
  "11": [
    [
      37,
      51
    ],
    false,
    true,
    5.078315734863281e-05,
    "Check fuzzy test report."
  ],
  "12": [
    [
      14,
      64
    ],
    false,
    true,
    2.86102294921875e-05,
    "Check fuzzy test report."
  ],
  "13": [
    [
      25,
      87
    ],
    false,
    true,
    1.239776611328125e-05,
    "Check fuzzy test report."
  ],
  "14": [
    [
      5,
      7
    ],
    false,
    true,
    1.239776611328125e-05,
    "Check fuzzy test report."
  ],
  "15": [
    [
      0,
      3
    ],
    false,
    true,
    1.4066696166992188e-05,
    "Check fuzzy test report."
  ],
  "16": [
    [
      33,
      36
    ],
    false,
    true,
    7.867813110351562e-06,
    "Check fuzzy test report."
  ],
  "17": [
    [
      62,
      78
    ],
    false,
    true,
    1.7404556274414062e-05,
    "Check fuzzy test report."
  ],
  "18": [
    [
      35,
      49
    ],
    false,
    true,
    1.9073486328125e-05,
    "Check fuzzy test report."
  ],
  "19": [
    [
      3,
      5
    ],
    false,
    true,
    5.0067901611328125e-06,
    "Check fuzzy test report."
  ],
  "20": [
    [
      56,
      66
    ],
    false,
    true,
    6.9141387939453125e-06,
    "Check fuzzy test report."
  ],
  "21": [
    [
      639,
      975
    ],
    false,
    true,
    0.00011086463928222656,
    "Check fuzzy test report."
  ],
  "22": [
    [
      40,
      200
    ],
    false,
    true,
    3.147125244140625e-05,
    "Check fuzzy test report."
  ],
  "23": [
    [
      52,
      71
    ],
    false,
    true,
    3.457069396972656e-05,
    "Check fuzzy test report."
  ],
  "24": [
    [
      74,
      95
    ],
    false,
    true,
    5.245208740234375e-06,
    "Check fuzzy test report."
  ],
  "25": [
    [
      29,
      93
    ],
    false,
    true,
    1.3828277587890625e-05,
    "Check fuzzy test report."
  ],
  "26": [
    [
      62,
      99
    ],
    false,
    true,
    2.956390380859375e-05,
    "Check fuzzy test report."
  ],
  "27": [
    [
      66,
      93
    ],
    false,
    true,
    "LLM's code raised exception:list.index() takes no keyword arguments"
  ],
  "28": [
    [
      62,
      63
    ],
    false,
    true,
    5.4836273193359375e-06,
    "Check fuzzy test report."
  ],
  "29": [
    [
      59,
      97
    ],
    false,
    true,
    9.059906005859375e-06,
    "Check fuzzy test report."
  ],
  "30": [
    [
      55,
      98
    ],
    false,
    true,
    2.5033950805664062e-05,
    "Check fuzzy test report."
  ],
  "31": [
    [
      75,
      88
    ],
    false,
    true,
    1.1682510375976562e-05,
    "Check fuzzy test report."
  ],
  "32": [
    [
      21,
      97
    ],
    false,
    true,
    4.6253204345703125e-05,
    "Check fuzzy test report."
  ],
  "33": [
    [
      667,
      774
    ],
    false,
    true,
    0.00010824203491210938,
    "Check fuzzy test report."
  ],
  "34": [
    [
      16,
      61
    ],
    false,
    true,
    8.344650268554688e-06,
    "Check fuzzy test report."
  ],
  "35": [
    [
      30,
      48
    ],
    false,
    true,
    1.049041748046875e-05,
    "Check fuzzy test report."
  ],
  "36": [
    [
      246,
      750
    ],
    false,
    true,
    0.00010228157043457031,
    "Check fuzzy test report."
  ],
  "37": [
    [
      1,
      5
    ],
    false,
    true,
    1.7642974853515625e-05,
    "Check fuzzy test report."
  ],
  "38": [
    [
      22,
      63
    ],
    false,
    true,
    2.0265579223632812e-05,
    "Check fuzzy test report."
  ],
  "39": [
    [
      20,
      30
    ],
    false,
    true,
    2.0503997802734375e-05,
    "Check fuzzy test report."
  ],
  "40": [
    [
      0,
      2
    ],
    false,
    true,
    1.0728836059570312e-05,
    "Check fuzzy test report."
  ],
  "41": [
    [
      6,
      6
    ],
    false,
    true,
    1.6927719116210938e-05,
    "Check fuzzy test report."
  ],
  "42": [
    [
      29,
      79
    ],
    false,
    true,
    3.5762786865234375e-06,
    "Check fuzzy test report."
  ],
  "43": [
    [
      68,
      86
    ],
    false,
    true,
    9.5367431640625e-07,
    "Check fuzzy test report."
  ],
  "44": [
    [
      13,
      68
    ],
    false,
    true,
    2.09808349609375e-05,
    "Check fuzzy test report."
  ],
  "45": [
    [
      30,
      200
    ],
    false,
    true,
    1.3828277587890625e-05,
    "Check fuzzy test report."
  ],
  "46": [
    [
      30,
      87
    ],
    false,
    true,
    1.7642974853515625e-05,
    "Check fuzzy test report."
  ],
  "47": [
    [
      37,
      76
    ],
    false,
    true,
    "LLM's code raised exception:'>' not supported between instances of 'NoneType' and 'int'"
  ],
  "48": [
    [
      533,
      605
    ],
    false,
    true,
    "LLM's code raised exception:[792, 793, 794, 795, 797, 803, 808, 809, 813, 814, 816, 822, 823, 826, 833, 834, 839, 840, 843, 844, 845, 847, 849, 853, 854, 855, 859, 862, 863, 864, 869, 874, 875, 876, 877, 878, 879, 880, 881, 883, 884, 886, 887, 890, 891, 897, 899, 901, 908, 912, 917, 921, 927, 931, 934, 936, 937, 939, 946, 948, 951, 958, 961, 965, 966, 969, 970, 973, 977, 981, 982, 983] is not in list"
  ],
  "49": [
    [
      80,
      200
    ],
    false,
    true,
    8.416175842285156e-05,
    "Check fuzzy test report."
  ],
  "50": [
    [
      70,
      84
    ],
    false,
    true,
    3.266334533691406e-05,
    "Check fuzzy test report."
  ],
  "51": [
    [
      1,
      8
    ],
    false,
    true,
    6.9141387939453125e-06,
    "Check fuzzy test report."
  ],
  "52": [
    [
      28,
      38
    ],
    false,
    true,
    1.6927719116210938e-05,
    "Check fuzzy test report."
  ],
  "53": [
    [
      100,
      200
    ],
    false,
    true,
    2.7418136596679688e-05,
    "Check fuzzy test report."
  ],
  "54": [
    [
      34,
      55
    ],
    false,
    true,
    2.86102294921875e-06,
    "Check fuzzy test report."
  ],
  "55": [
    [
      0,
      10
    ],
    false,
    true,
    1.3113021850585938e-05,
    "Check fuzzy test report."
  ],
  "56": [
    [
      0,
      0
    ],
    false,
    true,
    7.62939453125e-06,
    "Check fuzzy test report."
  ],
  "57": [
    [
      27,
      55
    ],
    false,
    true,
    2.6464462280273438e-05,
    "Check fuzzy test report."
  ],
  "58": [
    [
      209,
      556
    ],
    false,
    true,
    7.176399230957031e-05,
    "Check fuzzy test report."
  ],
  "59": [
    [
      0,
      9
    ],
    false,
    true,
    1.1205673217773438e-05,
    "Check fuzzy test report."
  ],
  "60": [
    [
      75,
      85
    ],
    false,
    true,
    2.0742416381835938e-05,
    "Check fuzzy test report."
  ],