{
  "halstead_volume": 43.01955000865388,
  "cyclomatic_complexity": 2,
  "number_of_LLOC": 12,
  "percent_of_lines_of_comment": 41.66666666666667
}