{
  "8": [
    [
      23,
      23
    ],
    false,
    true,
    6.4373016357421875e-06,
    "Check fuzzy test report."
  ],
  "9": [
    [
      200,
      200
    ],
    false,
    true,
    9.775161743164062e-06,
    "Check fuzzy test report."
  ],
  "15": [
    [
      0,
      3
    ],
    false,
    true,
    3.814697265625e-06,
    "Check fuzzy test report."
  ],
  "17": [
    [
      62,
      78
    ],
    false,
    true,
    1.1205673217773438e-05,
    "Check fuzzy test report."
  ],
  "26": [
    [
      62,
      99
    ],
    false,
    true,
    1.7404556274414062e-05,
    "Check fuzzy test report."
  ],
  "51": [
    [
      1,
      8
    ],
    false,
    true,
    5.245208740234375e-06,
    "Check fuzzy test report."
  ],
  "55": [
    [
      0,
      10
    ],
    false,
    true,
    5.4836273193359375e-06,
    "Check fuzzy test report."
  ],
  "56": [
    [
      0,
      0
    ],
    false,
    true,
    9.775161743164062e-06,
    "Check fuzzy test report."
  ],
  "68": [
    [
      0,
      8
    ],
    false,
    true,
    4.291534423828125e-06,
    "Check fuzzy test report."
  ],
  "79": [
    [
      4,
      4
    ],
    false,
    true,
    3.5762786865234375e-06,
    "Check fuzzy test report."
  ],
  "92": [
    [
      0,
      1
    ],
    false,
    true,
    1.4781951904296875e-05,
    "Check fuzzy test report."
  ]
}