{
  "halstead_volume": 11.60964047443681,
  "cyclomatic_complexity": 2,
  "number_of_LLOC": 9,
  "percent_of_lines_of_comment": 28.57142857142857
}