{
  "1": [
    [
      31,
      72
    ],
    false,
    true,
    4.291534423828125e-05,
    "Check fuzzy test report."
  ],
  "2": [
    [
      15,
      39
    ],
    false,
    true,
    3.4809112548828125e-05,
    "Check fuzzy test report."
  ],
  "3": [
    [
      62,
      92
    ],
    false,
    true,
    "LLM's code raised exception:can only concatenate list (not \"int\") to list"
  ],
  "4": [
    [
      12,
      92
    ],
    false,
    true,
    0.00013518333435058594,
    "Check fuzzy test report."
  ],
  "5": [
    [
      8,
      9
    ],
    false,
    true,
    2.1696090698242188e-05,
    "Check fuzzy test report."
  ],
  "6": [
    [
      10,
      66
    ],
    false,
    true,
    0.00020194053649902344,
    "Check fuzzy test report."
  ],
  "7": [
    [
      661,
      924
    ],
    false,
    true,
    0.0005443096160888672,
    "Check fuzzy test report."
  ],
  "8": [
    [
      23,
      23
    ],
    false,
    true,
    5.14984130859375e-05,
    "Check fuzzy test report."
  ],
  "9": [
    [
      70,
      200
    ],
    false,
    true,
    0.0003204345703125,
    "Check fuzzy test report."
  ],
  "10": [
    [
      25,
      59
    ],
    false,
    true,
    2.7418136596679688e-05,
    "Check fuzzy test report."
  ],
  "11": [
    [
      37,
      51
    ],
    false,
    true,
    4.0531158447265625e-05,
    "Check fuzzy test report."
  ],
  "12": [
    [
      14,
      64
    ],
    false,
    true,
    3.695487976074219e-05,
    "Check fuzzy test report."
  ],
  "13": [
    [
      25,
      87
    ],
    false,
    true,
    5.221366882324219e-05,
    "Check fuzzy test report."
  ],
  "14": [
    [
      5,
      7
    ],
    false,
    true,
    2.9325485229492188e-05,
    "Check fuzzy test report."
  ],
  "15": [
    [
      2,
      2
    ],
    false,
    true,
    3.24249267578125e-05,
    "Check fuzzy test report."
  ],
  "16": [
    [
      33,
      36
    ],
    false,
    true,
    2.8133392333984375e-05,
    "Check fuzzy test report."
  ],
  "17": [
    [
      62,
      78
    ],
    false,
    true,
    "LLM's code raised exception:can only concatenate list (not \"int\") to list"
  ],
  "18": [
    [
      35,
      49
    ],
    false,
    true,
    1.52587890625e-05,
    "Check fuzzy test report."
  ],
  "19": [
    [
      3,
      5
    ],
    false,
    true,
    6.580352783203125e-05,
    "Check fuzzy test report."
  ],
  "20": [
    [
      56,
      66
    ],
    false,
    true,
    2.2411346435546875e-05,
    "Check fuzzy test report."
  ],
  "21": [
    [
      639,
      975
    ],
    false,
    true,
    "LLM's code raised exception:'in <string>' requires string as left operand, not int"
  ],
  "22": [
    [
      40,
      200
    ],
    false,
    true,
    0.00014162063598632812,
    "Check fuzzy test report."
  ],
  "23": [
    [
      52,
      71
    ],
    false,
    true,
    2.8133392333984375e-05,
    "Check fuzzy test report."
  ],
  "24": [
    [
      74,
      95
    ],
    false,
    true,
    0.0001404285430908203,
    "Check fuzzy test report."
  ],
  "25": [
    [
      29,
      93
    ],
    false,
    true,
    2.9325485229492188e-05,
    "Check fuzzy test report."
  ],
  "26": [
    [
      62,
      99
    ],
    false,
    true,
    3.528594970703125e-05,
    "Check fuzzy test report."
  ],
  "27": [
    [
      66,
      93
    ],
    false,
    true,
    0.00015544891357421875,
    "Check fuzzy test report."
  ],
  "28": [
    [
      62,
      63
    ],
    false,
    true,
    5.936622619628906e-05,
    "Check fuzzy test report."
  ],
  "29": [
    [
      59,
      97
    ],
    false,
    true,
    0.00025773048400878906,
    "Check fuzzy test report."
  ],
  "30": [
    [
      55,
      98
    ],
    false,
    true,
    4.2438507080078125e-05,
    "Check fuzzy test report."
  ],
  "31": [
    [
      75,
      88
    ],
    false,
    true,
    7.963180541992188e-05,
    "Check fuzzy test report."
  ],
  "32": [
    [
      21,
      97
    ],
    false,
    true,
    "LLM's code raised exception:'in <string>' requires string as left operand, not int"
  ],
  "33": [
    [
      667,
      774
    ],
    false,
    true,
    0.00035452842712402344,
    "Check fuzzy test report."
  ],
  "34": [
    [
      60,
      200
    ],
    false,
    true,
    0.00016546249389648438,
    "Check fuzzy test report."
  ],
  "35": [
    [
      30,
      48
    ],
    false,
    true,
    4.100799560546875e-05,
    "Check fuzzy test report."
  ],
  "36": [
    [
      246,
      750
    ],
    false,
    true,
    0.0003306865692138672,
    "Check fuzzy test report."
  ],
  "37": [
    [
      1,
      5
    ],
    false,
    true,
    "LLM's code raised exception:'in <string>' requires string as left operand, not int"
  ],
  "38": [
    [
      22,
      63
    ],
    false,
    true,
    3.6716461181640625e-05,
    "Check fuzzy test report."
  ],
  "39": [
    [
      20,
      30
    ],
    false,
    true,
    6.532669067382812e-05,
    "Check fuzzy test report."
  ],
  "40": [
    [
      0,
      1
    ],
    false,
    true,
    4.1484832763671875e-05,
    "Check fuzzy test report."
  ],
  "41": [
    [
      6,
      6
    ],
    false,
    true,
    "LLM's code raised exception:unsupported operand type(s) for &: 'list' and 'list'"
  ],
  "42": [
    [
      29,
      79
    ],
    false,
    true,
    4.673004150390625e-05,
    "Check fuzzy test report."
  ],
  "43": [
    [
      68,
      86
    ],
    false,
    true,
    7.009506225585938e-05,
    "Check fuzzy test report."
  ],
  "44": [
    [
      13,
      68
    ],
    false,
    true,
    0.0002014636993408203,
    "Check fuzzy test report."
  ],
  "45": [
    [
      30,
      200
    ],
    false,
    true,
    0.0001373291015625,
    "Check fuzzy test report."
  ],
  "46": [
    [
      30,
      87
    ],
    false,
    true,
    1.9311904907226562e-05,
    "Check fuzzy test report."
  ],
  "47": [
    [
      37,
      76
    ],
    false,
    true,
    2.8371810913085938e-05,
    "Check fuzzy test report."
  ],
  "48": [
    [
      533,
      605
    ],
    false,
    true,
    0.00017595291137695312,
    "Check fuzzy test report."
  ],
  "49": [
    [
      80,
      200
    ],
    false,
    true,
    0.00018787384033203125,
    "Check fuzzy test report."
  ],
  "50": [
    [
      70,
      84
    ],
    false,
    true,
    2.574920654296875e-05,
    "Check fuzzy test report."
  ],
  "51": [
    [
      0,
      2
    ],
    false,
    true,
    3.218650817871094e-05,
    "Check fuzzy test report."
  ],
  "52": [
    [
      28,
      38
    ],
    false,
    true,
    0.00011301040649414062,
    "Check fuzzy test report."
  ],
  "53": [
    [
      200,
      200
    ],
    false,
    true,
    0.0002989768981933594,
    "Check fuzzy test report."
  ],
  "54": [
    [
      34,
      55
    ],
    false,
    true,
    2.7418136596679688e-05,
    "Check fuzzy test report."
  ],
  "55": [
    [
      9,
      9
    ],
    false,
    true,
    2.2649765014648438e-05,
    "Check fuzzy test report."
  ],
  "56": [
    [
      1,
      8
    ],
    false,
    true,
    5.1021575927734375e-05,
    "Check fuzzy test report."
  ],
  "57": [
    [
      27,
      55
    ],
    false,
    true,
    "LLM's code raised exception:'in <string>' requires string as left operand, not int"
  ],
  "58": [
    [
      209,
      556
    ],
    false,
    true,
    0.00021600723266601562,
    "Check fuzzy test report."
  ],
  "59": [
    [
      0,
      8
    ],
    false,
    true,
    3.457069396972656e-05,
    "Check fuzzy test report."
  ],
  "60": [
    [
      75,
      85
    ],
    false,
    true,
    9.775161743164062e-05,
    "Check fuzzy test report."
  ],
  "61": [
    [
      0,
      6
    ],
    false,
    true,
    3.504753112792969e-05,
    "Check fuzzy test report."
  ],