{
  "halstead_volume": 98.9912279734977,
  "cyclomatic_complexity": 6,
  "number_of_LLOC": 7,
  "percent_of_lines_of_comment": 57.14285714285714
}