{
  "halstead_volume": 73.57433114250613,
  "cyclomatic_complexity": 2,
  "number_of_LLOC": 12,
  "percent_of_lines_of_comment": 33.33333333333333
}