{
  "1": [
    [
      51
    ],
    false,
    true,
    3.5762786865234375e-06,
    "Check fuzzy test report."
  ],
  "2": [
    [
      147
    ],
    false,
    true,
    8.344650268554688e-06,
    "Check fuzzy test report."
  ],
  "3": [
    [
      92
    ],
    false,
    true,
    1.9073486328125e-06,
    "Check fuzzy test report."
  ],
  "4": [
    [
      40
    ],
    false,
    true,
    9.298324584960938e-06,
    "Check fuzzy test report."
  ],
  "5": [
    [
      13
    ],
    false,
    true,
    5.4836273193359375e-06,
    "Check fuzzy test report."
  ],
  "6": [
    [
      474
    ],
    false,
    true,
    6.4373016357421875e-06,
    "Check fuzzy test report."
  ],
  "7": [
    [
      416
    ],
    false,
    true,
    8.106231689453125e-06,
    "Check fuzzy test report."
  ],
  "8": [
    [
      53
    ],
    false,
    true,
    1.6689300537109375e-06,
    "Check fuzzy test report."
  ],
  "9": [
    [
      68
    ],
    false,
    true,
    5.245208740234375e-06,
    "Check fuzzy test report."
  ],
  "10": [
    [
      100
    ],
    false,
    true,
    3.814697265625e-06,
    "Check fuzzy test report."
  ],
  "11": [
    [
      56
    ],
    false,
    true,
    3.814697265625e-06,
    "Check fuzzy test report."
  ],
  "12": [
    [
      85
    ],
    false,
    true,
    1.3113021850585938e-05,
    "Check fuzzy test report."
  ],
  "13": [
    [
      206
    ],
    false,
    true,
    1.7642974853515625e-05,
    "Check fuzzy test report."
  ],
  "14": [
    [
      67
    ],
    false,
    true,
    3.5762786865234375e-06,
    "Check fuzzy test report."
  ],
  "15": [
    [
      3
    ],
    false,
    true,
    1.6689300537109375e-06,
    "Check fuzzy test report."
  ],
  "16": [
    [
      255
    ],
    false,
    true,
    5.4836273193359375e-06,
    "Check fuzzy test report."
  ],
  "17": [
    [
      289
    ],
    false,
    true,
    1.4066696166992188e-05,
    "Check fuzzy test report."
  ],
  "18": [
    [
      392
    ],
    false,
    true,
    1.5735626220703125e-05,
    "Check fuzzy test report."
  ],
  "19": [
    [
      46
    ],
    false,
    true,
    5.245208740234375e-06,
    "Check fuzzy test report."
  ],
  "20": [
    [
      45
    ],
    false,
    true,
    8.58306884765625e-06,
    "Check fuzzy test report."
  ],
  "21": [
    [
      407
    ],
    false,
    true,
    1.5497207641601562e-05,
    "Check fuzzy test report."
  ],
  "22": [
    [
      47
    ],
    false,
    true,
    1.430511474609375e-06,
    "Check fuzzy test report."
  ],
  "23": [
    [
      41
    ],
    false,
    true,
    1.430511474609375e-06,
    "Check fuzzy test report."
  ],
  "24": [
    [
      49
    ],
    false,
    true,
    5.9604644775390625e-06,
    "Check fuzzy test report."
  ],
  "25": [
    [
      34
    ],
    false,
    true,
    8.106231689453125e-06,
    "Check fuzzy test report."
  ],
  "26": [
    [
      366
    ],
    false,
    true,
    1.1444091796875e-05,
    "Check fuzzy test report."
  ],
  "27": [
    [
      54
    ],
    false,
    true,
    3.5762786865234375e-06,
    "Check fuzzy test report."
  ],
  "28": [
    [
      43
    ],
    false,
    true,
    3.814697265625e-06,
    "Check fuzzy test report."
  ],
  "29": [
    [
      94
    ],
    false,
    true,
    1.9073486328125e-06,
    "Check fuzzy test report."
  ],
  "30": [
    [
      78
    ],
    false,
    true,
    5.9604644775390625e-06,
    "Check fuzzy test report."
  ],
  "31": [
    [
      90
    ],
    false,
    true,
    1.71661376953125e-05,
    "Check fuzzy test report."
  ],
  "32": [
    [
      113
    ],
    false,
    true,
    9.059906005859375e-06,
    "Check fuzzy test report."
  ],
  "33": [
    [
      475
    ],
    false,
    true,
    6.198883056640625e-06,
    "Check fuzzy test report."
  ],
  "34": [
    [
      24
    ],
    false,
    true,
    5.245208740234375e-06,
    "Check fuzzy test report."
  ],
  "35": [
    [
      116
    ],
    false,
    true,
    3.5762786865234375e-06,
    "Check fuzzy test report."
  ],
  "36": [
    [
      338
    ],
    false,
    true,
    7.3909759521484375e-06,
    "Check fuzzy test report."
  ],
  "37": [
    [
      17
    ],
    false,
    true,
    8.821487426757812e-06,
    "Check fuzzy test report."
  ],
  "38": [
    [
      77
    ],
    false,
    true,
    1.049041748046875e-05,
    "Check fuzzy test report."
  ],
  "39": [
    [
      93
    ],
    false,
    true,
    1.9073486328125e-06,
    "Check fuzzy test report."
  ],
  "40": [
    [
      2
    ],
    false,
    true,
    5.245208740234375e-06,
    "Check fuzzy test report."
  ],
  "41": [
    [
      63
    ],
    false,
    true,
    2.1457672119140625e-06,
    "Check fuzzy test report."
  ],
  "42": [
    [
      279
    ],
    false,
    true,
    1.1682510375976562e-05,
    "Check fuzzy test report."
  ],
  "43": [
    [
      74
    ],
    false,
    true,
    7.867813110351562e-06,
    "Check fuzzy test report."
  ],
  "44": [
    [
      445
    ],
    false,
    true,
    1.5020370483398438e-05,
    "Check fuzzy test report."
  ],
  "45": [
    [
      72
    ],
    false,
    true,
    1.9073486328125e-06,
    "Check fuzzy test report."
  ],
  "46": [
    [
      464
    ],
    false,
    true,
    5.4836273193359375e-06,
    "Check fuzzy test report."
  ],
  "47": [
    [
      38
    ],
    false,
    true,
    5.9604644775390625e-06,
    "Check fuzzy test report."
  ],
  "48": [
    [
      186
    ],
    false,
    true,
    1.1920928955078125e-06,
    "Check fuzzy test report."
  ],
  "49": [
    [
      95
    ],
    false,
    true,
    1.0251998901367188e-05,
    "Check fuzzy test report."
  ],
  "50": [
    [
      99
    ],
    false,
    true,
    1.430511474609375e-06,
    "Check fuzzy test report."
  ],
  "51": [
    [
      84
    ],
    false,
    true,
    5.7220458984375e-06,
    "Check fuzzy test report."
  ],
  "52": [
    [
      423
    ],
    false,
    true,
    1.430511474609375e-06,
    "Check fuzzy test report."
  ],
  "53": [
    [
      60
    ],
    false,
    true,
    1.5497207641601562e-05,
    "Check fuzzy test report."
  ],
  "54": [
    [
      29
    ],
    false,
    true,
    1.5497207641601562e-05,
    "Check fuzzy test report."
  ],
  "55": [
    [
      20
    ],
    false,
    true,
    2.384185791015625e-06,
    "Check fuzzy test report."
  ],
  "56": [
    [
      64
    ],
    false,
    true,
    1.9073486328125e-06,
    "Check fuzzy test report."
  ],
  "57": [
    [
      59
    ],
    false,
    true,
    9.298324584960938e-06,
    "Check fuzzy test report."
  ],
  "58": [
    [
      223
    ],
    false,
    true,
    1.8358230590820312e-05,
    "Check fuzzy test report."
  ],
  "59": [
    [
      21
    ],
    false,
    true,
    5.4836273193359375e-06,
    "Check fuzzy test report."
  ],
  "60": [
    [
      35
    ],
    false,
    true,
    3.5762786865234375e-06,
    "Check fuzzy test report."
  ],
  "61": [
    [
      5
    ],
    false,
    true,
    2.09808349609375e-05,
    "Check fuzzy test report."
  ],
  "62": [
    [
      188
    ],
    false,
    true,
    8.821487426757812e-06,
    "Check fuzzy test report."
  ],
  "63": [
    [
      18
    ],
    false,
    true,
    3.5762786865234375e-06,
    "Check fuzzy test report."
  ],
  "64": [
    [
      8
    ],
    false,
    true,
    2.1457672119140625e-06,
    "Check fuzzy test report."
  ],
  "65": [
    [
      80
    ],
    false,
    true,
    1.3828277587890625e-05,
    "Check fuzzy test report."
  ],
  "66": [
    [
      25
    ],
    false,
    true,
    1.9073486328125e-06,
    "Check fuzzy test report."
  ],
  "67": [
    [
      42
    ],
    false,
    true,
    7.867813110351562e-06,
    "Check fuzzy test report."
  ],
  "68": [
    [
      4
    ],
    false,
    true,
    5.7220458984375e-06,
    "Check fuzzy test report."
  ],