{
  "halstead_volume": 25.26619429851844,
  "cyclomatic_complexity": 2,
  "number_of_LLOC": 7,
  "percent_of_lines_of_comment": 16.666666666666664
}