{
  "1": [
    [
      17,
      88
    ],
    false,
    true,
    0.00011324882507324219,
    "Check fuzzy test report."
  ],
  "2": [
    [
      72,
      93
    ],
    false,
    true,
    2.5272369384765625e-05,
    "Check fuzzy test report."
  ],
  "3": [
    [
      56,
      88
    ],
    false,
    true,
    5.841255187988281e-05,
    "Check fuzzy test report."
  ],
  "4": [
    [
      49,
      74
    ],
    false,
    true,
    2.3126602172851562e-05,
    "Check fuzzy test report."
  ],
  "5": [
    [
      2,
      8
    ],
    false,
    true,
    1.5497207641601562e-05,
    "Check fuzzy test report."
  ],
  "7": [
    [
      10,
      97
    ],
    false,
    true,
    5.221366882324219e-05,
    "Check fuzzy test report."
  ],
  "9": [
    [
      70,
      200
    ],
    false,
    true,
    0.0002624988555908203,
    "Check fuzzy test report."
  ],
  "10": [
    [
      36,
      54
    ],
    false,
    false,
    "No Python function was generated."
  ],
  "12": [
    [
      16,
      87
    ],
    false,
    true,
    0.00010132789611816406,
    "Check fuzzy test report."
  ],
  "13": [
    [
      46,
      91
    ],
    false,
    true,
    3.337860107421875e-05,
    "Check fuzzy test report."
  ],
  "14": [
    [
      2,
      5
    ],
    false,
    true,
    1.52587890625e-05,
    "Check fuzzy test report."
  ],
  "15": [
    [
      0,
      4
    ],
    false,
    true,
    1.9788742065429688e-05,
    "Check fuzzy test report."
  ],
  "16": [
    [
      90,
      97
    ],
    false,
    true,
    3.695487976074219e-05,
    "Check fuzzy test report."
  ],
  "17": [
    [
      73,
      84
    ],
    false,
    true,
    2.8133392333984375e-05,
    "Check fuzzy test report."
  ],
  "18": [
    [
      56,
      90
    ],
    false,
    true,
    "LLM's code raised exception:tuple.index(x): x not in tuple"
  ],
  "19": [
    [
      1,
      4
    ],
    false,
    true,
    1.2874603271484375e-05,
    "Check fuzzy test report."
  ],
  "20": [
    [
      27,
      96
    ],
    false,
    true,
    0.00011682510375976562,
    "Check fuzzy test report."
  ],
  "21": [
    [
      15,
      57
    ],
    false,
    true,
    4.1484832763671875e-05,
    "Check fuzzy test report."
  ],
  "22": [
    [
      40,
      200
    ],
    false,
    true,
    0.0003070831298828125,
    "Check fuzzy test report."
  ],
  "23": [
    [
      20,
      36
    ],
    false,
    true,
    1.7404556274414062e-05,
    "Check fuzzy test report."
  ],
  "24": [
    [
      13,
      91
    ],
    false,
    true,
    7.534027099609375e-05,
    "Check fuzzy test report."
  ],
  "25": [
    [
      37,
      43
    ],
    false,
    true,
    3.2901763916015625e-05,
    "Check fuzzy test report."
  ],
  "26": [
    [
      68,
      99
    ],
    false,
    true,
    8.0108642578125e-05,
    "Check fuzzy test report."
  ],
  "27": [
    [
      86,
      89
    ],
    false,
    true,
    1.4781951904296875e-05,
    "Check fuzzy test report."
  ],
  "28": [
    [
      86,
      99
    ],
    false,
    true,
    4.1484832763671875e-05,
    "Check fuzzy test report."
  ],
  "29": [
    [
      70,
      98
    ],
    false,
    true,
    3.6716461181640625e-05,
    "Check fuzzy test report."
  ],
  "30": [
    [
      22,
      24
    ],
    false,
    true,
    1.8596649169921875e-05,
    "Check fuzzy test report."
  ],
  "31": [
    [
      33,
      78
    ],
    false,
    true,
    5.984306335449219e-05,
    "Check fuzzy test report."
  ],
  "32": [
    [
      86,
      90
    ],
    false,
    true,
    1.7881393432617188e-05,
    "Check fuzzy test report."
  ],
  "33": [
    [
      13,
      35
    ],
    false,
    true,
    2.8371810913085938e-05,
    "Check fuzzy test report."
  ],
  "34": [
    [
      60,
      200
    ],
    false,
    true,
    0.00027942657470703125,
    "Check fuzzy test report."
  ],
  "35": [
    [
      77,
      84
    ],
    false,
    true,
    3.3855438232421875e-05,
    "Check fuzzy test report."
  ],
  "36": [
    [
      110,
      348
    ],
    false,
    true,
    0.0005285739898681641,
    "Check fuzzy test report."
  ],
  "38": [
    [
      36,
      85
    ],
    false,
    true,
    6.914138793945312e-05,
    "Check fuzzy test report."
  ],
  "39": [
    [
      44,
      91
    ],
    false,
    true,
    2.384185791015625e-05,
    "Check fuzzy test report."
  ],
  "40": [
    [
      0,
      3
    ],
    false,
    true,
    1.4781951904296875e-05,
    "Check fuzzy test report."
  ],
  "41": [
    [
      3,
      8
    ],
    false,
    true,
    8.106231689453125e-06,
    "Check fuzzy test report."
  ],
  "42": [
    [
      18,
      60
    ],
    false,
    false,
    "No Python function was generated."
  ],
  "44": [
    [
      36,
      52
    ],
    false,
    true,
    2.574920654296875e-05,
    "Check fuzzy test report."
  ],
  "46": [
    [
      10,
      79
    ],
    false,
    true,
    4.792213439941406e-05,
    "Check fuzzy test report."
  ],
  "47": [
    [
      29,
      53
    ],
    false,
    true,
    4.38690185546875e-05,
    "Check fuzzy test report."
  ],
  "48": [
    [
      933,
      996
    ],
    false,
    true,
    0.0008985996246337891,
    "Check fuzzy test report."
  ],
  "49": [
    [
      80,
      200
    ],
    false,
    true,
    0.0001704692840576172,
    "Check fuzzy test report."
  ],
  "50": [
    [
      13,
      76
    ],
    false,
    true,
    0.00011706352233886719,
    "Check fuzzy test report."
  ],
  "52": [
    [
      38,
      81
    ],
    false,
    true,
    7.772445678710938e-05,
    "Check fuzzy test report."
  ],
  "53": [
    [
      200,
      202
    ],
    false,
    true,
    3.0040740966796875e-05,
    "Check fuzzy test report."
  ],
  "54": [
    [
      35,
      64
    ],
    false,
    true,
    3.814697265625e-05,
    "Check fuzzy test report."
  ],
  "55": [
    [
      10,
      12
    ],
    false,
    true,
    1.0967254638671875e-05,
    "Check fuzzy test report."
  ],
  "56": [
    [
      7,
      9
    ],
    false,
    true,
    1.1682510375976562e-05,
    "Check fuzzy test report."
  ],
  "57": [
    [
      25,
      80
    ],
    false,
    true,
    7.867813110351562e-05,
    "Check fuzzy test report."
  ],
  "58": [
    [
      275,
      871
    ],
    false,
    true,
    0.008484601974487305,
    "Check fuzzy test report."
  ],
  "61": [
    [
      0,
      8
    ],
    false,
    true,
    1.049041748046875e-05,
    "Check fuzzy test report."
  ],
  "62": [
    [
      50,
      92
    ],
    false,
    true,
    7.534027099609375e-05,
    "Check fuzzy test report."
  ],
  "63": [
    [
      81,
      86
    ],
    false,
    true,
    2.5272369384765625e-05,
    "Check fuzzy test report."
  ],
  "64": [
    [
      0,
      5
    ],
    false,
    true,
    1.2159347534179688e-05,
    "Check fuzzy test report."
  ],
  "65": [
    [
      51,
      76
    ],
    false,
    true,
    3.790855407714844e-05,
    "Check fuzzy test report."
  ],
  "68": [
    [
      0,
      9
    ],
    false,
    true,
    1.5020370483398438e-05,
    "Check fuzzy test report."
  ],
  "70": [
    [
      43,
      70
    ],
    false,
    true,
    2.0742416381835938e-05,
    "Check fuzzy test report."
  ],
  "71": [
    [
      20,
      35
    ],
    false,
    true,
    2.288818359375e-05,
    "Check fuzzy test report."
  ],
  "72": [
    [
      13,
      70
    ],
    false,
    true,
    8.797645568847656e-05,
    "Check fuzzy test report."
  ],
  "74": [
    [
      69,
      97
    ],
    false,
    true,
    3.910064697265625e-05,
    "Check fuzzy test report."
  ],
  "75": [
    [
      20,
      51
    ],
    false,
    true,
    3.8623809814453125e-05,
    "Check fuzzy test report."
  ],
  "77": [
    [
      18,
      52
    ],
    false,
    true,
    3.6716461181640625e-05,
    "Check fuzzy test report."
  ],