{
  "halstead_volume": 101.95026032264605,
  "cyclomatic_complexity": 4,
  "number_of_LLOC": 9,
  "percent_of_lines_of_comment": 66.66666666666666
}