{
  "halstead_volume": 120.40465370320703,
  "cyclomatic_complexity": 6,
  "number_of_LLOC": 11,
  "percent_of_lines_of_comment": 18.181818181818183
}