{
  "halstead_volume": 50.18947501009619,
  "cyclomatic_complexity": 3,
  "number_of_LLOC": 9,
  "percent_of_lines_of_comment": 22.22222222222222
}