{
  "halstead_volume": 116.69205856195879,
  "cyclomatic_complexity": 9,
  "number_of_LLOC": 17,
  "percent_of_lines_of_comment": 82.35294117647058
}