{
  "1": [
    [
      31,
      72
    ],
    false,
    true,
    1.9311904907226562e-05,
    "Check fuzzy test report."
  ],
  "2": [
    [
      15,
      39
    ],
    false,
    true,
    1.3828277587890625e-05,
    "Check fuzzy test report."
  ],
  "3": [
    [
      62,
      92
    ],
    false,
    true,
    2.47955322265625e-05,
    "Check fuzzy test report."
  ],
  "4": [
    [
      12,
      92
    ],
    false,
    true,
    5.125999450683594e-05,
    "Check fuzzy test report."
  ],
  "5": [
    [
      8,
      9
    ],
    false,
    true,
    1.1205673217773438e-05,
    "Check fuzzy test report."
  ],
  "6": [
    [
      10,
      66
    ],
    false,
    true,
    3.147125244140625e-05,
    "Check fuzzy test report."
  ],
  "7": [
    [
      661,
      924
    ],
    false,
    true,
    0.0002529621124267578,
    "Check fuzzy test report."
  ],
  "8": [
    [
      23,
      23
    ],
    false,
    true,
    1.049041748046875e-05,
    "Check fuzzy test report."
  ],
  "9": [
    [
      200,
      200
    ],
    false,
    true,
    4.100799560546875e-05,
    "Check fuzzy test report."
  ],
  "10": [
    [
      25,
      59
    ],
    false,
    true,
    1.5020370483398438e-05,
    "Check fuzzy test report."
  ],
  "11": [
    [
      37,
      51
    ],
    false,
    true,
    1.9073486328125e-05,
    "Check fuzzy test report."
  ],
  "12": [
    [
      14,
      64
    ],
    false,
    true,
    4.76837158203125e-06,
    "Check fuzzy test report."
  ],
  "13": [
    [
      25,
      87
    ],
    false,
    true,
    3.123283386230469e-05,
    "Check fuzzy test report."
  ],
  "14": [
    [
      5,
      7
    ],
    false,
    true,
    7.867813110351562e-06,
    "Check fuzzy test report."
  ],
  "15": [
    [
      0,
      3
    ],
    false,
    true,
    7.867813110351562e-06,
    "Check fuzzy test report."
  ],
  "16": [
    [
      33,
      36
    ],
    false,
    true,
    8.106231689453125e-06,
    "Check fuzzy test report."
  ],
  "17": [
    [
      62,
      78
    ],
    false,
    true,
    2.8371810913085938e-05,
    "Check fuzzy test report."
  ],
  "18": [
    [
      35,
      49
    ],
    false,
    true,
    2.0742416381835938e-05,
    "Check fuzzy test report."
  ],
  "19": [
    [
      3,
      5
    ],
    false,
    true,
    5.7220458984375e-06,
    "Check fuzzy test report."
  ],
  "20": [
    [
      56,
      66
    ],
    false,
    true,
    1.2874603271484375e-05,
    "Check fuzzy test report."
  ],
  "21": [
    [
      639,
      975
    ],
    false,
    true,
    0.00021028518676757812,
    "Check fuzzy test report."
  ],
  "22": [
    [
      40,
      200
    ],
    false,
    true,
    3.2901763916015625e-05,
    "Check fuzzy test report."
  ],
  "23": [
    [
      52,
      71
    ],
    false,
    true,
    3.075599670410156e-05,
    "Check fuzzy test report."
  ],
  "24": [
    [
      74,
      95
    ],
    false,
    true,
    3.5762786865234375e-05,
    "Check fuzzy test report."
  ],
  "25": [
    [
      29,
      93
    ],
    false,
    true,
    3.147125244140625e-05,
    "Check fuzzy test report."
  ],
  "26": [
    [
      62,
      99
    ],
    false,
    true,
    2.3365020751953125e-05,
    "Check fuzzy test report."
  ],
  "27": [
    [
      66,
      93
    ],
    false,
    true,
    4.315376281738281e-05,
    "Check fuzzy test report."
  ],
  "28": [
    [
      62,
      63
    ],
    false,
    true,
    2.002716064453125e-05,
    "Check fuzzy test report."
  ],
  "29": [
    [
      59,
      97
    ],
    false,
    true,
    2.384185791015625e-05,
    "Check fuzzy test report."
  ],
  "30": [
    [
      55,
      98
    ],
    false,
    true,
    2.9802322387695312e-05,
    "Check fuzzy test report."
  ],
  "31": [
    [
      75,
      88
    ],
    false,
    true,
    5.4836273193359375e-06,
    "Check fuzzy test report."
  ],
  "32": [
    [
      21,
      97
    ],
    false,
    true,
    3.886222839355469e-05,
    "Check fuzzy test report."
  ],
  "33": [
    [
      667,
      774
    ],
    false,
    true,
    0.00010967254638671875,
    "Check fuzzy test report."
  ],
  "34": [
    [
      16,
      61
    ],
    false,
    true,
    6.67572021484375e-06,
    "Check fuzzy test report."
  ],
  "35": [
    [
      30,
      48
    ],
    false,
    true,
    1.049041748046875e-05,
    "Check fuzzy test report."
  ],
  "36": [
    [
      246,
      750
    ],
    false,
    true,
    0.0001506805419921875,
    "Check fuzzy test report."
  ],
  "37": [
    [
      1,
      5
    ],
    false,
    true,
    1.5497207641601562e-05,
    "Check fuzzy test report."
  ],
  "38": [
    [
      22,
      63
    ],
    false,
    true,
    5.3882598876953125e-05,
    "Check fuzzy test report."
  ],
  "39": [
    [
      20,
      30
    ],
    false,
    true,
    1.1682510375976562e-05,
    "Check fuzzy test report."
  ],
  "40": [
    [
      0,
      2
    ],
    false,
    true,
    4.0531158447265625e-06,
    "Check fuzzy test report."
  ],
  "41": [
    [
      6,
      6
    ],
    false,
    true,
    5.4836273193359375e-06,
    "Check fuzzy test report."
  ],
  "42": [
    [
      29,
      79
    ],
    false,
    true,
    2.8371810913085938e-05,
    "Check fuzzy test report."
  ],
  "43": [
    [
      68,
      86
    ],
    false,
    true,
    2.0742416381835938e-05,
    "Check fuzzy test report."
  ],
  "44": [
    [
      13,
      68
    ],
    false,
    true,
    "LLM's code raised exception:'>' not supported between instances of 'int' and 'NoneType'"
  ],
  "45": [
    [
      30,
      200
    ],
    false,
    true,
    3.9577484130859375e-05,
    "Check fuzzy test report."
  ],
  "46": [
    [
      30,
      87
    ],
    false,
    true,
    2.3365020751953125e-05,
    "Check fuzzy test report."
  ],
  "47": [
    [
      37,
      76
    ],
    false,
    true,
    2.4080276489257812e-05,
    "Check fuzzy test report."
  ],
  "48": [
    [
      533,
      605
    ],
    false,
    true,
    8.320808410644531e-05,
    "Check fuzzy test report."
  ],
  "49": [
    [
      80,
      200
    ],
    false,
    true,
    7.557868957519531e-05,
    "Check fuzzy test report."
  ],
  "50": [
    [
      70,
      84
    ],
    false,
    true,
    1.1205673217773438e-05,
    "Check fuzzy test report."
  ],
  "51": [
    [
      1,
      8
    ],
    false,
    true,
    1.2159347534179688e-05,
    "Check fuzzy test report."
  ],
  "52": [
    [
      28,
      38
    ],
    false,
    true,
    1.5735626220703125e-05,
    "Check fuzzy test report."
  ],
  "53": [
    [
      100,
      200
    ],
    false,
    true,
    6.413459777832031e-05,
    "Check fuzzy test report."
  ],
  "54": [
    [
      34,
      55
    ],
    false,
    true,
    "LLM's code raised exception:'>' not supported between instances of 'int' and 'NoneType'"
  ],
  "56": [
    [
      0,
      0
    ],
    false,
    true,
    8.821487426757812e-06,
    "Check fuzzy test report."
  ],
  "57": [
    [
      27,
      55
    ],
    false,
    true,
    1.1205673217773438e-05,
    "Check fuzzy test report."
  ],
  "58": [
    [
      209,
      556
    ],
    false,
    true,
    0.00019288063049316406,
    "Check fuzzy test report."
  ],
  "59": [
    [
      0,
      9
    ],
    false,
    true,
    1.2874603271484375e-05,
    "Check fuzzy test report."
  ],
  "60": [
    [
      75,
      85
    ],
    false,
    true,
    1.7642974853515625e-05,
    "Check fuzzy test report."
  ],
  "62": [
    [
      91,
      99
    ],
    false,
    true,
    3.552436828613281e-05,
    "Check fuzzy test report."
  ],
  "63": [
    [
      22,
      88
    ],
    false,
    true,
    3.838539123535156e-05,
    "Check fuzzy test report."
  ],
  "64": [
    [
      0,
      4
    ],
    false,
    true,
    1.3589859008789062e-05,
    "Check fuzzy test report."
  ],