{
  "23": [
    [
      18,
      52
    ],
    false,
    true,
    1.6689300537109375e-06,
    "Check fuzzy test report."
  ],
  "36": [
    [
      113,
      991
    ],
    false,
    true,
    1.6689300537109375e-06,
    "Check fuzzy test report."
  ],
  "45": [
    [
      4,
      8
    ],
    true,
    false,
    "Check the pre-existing tests report."
  ]
}