{
  "halstead_volume": 89.20647778231529,
  "cyclomatic_complexity": 1,
  "number_of_LLOC": 6,
  "percent_of_lines_of_comment": 66.66666666666666
}