{
  "halstead_volume": 85.83671966625714,
  "cyclomatic_complexity": 7,
  "number_of_LLOC": 13,
  "percent_of_lines_of_comment": 92.3076923076923
}