{
  "halstead_volume": 100.07820003461549,
  "cyclomatic_complexity": 8,
  "number_of_LLOC": 15,
  "percent_of_lines_of_comment": 86.66666666666667
}