{
  "halstead_volume": 22.458839376460833,
  "cyclomatic_complexity": 6,
  "number_of_LLOC": 6,
  "percent_of_lines_of_comment": 83.33333333333334
}