{
  "1": [
    [
      27
    ],
    false,
    true,
    0.0004596710205078125,
    "Check fuzzy test report."
  ],
  "2": [
    [
      147
    ],
    true,
    false,
    "Check the pre-existing tests report."
  ],
  "3": [
    [
      100
    ],
    true,
    false,
    "Check the pre-existing tests report."
  ],
  "4": [
    [
      15
    ],
    false,
    true,
    0.00038433074951171875,
    "Check fuzzy test report."
  ],
  "5": [
    [
      17
    ],
    false,
    true,
    0.0004119873046875,
    "Check fuzzy test report."
  ],
  "6": [
    [
      474
    ],
    true,
    false,
    "Check the pre-existing tests report."
  ],
  "7": [
    [
      416
    ],
    false,
    true,
    0.007066965103149414,
    "Check fuzzy test report."
  ],
  "8": [
    [
      49
    ],
    false,
    true,
    0.0006482601165771484,
    "Check fuzzy test report."
  ],
  "9": [
    [
      72
    ],
    true,
    false,
    "Check the pre-existing tests report."
  ],
  "10": [
    [
      54
    ],
    false,
    true,
    0.0007121562957763672,
    "Check fuzzy test report."
  ],
  "11": [
    [
      77
    ],
    false,
    true,
    0.0009350776672363281,
    "Check fuzzy test report."
  ],
  "12": [
    [
      23
    ],
    false,
    true,
    0.0004856586456298828,
    "Check fuzzy test report."
  ],
  "13": [
    [
      206
    ],
    true,
    false,
    "Check the pre-existing tests report."
  ],
  "14": [
    [
      63
    ],
    false,
    true,
    0.0007469654083251953,
    "Check fuzzy test report."
  ],
  "15": [
    [
      4
    ],
    false,
    true,
    2.6464462280273438e-05,
    "Check fuzzy test report."
  ],
  "16": [
    [
      255
    ],
    false,
    true,
    0.0031549930572509766,
    "Check fuzzy test report."
  ],
  "17": [
    [
      289
    ],
    false,
    true,
    0.004098653793334961,
    "Check fuzzy test report."
  ],
  "18": [
    [
      392
    ],
    true,
    false,
    "Check the pre-existing tests report."
  ],
  "19": [
    [
      67
    ],
    true,
    false,
    "Check the pre-existing tests report."
  ],
  "20": [
    [
      53
    ],
    false,
    true,
    0.0006489753723144531,
    "Check fuzzy test report."
  ],
  "21": [
    [
      407
    ],
    false,
    true,
    0.007067203521728516,
    "Check fuzzy test report."
  ],
  "22": [
    [
      20
    ],
    false,
    true,
    0.0003962516784667969,
    "Check fuzzy test report."
  ],
  "23": [
    [
      69
    ],
    false,
    true,
    0.0007753372192382812,
    "Check fuzzy test report."
  ],
  "24": [
    [
      29
    ],
    true,
    false,
    "Check the pre-existing tests report."
  ],
  "25": [
    [
      90
    ],
    true,
    false,
    "Check the pre-existing tests report."
  ],
  "26": [
    [
      366
    ],
    true,
    false,
    "Check the pre-existing tests report."
  ],
  "27": [
    [
      56
    ],
    false,
    true,
    0.0007061958312988281,
    "Check fuzzy test report."
  ],
  "28": [
    [
      43
    ],
    false,
    true,
    0.0005984306335449219,
    "Check fuzzy test report."
  ],
  "29": [
    [
      19
    ],
    false,
    true,
    0.0003941059112548828,
    "Check fuzzy test report."
  ],
  "30": [
    [
      94
    ],
    false,
    true,
    0.0010132789611816406,
    "Check fuzzy test report."
  ],
  "31": [
    [
      66
    ],
    true,
    false,
    "Check the pre-existing tests report."
  ],
  "32": [
    [
      113
    ],
    false,
    true,
    0.001196146011352539,
    "Check fuzzy test report."
  ],
  "33": [
    [
      475
    ],
    true,
    false,
    "Check the pre-existing tests report."
  ],
  "34": [
    [
      33
    ],
    false,
    true,
    0.0004849433898925781,
    "Check fuzzy test report."
  ],
  "35": [
    [
      116
    ],
    false,
    true,
    0.0012874603271484375,
    "Check fuzzy test report."
  ],
  "36": [
    [
      338
    ],
    true,
    false,
    "Check the pre-existing tests report."
  ],
  "37": [
    [
      84
    ],
    true,
    false,
    "Check the pre-existing tests report."
  ],
  "38": [
    [
      38
    ],
    false,
    true,
    0.0005614757537841797,
    "Check fuzzy test report."
  ],
  "39": [
    [
      59
    ],
    false,
    true,
    0.0007584095001220703,
    "Check fuzzy test report."
  ],
  "40": [
    [
      3
    ],
    false,
    true,
    3.170967102050781e-05,
    "Check fuzzy test report."
  ],
  "41": [
    [
      60
    ],
    true,
    false,
    "Check the pre-existing tests report."
  ],
  "42": [
    [
      279
    ],
    true,
    false,
    "Check the pre-existing tests report."
  ],
  "43": [
    [
      51
    ],
    false,
    true,
    0.0006411075592041016,
    "Check fuzzy test report."
  ],
  "44": [
    [
      445
    ],
    true,
    false,
    "Check the pre-existing tests report."
  ],
  "45": [
    [
      21
    ],
    false,
    true,
    0.00043702125549316406,
    "Check fuzzy test report."
  ],
  "46": [
    [
      464
    ],
    false,
    true,
    0.008263111114501953,
    "Check fuzzy test report."
  ],
  "47": [
    [
      34
    ],
    true,
    false,
    "Check the pre-existing tests report."
  ],
  "48": [
    [
      186
    ],
    true,
    false,
    "Check the pre-existing tests report."
  ],
  "49": [
    [
      47
    ],
    true,
    false,
    "Check the pre-existing tests report."
  ],
  "50": [
    [
      40
    ],
    false,
    true,
    0.000537872314453125,
    "Check fuzzy test report."
  ],
  "51": [
    [
      73
    ],
    true,
    false,
    "Check the pre-existing tests report."
  ],
  "52": [
    [
      423
    ],
    false,
    true,
    0.007236957550048828,
    "Check fuzzy test report."
  ],
  "53": [
    [
      68
    ],
    true,
    false,
    "Check the pre-existing tests report."
  ],
  "54": [
    [
      85
    ],
    true,
    false,
    "Check the pre-existing tests report."
  ],
  "55": [
    [
      97
    ],
    false,
    true,
    0.0010766983032226562,
    "Check fuzzy test report."
  ],
  "56": [
    [
      95
    ],
    true,
    false,
    "Check the pre-existing tests report."
  ],
  "57": [
    [
      92
    ],
    false,
    true,
    0.0010330677032470703,
    "Check fuzzy test report."
  ],
  "58": [
    [
      223
    ],
    false,
    true,
    0.0029375553131103516,
    "Check fuzzy test report."
  ],
  "59": [
    [
      39
    ],
    true,
    false,
    "Check the pre-existing tests report."
  ],
  "60": [
    [
      88
    ],
    false,
    true,
    0.0009417533874511719,
    "Check fuzzy test report."
  ],
  "61": [
    [
      74
    ],
    true,
    false,
    "Check the pre-existing tests report."
  ],
  "62": [
    [
      188
    ],
    false,
    true,
    0.002118349075317383,
    "Check fuzzy test report."
  ],
  "63": [
    [
      18
    ],
    false,
    true,
    0.0004191398620605469,
    "Check fuzzy test report."
  ],
  "64": [
    [
      9
    ],
    false,
    true,
    0.00032782554626464844,
    "Check fuzzy test report."
  ],
  "65": [
    [
      35
    ],
    false,
    true,
    0.0004973411560058594,
    "Check fuzzy test report."
  ],
  "66": [
    [
      25
    ],
    false,
    true,
    0.0004429817199707031,
    "Check fuzzy test report."
  ],
  "67": [
    [
      42
    ],
    false,
    true,
    0.0005943775177001953,
    "Check fuzzy test report."
  ],
  "68": [
    [
      76
    ],
    true,
    false,
    "Check the pre-existing tests report."
  ],
  "69": [
    [
      472
    ],
    false,
    true,
    0.008704185485839844,
    "Check fuzzy test report."
  ],
  "70": [
    [
      401
    ],
    false,
    true,
    0.0062940120697021484,
    "Check fuzzy test report."
  ],
  "71": [
    [
      78
    ],
    true,
    false,
    "Check the pre-existing tests report."
  ],
  "72": [
    [
      16
    ],
    false,
    true,
    0.0003910064697265625,
    "Check fuzzy test report."
  ],