{
  "halstead_volume": 70.32403072095333,
  "cyclomatic_complexity": 4,
  "number_of_LLOC": 6,
  "percent_of_lines_of_comment": 66.66666666666666
}