{
  "halstead_volume": 81.7492568250068,
  "cyclomatic_complexity": 7,
  "number_of_LLOC": 3,
  "percent_of_lines_of_comment": 66.66666666666666
}