{
  "halstead_volume": 42.11032383086406,
  "cyclomatic_complexity": 4,
  "number_of_LLOC": 11,
  "percent_of_lines_of_comment": 18.181818181818183
}