{
  "8": [
    [
      23,
      23
    ],
    false,
    true,
    8.58306884765625e-06,
    "Check fuzzy test report."
  ],
  "41": [
    [
      6,
      6
    ],
    false,
    true,
    6.4373016357421875e-06,
    "Check fuzzy test report."
  ],
  "55": [
    [
      0,
      10
    ],
    false,
    true,
    8.58306884765625e-06,
    "Check fuzzy test report."
  ],
  "56": [
    [
      0,
      0
    ],
    false,
    true,
    5.0067901611328125e-06,
    "Check fuzzy test report."
  ],
  "59": [
    [
      0,
      9
    ],
    false,
    true,
    5.4836273193359375e-06,
    "Check fuzzy test report."
  ],
  "61": [
    [
      0,
      7
    ],
    false,
    true,
    7.867813110351562e-06,
    "Check fuzzy test report."
  ],
  "64": [
    [
      0,
      4
    ],
    false,
    true,
    3.0994415283203125e-06,
    "Check fuzzy test report."
  ],
  "68": [
    [
      0,
      8
    ],
    false,
    true,
    2.6226043701171875e-06,
    "Check fuzzy test report."
  ],
  "79": [
    [
      4,
      4
    ],
    false,
    true,
    7.867813110351562e-06,
    "Check fuzzy test report."
  ],
  "91": [
    [
      0,
      5
    ],
    false,
    true,
    4.0531158447265625e-06,
    "Check fuzzy test report."
  ],
  "92": [
    [
      0,
      1
    ],
    false,
    true,
    3.814697265625e-06,
    "Check fuzzy test report."
  ],
  "98": [
    [
      0,
      6
    ],
    false,
    true,
    6.198883056640625e-06,
    "Check fuzzy test report."
  ]
}