{
  "halstead_volume": 51.89147427955947,
  "cyclomatic_complexity": 6,
  "number_of_LLOC": 14,
  "percent_of_lines_of_comment": 78.57142857142857
}