{
  "1": [
    [
      27
    ],
    true,
    false,
    "Check the pre-existing tests report."
  ],
  "2": [
    [
      147
    ],
    false,
    true,
    0.0016050338745117188,
    "Check fuzzy test report."
  ],
  "3": [
    [
      100
    ],
    false,
    true,
    0.00028133392333984375,
    "Check fuzzy test report."
  ],
  "4": [
    [
      15
    ],
    false,
    true,
    0.00036787986755371094,
    "Check fuzzy test report."
  ],
  "5": [
    [
      17
    ],
    false,
    true,
    0.00032448768615722656,
    "Check fuzzy test report."
  ],
  "6": [
    [
      474
    ],
    false,
    true,
    0.0016818046569824219,
    "Check fuzzy test report."
  ],
  "7": [
    [
      416
    ],
    false,
    true,
    0.0013206005096435547,
    "Check fuzzy test report."
  ],
  "8": [
    [
      49
    ],
    true,
    false,
    "Check the pre-existing tests report."
  ],
  "9": [
    [
      72
    ],
    true,
    false,
    "Check the pre-existing tests report."
  ],
  "10": [
    [
      54
    ],
    true,
    false,
    "Check the pre-existing tests report."
  ],
  "11": [
    [
      77
    ],
    false,
    true,
    0.0009233951568603516,
    "Check fuzzy test report."
  ],
  "12": [
    [
      23
    ],
    false,
    true,
    5.054473876953125e-05,
    "Check fuzzy test report."
  ],
  "13": [
    [
      206
    ],
    false,
    true,
    0.0010378360748291016,
    "Check fuzzy test report."
  ],
  "14": [
    [
      63
    ],
    false,
    true,
    0.00010180473327636719,
    "Check fuzzy test report."
  ],
  "15": [
    [
      4
    ],
    false,
    true,
    2.193450927734375e-05,
    "Check fuzzy test report."
  ],
  "16": [
    [
      255
    ],
    true,
    false,
    "Check the pre-existing tests report."
  ],
  "17": [
    [
      289
    ],
    true,
    false,
    "Check the pre-existing tests report."
  ],
  "18": [
    [
      392
    ],
    false,
    true,
    0.006154775619506836,
    "Check fuzzy test report."
  ],
  "20": [
    [
      53
    ],
    false,
    true,
    0.0001277923583984375,
    "Check fuzzy test report."
  ],
  "21": [
    [
      407
    ],
    false,
    true,
    0.00719451904296875,
    "Check fuzzy test report."
  ],
  "22": [
    [
      20
    ],
    true,
    false,
    "Check the pre-existing tests report."
  ],
  "23": [
    [
      69
    ],
    false,
    true,
    0.0007443428039550781,
    "Check fuzzy test report."
  ],
  "24": [
    [
      29
    ],
    false,
    false,
    "No Python function was generated."
  ],
  "25": [
    [
      90
    ],
    true,
    false,
    "Check the pre-existing tests report."
  ],
  "27": [
    [
      56
    ],
    false,
    true,
    0.0006797313690185547,
    "Check fuzzy test report."
  ],
  "28": [
    [
      43
    ],
    false,
    true,
    0.0005896091461181641,
    "Check fuzzy test report."
  ],
  "29": [
    [
      19
    ],
    false,
    true,
    0.0001537799835205078,
    "Check fuzzy test report."
  ],
  "31": [
    [
      66
    ],
    false,
    true,
    0.0001285076141357422,
    "Check fuzzy test report."
  ],
  "32": [
    [
      113
    ],
    false,
    true,
    0.0011682510375976562,
    "Check fuzzy test report."
  ],
  "33": [
    [
      475
    ],
    true,
    false,
    "Check the pre-existing tests report."
  ],
  "34": [
    [
      33
    ],
    true,
    false,
    "Check the pre-existing tests report."
  ],
  "35": [
    [
      116
    ],
    true,
    false,
    "Check the pre-existing tests report."
  ],
  "36": [
    [
      338
    ],
    false,
    true,
    0.0025970935821533203,
    "Check fuzzy test report."
  ],
  "37": [
    [
      84
    ],
    false,
    true,
    0.0002911090850830078,
    "Check fuzzy test report."
  ],
  "38": [
    [
      38
    ],
    false,
    true,
    6.341934204101562e-05,
    "Check fuzzy test report."
  ],
  "39": [
    [
      59
    ],
    false,
    true,
    9.512901306152344e-05,
    "Check fuzzy test report."
  ],
  "40": [
    [
      3
    ],
    true,
    false,
    "Check the pre-existing tests report."
  ],
  "41": [
    [
      60
    ],
    false,
    true,
    0.0007131099700927734,
    "Check fuzzy test report."
  ],
  "43": [
    [
      51
    ],
    true,
    false,
    "Check the pre-existing tests report."
  ],
  "44": [
    [
      445
    ],
    false,
    true,
    0.0002903938293457031,
    "Check fuzzy test report."
  ],
  "45": [
    [
      21
    ],
    false,
    true,
    4.00543212890625e-05,
    "Check fuzzy test report."
  ],
  "46": [
    [
      464
    ],
    false,
    true,
    0.0016825199127197266,
    "Check fuzzy test report."
  ],
  "47": [
    [
      34
    ],
    false,
    true,
    0.0005221366882324219,
    "Check fuzzy test report."
  ],
  "48": [
    [
      186
    ],
    false,
    true,
    0.00038123130798339844,
    "Check fuzzy test report."
  ],
  "49": [
    [
      47
    ],
    false,
    true,
    0.0005941390991210938,
    "Check fuzzy test report."
  ],
  "51": [
    [
      73
    ],
    false,
    true,
    0.00020623207092285156,
    "Check fuzzy test report."
  ],
  "53": [
    [
      68
    ],
    false,
    true,
    0.0007662773132324219,
    "Check fuzzy test report."
  ],
  "54": [
    [
      85
    ],
    true,
    false,
    "Check the pre-existing tests report."
  ],
  "55": [
    [
      97
    ],
    false,
    true,
    0.001074075698852539,
    "Check fuzzy test report."
  ],
  "56": [
    [
      95
    ],
    false,
    true,
    0.0001659393310546875,
    "Check fuzzy test report."
  ],
  "58": [
    [
      223
    ],
    false,
    true,
    0.0005376338958740234,
    "Check fuzzy test report."
  ],
  "59": [
    [
      39
    ],
    false,
    true,
    0.0005319118499755859,
    "Check fuzzy test report."
  ],
  "60": [
    [
      88
    ],
    false,
    true,
    0.0009615421295166016,
    "Check fuzzy test report."
  ],
  "61": [
    [
      74
    ],
    false,
    true,
    0.0001983642578125,
    "Check fuzzy test report."
  ],
  "63": [
    [
      18
    ],
    false,
    true,
    0.0002892017364501953,
    "Check fuzzy test report."
  ],
  "64": [
    [
      9
    ],
    false,
    true,
    2.1457672119140625e-05,
    "Check fuzzy test report."
  ],
  "65": [
    [
      35
    ],
    false,
    true,
    6.461143493652344e-05,
    "Check fuzzy test report."
  ],
  "66": [
    [
      25
    ],
    false,
    true,
    0.00047469139099121094,
    "Check fuzzy test report."
  ],
  "67": [
    [
      42
    ],
    true,
    false,
    "Check the pre-existing tests report."
  ],
  "68": [
    [
      76
    ],
    false,
    true,
    0.00011706352233886719,
    "Check fuzzy test report."
  ],
  "69": [
    [
      472
    ],
    false,
    true,
    0.009579896926879883,
    "Check fuzzy test report."
  ],
  "70": [
    [
      401
    ],
    false,
    true,
    0.006246328353881836,
    "Check fuzzy test report."
  ],
  "71": [
    [
      78
    ],
    false,
    true,
    0.00014448165893554688,
    "Check fuzzy test report."
  ],
  "72": [
    [
      16
    ],
    false,
    true,
    3.4809112548828125e-05,
    "Check fuzzy test report."
  ],
  "73": [
    [
      41
    ],
    true,
    false,
    "Check the pre-existing tests report."
  ],
  "74": [
    [
      96
    ],
    false,
    true,
    0.001020669937133789,
    "Check fuzzy test report."
  ],
  "75": [
    [
      80
    ],
    false,
    true,
    0.0009033679962158203,
    "Check fuzzy test report."
  ],
  "76": [
    [
      257
    ],
    true,
    false,
    "Check the pre-existing tests report."
  ],
  "77": [
    [
      173
    ],
    false,
    true,
    0.00037479400634765625,
    "Check fuzzy test report."
  ],
  "78": [
    [
      48
    ],
    false,
    true,
    0.000301361083984375,
    "Check fuzzy test report."
  ],
  "79": [
    [
      64
    ],
    false,
    true,
    0.0008399486541748047,
    "Check fuzzy test report."
  ],