{
  "halstead_volume": 78.13781191217038,
  "cyclomatic_complexity": 7,
  "number_of_LLOC": 17,
  "percent_of_lines_of_comment": 70.58823529411765
}