{
  "halstead_volume": 68.53238859703687,
  "cyclomatic_complexity": 4,
  "number_of_LLOC": 6,
  "percent_of_lines_of_comment": 83.33333333333334
}