{
  "halstead_volume": 87.56916320732489,
  "cyclomatic_complexity": 6,
  "number_of_LLOC": 16,
  "percent_of_lines_of_comment": 6.666666666666667
}