{
  "halstead_volume": 11.60964047443681,
  "cyclomatic_complexity": 2,
  "number_of_LLOC": 7,
  "percent_of_lines_of_comment": 33.33333333333333
}