{
  "halstead_volume": 151.26748332105768,
  "cyclomatic_complexity": 3,
  "number_of_LLOC": 26,
  "percent_of_lines_of_comment": 11.538461538461538
}