{
  "halstead_volume": 38.03910001730775,
  "cyclomatic_complexity": 4,
  "number_of_LLOC": 13,
  "percent_of_lines_of_comment": 61.53846153846154
}