{
  "1": [
    [
      27
    ],
    false,
    true,
    0.0016551017761230469,
    "Check fuzzy test report."
  ],
  "2": [
    [
      147
    ],
    false,
    true,
    0.0003235340118408203,
    "Check fuzzy test report."
  ],
  "3": [
    [
      100
    ],
    true,
    false,
    "Check the pre-existing tests report."
  ],
  "4": [
    [
      15
    ],
    true,
    false,
    "Check the pre-existing tests report."
  ],
  "5": [
    [
      17
    ],
    true,
    false,
    "Check the pre-existing tests report."
  ],
  "6": [
    [
      474
    ],
    false,
    true,
    0.0017352104187011719,
    "Check fuzzy test report."
  ],
  "7": [
    [
      416
    ],
    false,
    true,
    0.0014178752899169922,
    "Check fuzzy test report."
  ],
  "8": [
    [
      49
    ],
    false,
    true,
    8.845329284667969e-05,
    "Check fuzzy test report."
  ],
  "9": [
    [
      72
    ],
    false,
    true,
    0.04046177864074707,
    "Check fuzzy test report."
  ],
  "10": [
    [
      54
    ],
    false,
    true,
    9.894371032714844e-05,
    "Check fuzzy test report."
  ],
  "11": [
    [
      77
    ],
    false,
    true,
    0.0001468658447265625,
    "Check fuzzy test report."
  ],
  "12": [
    [
      23
    ],
    true,
    false,
    "Check the pre-existing tests report."
  ],
  "13": [
    [
      206
    ],
    false,
    true,
    0.0004508495330810547,
    "Check fuzzy test report."
  ],
  "14": [
    [
      63
    ],
    false,
    true,
    0.00010442733764648438,
    "Check fuzzy test report."
  ],
  "15": [
    [
      4
    ],
    false,
    true,
    2.4080276489257812e-05,
    "Check fuzzy test report."
  ],
  "16": [
    [
      255
    ],
    true,
    false,
    "Check the pre-existing tests report."
  ],
  "17": [
    [
      289
    ],
    false,
    true,
    0.8182370662689209,
    "Check fuzzy test report."
  ],
  "18": [
    [
      392
    ],
    false,
    true,
    1.813692569732666,
    "Check fuzzy test report."
  ],
  "19": [
    [
      67
    ],
    true,
    false,
    "Check the pre-existing tests report."
  ],
  "20": [
    [
      53
    ],
    true,
    false,
    "Check the pre-existing tests report."
  ],
  "21": [
    [
      407
    ],
    false,
    true,
    0.0014548301696777344,
    "Check fuzzy test report."
  ],
  "22": [
    [
      20
    ],
    true,
    false,
    "Check the pre-existing tests report."
  ],
  "23": [
    [
      69
    ],
    false,
    true,
    0.0021419525146484375,
    "Check fuzzy test report."
  ],
  "24": [
    [
      29
    ],
    true,
    false,
    "Check the pre-existing tests report."
  ],
  "25": [
    [
      90
    ],
    false,
    true,
    0.0001609325408935547,
    "Check fuzzy test report."
  ],
  "26": [
    [
      366
    ],
    false,
    true,
    0.001108407974243164,
    "Check fuzzy test report."
  ],
  "27": [
    [
      56
    ],
    false,
    true,
    0.0001010894775390625,
    "Check fuzzy test report."
  ],
  "28": [
    [
      43
    ],
    true,
    false,
    "Check the pre-existing tests report."
  ],
  "29": [
    [
      19
    ],
    true,
    false,
    "Check the pre-existing tests report."
  ],
  "30": [
    [
      94
    ],
    true,
    false,
    "Check the pre-existing tests report."
  ],
  "31": [
    [
      66
    ],
    false,
    true,
    0.0001125335693359375,
    "Check fuzzy test report."
  ],
  "32": [
    [
      113
    ],
    true,
    false,
    "Check the pre-existing tests report."
  ],
  "33": [
    [
      475
    ],
    true,
    false,
    "Check the pre-existing tests report."
  ],
  "34": [
    [
      33
    ],
    false,
    true,
    5.793571472167969e-05,
    "Check fuzzy test report."
  ],
  "35": [
    [
      116
    ],
    false,
    true,
    0.00021147727966308594,
    "Check fuzzy test report."
  ],
  "36": [
    [
      338
    ],
    true,
    false,
    "Check the pre-existing tests report."
  ],
  "37": [
    [
      84
    ],
    false,
    true,
    0.0001404285430908203,
    "Check fuzzy test report."
  ],
  "38": [
    [
      38
    ],
    true,
    false,
    "Check the pre-existing tests report."
  ],
  "39": [
    [
      59
    ],
    false,
    true,
    0.00011563301086425781,
    "Check fuzzy test report."
  ],
  "40": [
    [
      3
    ],
    false,
    true,
    2.288818359375e-05,
    "Check fuzzy test report."
  ],
  "41": [
    [
      60
    ],
    true,
    false,
    "Check the pre-existing tests report."
  ],
  "42": [
    [
      279
    ],
    true,
    false,
    "Check the pre-existing tests report."
  ],
  "43": [
    [
      51
    ],
    false,
    true,
    0.0054323673248291016,
    "Check fuzzy test report."
  ],
  "44": [
    [
      445
    ],
    false,
    true,
    1.8207738399505615,
    "Check fuzzy test report."
  ],
  "45": [
    [
      21
    ],
    true,
    false,
    "Check the pre-existing tests report."
  ],
  "46": [
    [
      464
    ],
    true,
    false,
    "Check the pre-existing tests report."
  ],
  "47": [
    [
      34
    ],
    true,
    false,
    "Check the pre-existing tests report."
  ],
  "48": [
    [
      186
    ],
    false,
    true,
    0.0004782676696777344,
    "Check fuzzy test report."
  ],
  "49": [
    [
      47
    ],
    true,
    false,
    "Check the pre-existing tests report."
  ],
  "50": [
    [
      40
    ],
    true,
    false,
    "Check the pre-existing tests report."
  ],
  "51": [
    [
      73
    ],
    true,
    false,
    "Check the pre-existing tests report."
  ],
  "52": [
    [
      423
    ],
    true,
    false,
    "Check the pre-existing tests report."
  ],
  "53": [
    [
      68
    ],
    false,
    true,
    0.00011491775512695312,
    "Check fuzzy test report."
  ],
  "54": [
    [
      85
    ],
    true,
    false,
    "Check the pre-existing tests report."
  ],
  "55": [
    [
      97
    ],
    false,
    true,
    0.0034422874450683594,
    "Check fuzzy test report."
  ],
  "56": [
    [
      95
    ],
    true,
    false,
    "Check the pre-existing tests report."
  ],
  "57": [
    [
      92
    ],
    false,
    true,
    0.0002970695495605469,
    "Check fuzzy test report."
  ],
  "58": [
    [
      223
    ],
    false,
    true,
    0.0005364418029785156,
    "Check fuzzy test report."
  ],
  "59": [
    [
      39
    ],
    true,
    false,
    "Check the pre-existing tests report."
  ],
  "60": [
    [
      88
    ],
    false,
    true,
    0.0001709461212158203,
    "Check fuzzy test report."
  ],
  "61": [
    [
      74
    ],
    true,
    false,
    "Check the pre-existing tests report."
  ],
  "62": [
    [
      188
    ],
    true,
    false,
    "Check the pre-existing tests report."
  ],
  "63": [
    [
      18
    ],
    true,
    false,
    "Check the pre-existing tests report."
  ],
  "64": [
    [
      9
    ],
    false,
    true,
    0.0005025863647460938,
    "Check fuzzy test report."
  ],
  "65": [
    [
      35
    ],
    false,
    true,
    0.006751298904418945,
    "Check fuzzy test report."
  ],
  "66": [
    [
      25
    ],
    true,
    false,
    "Check the pre-existing tests report."
  ],
  "67": [
    [
      42
    ],
    false,
    true,
    7.82012939453125e-05,
    "Check fuzzy test report."
  ],
  "68": [
    [
      76
    ],
    true,
    false,
    "Check the pre-existing tests report."
  ],
  "69": [
    [
      472
    ],
    false,
    true,
    0.0018563270568847656,
    "Check fuzzy test report."
  ],
  "70": [
    [
      401
    ],
    false,
    true,
    0.0012309551239013672,
    "Check fuzzy test report."
  ],
  "71": [
    [
      78
    ],
    true,
    false,
    "Check the pre-existing tests report."
  ],
  "72": [
    [
      16
    ],
    false,
    true,
    3.647804260253906e-05,
    "Check fuzzy test report."
  ],
  "73": [
    [
      41
    ],
    false,
    true,
    7.152557373046875e-05,
    "Check fuzzy test report."
  ],