{
  "halstead_volume": 70.32403072095333,
  "cyclomatic_complexity": 5,
  "number_of_LLOC": 10,
  "percent_of_lines_of_comment": 33.33333333333333
}