{
  "4": [
    [
      49,
      74
    ],
    false,
    true,
    2.5033950805664062e-05,
    "Check fuzzy test report."
  ],
  "5": [
    [
      2,
      8
    ],
    false,
    true,
    7.867813110351562e-06,
    "Check fuzzy test report."
  ],
  "6": [
    [
      20,
      93
    ],
    false,
    true,
    7.462501525878906e-05,
    "Check fuzzy test report."
  ],
  "9": [
    [
      70,
      200
    ],
    false,
    true,
    4.9114227294921875e-05,
    "Check fuzzy test report."
  ],
  "11": [
    [
      48,
      76
    ],
    false,
    true,
    2.9087066650390625e-05,
    "Check fuzzy test report."
  ],
  "12": [
    [
      16,
      87
    ],
    false,
    true,
    4.57763671875e-05,
    "Check fuzzy test report."
  ],
  "15": [
    [
      0,
      4
    ],
    false,
    true,
    1.0967254638671875e-05,
    "Check fuzzy test report."
  ],
  "16": [
    [
      90,
      97
    ],
    false,
    true,
    2.288818359375e-05,
    "Check fuzzy test report."
  ],
  "18": [
    [
      56,
      90
    ],
    false,
    true,
    3.814697265625e-05,
    "Check fuzzy test report."
  ],
  "19": [
    [
      1,
      4
    ],
    false,
    true,
    1.6689300537109375e-05,
    "Check fuzzy test report."
  ],
  "21": [
    [
      15,
      57
    ],
    false,
    true,
    3.170967102050781e-05,
    "Check fuzzy test report."
  ],
  "26": [
    [
      68,
      99
    ],
    false,
    true,
    4.4345855712890625e-05,
    "Check fuzzy test report."
  ],
  "28": [
    [
      86,
      99
    ],
    false,
    true,
    3.409385681152344e-05,
    "Check fuzzy test report."
  ],
  "29": [
    [
      70,
      98
    ],
    false,
    true,
    3.337860107421875e-05,
    "Check fuzzy test report."
  ],
  "33": [
    [
      13,
      35
    ],
    false,
    true,
    1.5974044799804688e-05,
    "Check fuzzy test report."
  ],
  "35": [
    [
      77,
      84
    ],
    false,
    true,
    2.09808349609375e-05,
    "Check fuzzy test report."
  ],
  "37": [
    [
      2,
      7
    ],
    false,
    true,
    1.9788742065429688e-05,
    "Check fuzzy test report."
  ],
  "43": [
    [
      10,
      28
    ],
    false,
    true,
    2.9802322387695312e-05,
    "Check fuzzy test report."
  ],
  "44": [
    [
      36,
      52
    ],
    false,
    true,
    2.9325485229492188e-05,
    "Check fuzzy test report."
  ],
  "45": [
    [
      30,
      200
    ],
    false,
    true,
    0.0002701282501220703,
    "Check fuzzy test report."
  ],
  "47": [
    [
      29,
      53
    ],
    false,
    true,
    2.6702880859375e-05,
    "Check fuzzy test report."
  ],
  "51": [
    [
      6,
      9
    ],
    false,
    true,
    1.8835067749023438e-05,
    "Check fuzzy test report."
  ],
  "52": [
    [
      38,
      81
    ],
    false,
    true,
    3.981590270996094e-05,
    "Check fuzzy test report."
  ],
  "53": [
    [
      200,
      202
    ],
    false,
    true,
    1.811981201171875e-05,
    "Check fuzzy test report."
  ],
  "54": [
    [
      35,
      64
    ],
    false,
    true,
    4.220008850097656e-05,
    "Check fuzzy test report."
  ],
  "55": [
    [
      10,
      12
    ],
    false,
    true,
    1.621246337890625e-05,
    "Check fuzzy test report."
  ],
  "56": [
    [
      7,
      9
    ],
    false,
    true,
    1.9073486328125e-05,
    "Check fuzzy test report."
  ],
  "64": [
    [
      0,
      5
    ],
    false,
    true,
    1.8596649169921875e-05,
    "Check fuzzy test report."
  ],
  "65": [
    [
      51,
      76
    ],
    false,
    true,
    2.9325485229492188e-05,
    "Check fuzzy test report."
  ],
  "66": [
    [
      11,
      76
    ],
    false,
    true,
    5.364418029785156e-05,
    "Check fuzzy test report."
  ],
  "68": [
    [
      0,
      9
    ],
    false,
    true,
    1.6927719116210938e-05,
    "Check fuzzy test report."
  ],
  "69": [
    [
      39,
      43
    ],
    false,
    true,
    2.574920654296875e-05,
    "Check fuzzy test report."
  ],
  "73": [
    [
      10,
      76
    ],
    false,
    true,
    0.00017905235290527344,
    "Check fuzzy test report."
  ],
  "76": [
    [
      450,
      905
    ],
    false,
    true,
    0.00039076805114746094,
    "Check fuzzy test report."
  ],
  "77": [
    [
      18,
      52
    ],
    false,
    true,
    4.887580871582031e-05,
    "Check fuzzy test report."
  ],
  "78": [
    [
      62,
      96
    ],
    false,
    true,
    4.9114227294921875e-05,
    "Check fuzzy test report."
  ],
  "82": [
    [
      20,
      200
    ],
    false,
    true,
    0.00012612342834472656,
    "Check fuzzy test report."
  ],
  "85": [
    [
      1,
      8
    ],
    false,
    true,
    2.1696090698242188e-05,
    "Check fuzzy test report."
  ],
  "86": [
    [
      19,
      32
    ],
    false,
    true,
    4.0531158447265625e-05,
    "Check fuzzy test report."
  ],
  "87": [
    [
      20,
      43
    ],
    false,
    true,
    4.1961669921875e-05,
    "Check fuzzy test report."
  ],
  "90": [
    [
      60,
      90
    ],
    false,
    true,
    5.555152893066406e-05,
    "Check fuzzy test report."
  ],
  "91": [
    [
      0,
      6
    ],
    false,
    true,
    1.5020370483398438e-05,
    "Check fuzzy test report."
  ],
  "93": [
    [
      57,
      85
    ],
    false,
    true,
    4.553794860839844e-05,
    "Check fuzzy test report."
  ],
  "94": [
    [
      42,
      87
    ],
    false,
    true,
    4.029273986816406e-05,
    "Check fuzzy test report."
  ],
  "97": [
    [
      34,
      69
    ],
    false,
    true,
    4.267692565917969e-05,
    "Check fuzzy test report."
  ]
}