{
  "halstead_volume": 68.53238859703687,
  "cyclomatic_complexity": 2,
  "number_of_LLOC": 9,
  "percent_of_lines_of_comment": 33.33333333333333
}