{
  "1": [
    [
      51
    ],
    false,
    true,
    7.62939453125e-06,
    "Check fuzzy test report."
  ],
  "2": [
    [
      147
    ],
    false,
    true,
    4.76837158203125e-06,
    "Check fuzzy test report."
  ],
  "4": [
    [
      40
    ],
    false,
    true,
    4.76837158203125e-06,
    "Check fuzzy test report."
  ],
  "5": [
    [
      13
    ],
    false,
    true,
    "LLM's code raised exception:unsupported operand type(s) for *: 'range' and 'int'"
  ],
  "6": [
    [
      474
    ],
    false,
    true,
    1.4066696166992188e-05,
    "Check fuzzy test report."
  ],
  "7": [
    [
      416
    ],
    false,
    true,
    7.62939453125e-06,
    "Check fuzzy test report."
  ],
  "8": [
    [
      53
    ],
    false,
    true,
    4.5299530029296875e-06,
    "Check fuzzy test report."
  ],
  "9": [
    [
      68
    ],
    false,
    true,
    2.86102294921875e-06,
    "Check fuzzy test report."
  ],
  "10": [
    [
      100
    ],
    false,
    true,
    "LLM's code raised exception:unsupported operand type(s) for +: 'int' and 'list'"
  ],
  "11": [
    [
      56
    ],
    false,
    true,
    2.8848648071289062e-05,
    "Check fuzzy test report."
  ],
  "14": [
    [
      67
    ],
    false,
    true,
    0.0003192424774169922,
    "Check fuzzy test report."
  ],
  "15": [
    [
      3
    ],
    false,
    true,
    6.389617919921875e-05,
    "Check fuzzy test report."
  ],
  "16": [
    [
      255
    ],
    false,
    true,
    5.245208740234375e-06,
    "Check fuzzy test report."
  ],
  "17": [
    [
      289
    ],
    false,
    true,
    5.7220458984375e-06,
    "Check fuzzy test report."
  ],
  "18": [
    [
      392
    ],
    false,
    true,
    6.67572021484375e-06,
    "Check fuzzy test report."
  ],
  "19": [
    [
      46
    ],
    false,
    true,
    7.867813110351562e-06,
    "Check fuzzy test report."
  ],
  "20": [
    [
      45
    ],
    false,
    true,
    6.198883056640625e-06,
    "Check fuzzy test report."
  ],
  "21": [
    [
      407
    ],
    false,
    true,
    3.5762786865234375e-06,
    "Check fuzzy test report."
  ],
  "22": [
    [
      47
    ],
    false,
    true,
    5.9604644775390625e-06,
    "Check fuzzy test report."
  ],
  "23": [
    [
      41
    ],
    false,
    true,
    2.1457672119140625e-06,
    "Check fuzzy test report."
  ],
  "25": [
    [
      34
    ],
    false,
    true,
    "LLM's code raised exception:unsupported operand type(s) for +: 'int' and 'list'"
  ],
  "26": [
    [
      366
    ],
    false,
    true,
    2.0742416381835938e-05,
    "Check fuzzy test report."
  ],
  "28": [
    [
      43
    ],
    false,
    true,
    5.7220458984375e-06,
    "Check fuzzy test report."
  ],
  "29": [
    [
      94
    ],
    false,
    true,
    1.8596649169921875e-05,
    "Check fuzzy test report."
  ],
  "30": [
    [
      78
    ],
    false,
    true,
    9.298324584960938e-06,
    "Check fuzzy test report."
  ],
  "31": [
    [
      90
    ],
    false,
    true,
    8.58306884765625e-06,
    "Check fuzzy test report."
  ],
  "33": [
    [
      475
    ],
    false,
    true,
    9.059906005859375e-06,
    "Check fuzzy test report."
  ],
  "34": [
    [
      24
    ],
    false,
    true,
    "LLM's code raised exception:unsupported operand type(s) for +: 'int' and 'list'"
  ],
  "35": [
    [
      116
    ],
    false,
    true,
    6.67572021484375e-06,
    "Check fuzzy test report."
  ],
  "36": [
    [
      338
    ],
    false,
    true,
    1.5974044799804688e-05,
    "Check fuzzy test report."
  ],
  "38": [
    [
      77
    ],
    false,
    true,
    1.0013580322265625e-05,
    "Check fuzzy test report."
  ],
  "39": [
    [
      93
    ],
    false,
    true,
    9.775161743164062e-06,
    "Check fuzzy test report."
  ],
  "40": [
    [
      2
    ],
    false,
    false,
    "Linting error: Parsing failed: 'invalid syntax (<unknown>, line 4)'"
  ],
  "41": [
    [
      63
    ],
    false,
    true,
    3.0994415283203125e-06,
    "Check fuzzy test report."
  ],
  "42": [
    [
      279
    ],
    false,
    true,
    1.1682510375976562e-05,
    "Check fuzzy test report."
  ],
  "43": [
    [
      74
    ],
    false,
    true,
    "LLM's code raised exception:unsupported operand type(s) for +: 'int' and 'range'"
  ],
  "44": [
    [
      445
    ],
    false,
    true,
    5.4836273193359375e-06,
    "Check fuzzy test report."
  ],
  "45": [
    [
      72
    ],
    false,
    true,
    3.337860107421875e-06,
    "Check fuzzy test report."
  ],
  "46": [
    [
      464
    ],
    false,
    true,
    6.67572021484375e-06,
    "Check fuzzy test report."
  ],
  "49": [
    [
      95
    ],
    false,
    true,
    6.198883056640625e-06,
    "Check fuzzy test report."
  ],
  "50": [
    [
      99
    ],
    false,
    true,
    3.814697265625e-06,
    "Check fuzzy test report."
  ],
  "51": [
    [
      84
    ],
    false,
    true,
    5.7220458984375e-06,
    "Check fuzzy test report."
  ],
  "53": [
    [
      60
    ],
    false,
    true,
    1.049041748046875e-05,
    "Check fuzzy test report."
  ],
  "54": [
    [
      29
    ],
    false,
    true,
    8.821487426757812e-06,
    "Check fuzzy test report."
  ],
  "56": [
    [
      64
    ],
    false,
    true,
    8.106231689453125e-06,
    "Check fuzzy test report."
  ],
  "57": [
    [
      59
    ],
    false,
    true,
    1.33514404296875e-05,
    "Check fuzzy test report."
  ],
  "59": [
    [
      21
    ],
    false,
    true,
    "LLM's code raised exception:unsupported operand type(s) for *: 'range' and 'int'"
  ],
  "60": [
    [
      35
    ],
    false,
    true,
    "LLM's code raised exception:unsupported operand type(s) for +: 'int' and 'list'"
  ],
  "61": [
    [
      5
    ],
    false,
    true,
    "LLM's code raised exception:unsupported operand type(s) for *: 'range' and 'int'"
  ],
  "63": [
    [
      18
    ],
    false,
    true,
    5.245208740234375e-06,
    "Check fuzzy test report."
  ],
  "64": [
    [
      8
    ],
    false,
    true,
    5.0067901611328125e-06,
    "Check fuzzy test report."
  ],
  "65": [
    [
      80
    ],
    false,
    true,
    8.344650268554688e-06,
    "Check fuzzy test report."
  ],
  "66": [
    [
      25
    ],
    false,
    true,
    "LLM's code raised exception:unsupported operand type(s) for *: 'range' and 'int'"
  ],
  "67": [
    [
      42
    ],
    false,
    true,
    1.0251998901367188e-05,
    "Check fuzzy test report."
  ],
  "70": [
    [
      401
    ],
    false,
    true,
    7.534027099609375e-05,
    "Check fuzzy test report."
  ],
  "72": [
    [
      87
    ],
    false,
    true,
    3.4809112548828125e-05,
    "Check fuzzy test report."
  ],
  "73": [
    [
      19
    ],
    false,
    true,
    0.00037288665771484375,
    "Check fuzzy test report."
  ],
  "74": [
    [
      96
    ],
    false,
    true,
    9.5367431640625e-06,
    "Check fuzzy test report."
  ],
  "76": [
    [
      257
    ],
    false,
    true,
    1.3589859008789062e-05,
    "Check fuzzy test report."
  ],
  "77": [
    [
      173
    ],
    false,
    true,
    5.7220458984375e-06,
    "Check fuzzy test report."
  ],
  "78": [
    [
      48
    ],
    false,
    true,
    1.4781951904296875e-05,
    "Check fuzzy test report."
  ],
  "80": [
    [
      276
    ],
    false,
    true,
    5.4836273193359375e-06,
    "Check fuzzy test report."
  ],
  "81": [
    [
      83
    ],
    false,
    true,
    9.298324584960938e-06,
    "Check fuzzy test report."
  ],
  "82": [
    [
      33
    ],
    false,
    true,
    "LLM's code raised exception:unsupported operand type(s) for +: 'int' and 'range'"
  ],
  "83": [
    [
      73
    ],
    false,
    true,
    1.1920928955078125e-05,
    "Check fuzzy test report."
  ],
  "85": [
    [
      27
    ],
    false,
    true,
    "LLM's code raised exception:unsupported operand type(s) for +: 'int' and 'list'"
  ],