{
  "halstead_volume": 51.89147427955947,
  "cyclomatic_complexity": 5,
  "number_of_LLOC": 11,
  "percent_of_lines_of_comment": 81.81818181818183
}