{
  "halstead_volume": 15.509775004326936,
  "cyclomatic_complexity": 3,
  "number_of_LLOC": 7,
  "percent_of_lines_of_comment": 42.857142857142854
}