{
  "halstead_volume": 64.52932501298082,
  "cyclomatic_complexity": 5,
  "number_of_LLOC": 16,
  "percent_of_lines_of_comment": 6.666666666666667
}