{
  "halstead_volume": 13.931568569324174,
  "cyclomatic_complexity": 2,
  "number_of_LLOC": 6,
  "percent_of_lines_of_comment": 33.33333333333333
}