{
  "1": [
    [
      51
    ],
    false,
    true,
    2.86102294921875e-06,
    "Check fuzzy test report."
  ],
  "3": [
    [
      92
    ],
    false,
    true,
    3.5762786865234375e-06,
    "Check fuzzy test report."
  ],
  "4": [
    [
      40
    ],
    false,
    true,
    1.5020370483398438e-05,
    "Check fuzzy test report."
  ],
  "5": [
    [
      13
    ],
    false,
    true,
    "LLM's code raised exception:unsupported operand type(s) for *: 'range' and 'int'"
  ],
  "6": [
    [
      474
    ],
    false,
    true,
    1.811981201171875e-05,
    "Check fuzzy test report."
  ],
  "8": [
    [
      53
    ],
    false,
    true,
    3.814697265625e-06,
    "Check fuzzy test report."
  ],
  "9": [
    [
      68
    ],
    false,
    true,
    3.5762786865234375e-06,
    "Check fuzzy test report."
  ],
  "10": [
    [
      100
    ],
    false,
    true,
    5.4836273193359375e-06,
    "Check fuzzy test report."
  ],
  "12": [
    [
      85
    ],
    false,
    true,
    2.0265579223632812e-05,
    "Check fuzzy test report."
  ],
  "15": [
    [
      3
    ],
    false,
    true,
    6.67572021484375e-06,
    "Check fuzzy test report."
  ],
  "16": [
    [
      255
    ],
    false,
    true,
    5.245208740234375e-06,
    "Check fuzzy test report."
  ],
  "18": [
    [
      392
    ],
    false,
    true,
    1.5497207641601562e-05,
    "Check fuzzy test report."
  ],
  "19": [
    [
      46
    ],
    false,
    true,
    5.4836273193359375e-06,
    "Check fuzzy test report."
  ],
  "21": [
    [
      407
    ],
    false,
    true,
    1.6927719116210938e-05,
    "Check fuzzy test report."
  ],
  "22": [
    [
      47
    ],
    false,
    true,
    2.6226043701171875e-06,
    "Check fuzzy test report."
  ],
  "23": [
    [
      41
    ],
    false,
    true,
    3.5762786865234375e-06,
    "Check fuzzy test report."
  ],
  "24": [
    [
      49
    ],
    false,
    true,
    "LLM's code raised exception:unsupported operand type(s) for +: 'int' and 'range'"
  ],
  "25": [
    [
      34
    ],
    false,
    true,
    "LLM's code raised exception:unsupported operand type(s) for +: 'int' and 'list'"
  ],
  "26": [
    [
      366
    ],
    false,
    true,
    6.914138793945312e-05,
    "Check fuzzy test report."
  ],
  "28": [
    [
      43
    ],
    false,
    true,
    1.5974044799804688e-05,
    "Check fuzzy test report."
  ],
  "29": [
    [
      94
    ],
    false,
    true,
    8.821487426757812e-06,
    "Check fuzzy test report."
  ],
  "30": [
    [
      78
    ],
    false,
    true,
    5.0067901611328125e-06,
    "Check fuzzy test report."
  ],
  "31": [
    [
      90
    ],
    false,
    true,
    3.5762786865234375e-06,
    "Check fuzzy test report."
  ],
  "32": [
    [
      113
    ],
    false,
    true,
    9.298324584960938e-06,
    "Check fuzzy test report."
  ],
  "33": [
    [
      475
    ],
    false,
    true,
    7.152557373046875e-05,
    "Check fuzzy test report."
  ],
  "34": [
    [
      24
    ],
    false,
    true,
    "LLM's code raised exception:unsupported operand type(s) for +: 'int' and 'range'"
  ],
  "35": [
    [
      116
    ],
    false,
    true,
    9.775161743164062e-06,
    "Check fuzzy test report."
  ],
  "36": [
    [
      338
    ],
    false,
    true,
    1.3113021850585938e-05,
    "Check fuzzy test report."
  ],
  "37": [
    [
      17
    ],
    false,
    true,
    "LLM's code raised exception:unsupported operand type(s) for *: 'range' and 'int'"
  ],
  "38": [
    [
      77
    ],
    false,
    true,
    2.86102294921875e-06,
    "Check fuzzy test report."
  ],
  "39": [
    [
      93
    ],
    false,
    true,
    4.76837158203125e-06,
    "Check fuzzy test report."
  ],
  "40": [
    [
      2
    ],
    false,
    true,
    7.152557373046875e-06,
    "Check fuzzy test report."
  ],
  "41": [
    [
      63
    ],
    false,
    true,
    9.059906005859375e-06,
    "Check fuzzy test report."
  ],
  "42": [
    [
      279
    ],
    false,
    true,
    5.0067901611328125e-06,
    "Check fuzzy test report."
  ],
  "43": [
    [
      74
    ],
    false,
    true,
    3.814697265625e-06,
    "Check fuzzy test report."
  ],
  "44": [
    [
      445
    ],
    false,
    true,
    4.5299530029296875e-06,
    "Check fuzzy test report."
  ],
  "45": [
    [
      72
    ],
    false,
    true,
    5.0067901611328125e-06,
    "Check fuzzy test report."
  ],
  "46": [
    [
      464
    ],
    false,
    true,
    5.7220458984375e-06,
    "Check fuzzy test report."
  ],
  "47": [
    [
      38
    ],
    false,
    true,
    3.814697265625e-06,
    "Check fuzzy test report."
  ],
  "48": [
    [
      186
    ],
    false,
    true,
    4.76837158203125e-06,
    "Check fuzzy test report."
  ],
  "49": [
    [
      95
    ],
    false,
    true,
    7.152557373046875e-06,
    "Check fuzzy test report."
  ],
  "50": [
    [
      99
    ],
    false,
    true,
    6.67572021484375e-06,
    "Check fuzzy test report."
  ],
  "52": [
    [
      423
    ],
    false,
    true,
    2.574920654296875e-05,
    "Check fuzzy test report."
  ],
  "54": [
    [
      29
    ],
    false,
    true,
    2.86102294921875e-06,
    "Check fuzzy test report."
  ],
  "55": [
    [
      20
    ],
    false,
    true,
    6.67572021484375e-06,
    "Check fuzzy test report."
  ],
  "56": [
    [
      64
    ],
    false,
    true,
    "LLM's code raised exception:unsupported operand type(s) for +: 'int' and 'list'"
  ],
  "59": [
    [
      21
    ],
    false,
    true,
    3.814697265625e-06,
    "Check fuzzy test report."
  ],
  "60": [
    [
      35
    ],
    false,
    true,
    4.76837158203125e-06,
    "Check fuzzy test report."
  ],
  "61": [
    [
      5
    ],
    false,
    true,
    7.3909759521484375e-06,
    "Check fuzzy test report."
  ],
  "62": [
    [
      188
    ],
    false,
    true,
    1.811981201171875e-05,
    "Check fuzzy test report."
  ],
  "65": [
    [
      80
    ],
    false,
    true,
    3.0994415283203125e-06,
    "Check fuzzy test report."
  ],
  "66": [
    [
      25
    ],
    false,
    true,
    "LLM's code raised exception:unsupported operand type(s) for *: 'range' and 'int'"
  ],
  "68": [
    [
      4
    ],
    false,
    true,
    "LLM's code raised exception:unsupported operand type(s) for +: 'int' and 'range'"
  ],
  "70": [
    [
      401
    ],
    false,
    true,
    7.867813110351562e-06,
    "Check fuzzy test report."
  ],
  "71": [
    [
      16
    ],
    false,
    true,
    "LLM's code raised exception:unsupported operand type(s) for *: 'range' and 'int'"
  ],
  "74": [
    [
      96
    ],
    false,
    true,
    2.6226043701171875e-06,
    "Check fuzzy test report."
  ],
  "75": [
    [
      15
    ],
    false,
    true,
    "LLM's code raised exception:unsupported operand type(s) for +: 'int' and 'range'"
  ],
  "76": [
    [
      257
    ],
    false,
    true,
    6.9141387939453125e-06,
    "Check fuzzy test report."
  ],
  "77": [
    [
      173
    ],
    false,
    true,
    2.384185791015625e-06,
    "Check fuzzy test report."
  ],
  "78": [
    [
      48
    ],
    false,
    true,
    5.4836273193359375e-06,
    "Check fuzzy test report."
  ],
  "79": [
    [
      28
    ],
    false,
    true,
    5.245208740234375e-06,
    "Check fuzzy test report."
  ],
  "80": [
    [
      276
    ],
    false,
    true,
    5.0067901611328125e-06,
    "Check fuzzy test report."
  ],
  "81": [
    [
      83
    ],
    false,
    true,
    1.049041748046875e-05,
    "Check fuzzy test report."
  ],
  "82": [
    [
      33
    ],
    false,
    true,
    7.152557373046875e-06,
    "Check fuzzy test report."
  ],
  "83": [
    [
      73
    ],
    false,
    true,
    7.152557373046875e-06,
    "Check fuzzy test report."
  ],
  "84": [
    [
      131
    ],
    false,
    true,
    1.049041748046875e-05,
    "Check fuzzy test report."
  ],