{
  "halstead_volume": 180.94247824228052,
  "cyclomatic_complexity": 8,
  "number_of_LLOC": 18,
  "percent_of_lines_of_comment": 33.33333333333333
}