{
  "15": [
    [
      2,
      2
    ],
    false,
    true,
    1.7642974853515625e-05,
    "Check fuzzy test report."
  ],
  "28": [
    [
      62,
      63
    ],
    false,
    true,
    "LLM's code raised exception:list indices must be integers or slices, not range"
  ],
  "39": [
    [
      20,
      30
    ],
    false,
    true,
    3.266334533691406e-05,
    "Check fuzzy test report."
  ],
  "40": [
    [
      0,
      1
    ],
    false,
    true,
    2.5033950805664062e-05,
    "Check fuzzy test report."
  ],
  "41": [
    [
      6,
      6
    ],
    false,
    true,
    2.6226043701171875e-05,
    "Check fuzzy test report."
  ],
  "55": [
    [
      9,
      9
    ],
    false,
    true,
    3.409385681152344e-05,
    "Check fuzzy test report."
  ],
  "77": [
    [
      527,
      538
    ],
    false,
    true,
    9.393692016601562e-05,
    "Check fuzzy test report."
  ],
  "79": [
    [
      4,
      4
    ],
    false,
    true,
    2.1219253540039062e-05,
    "Check fuzzy test report."
  ],
  "92": [
    [
      0,
      0
    ],
    false,
    true,
    1.1682510375976562e-05,
    "Check fuzzy test report."
  ]
}