{
  "halstead_volume": 68.53238859703687,
  "cyclomatic_complexity": 4,
  "number_of_LLOC": 8,
  "percent_of_lines_of_comment": 71.42857142857143
}