{
  "halstead_volume": 38.03910001730775,
  "cyclomatic_complexity": 6,
  "number_of_LLOC": 13,
  "percent_of_lines_of_comment": 30.76923076923077
}