{
  "halstead_volume": 39.863137138648355,
  "cyclomatic_complexity": 3,
  "number_of_LLOC": 9,
  "percent_of_lines_of_comment": 44.44444444444444
}