{
  "1": [
    [
      27
    ],
    true,
    false,
    "Check the pre-existing tests report."
  ],
  "2": [
    [
      147
    ],
    false,
    true,
    0.0015294551849365234,
    "Check fuzzy test report."
  ],
  "3": [
    [
      100
    ],
    false,
    true,
    0.0010821819305419922,
    "Check fuzzy test report."
  ],
  "5": [
    [
      17
    ],
    false,
    true,
    0.002324342727661133,
    "Check fuzzy test report."
  ],
  "6": [
    [
      474
    ],
    false,
    true,
    0.008298873901367188,
    "Check fuzzy test report."
  ],
  "7": [
    [
      416
    ],
    true,
    false,
    "Check the pre-existing tests report."
  ],
  "8": [
    [
      49
    ],
    false,
    true,
    0.0006613731384277344,
    "Check fuzzy test report."
  ],
  "9": [
    [
      72
    ],
    false,
    true,
    0.00020885467529296875,
    "Check fuzzy test report."
  ],
  "10": [
    [
      54
    ],
    false,
    true,
    0.0001690387725830078,
    "Check fuzzy test report."
  ],
  "11": [
    [
      77
    ],
    false,
    true,
    0.0009226799011230469,
    "Check fuzzy test report."
  ],
  "12": [
    [
      23
    ],
    true,
    false,
    "Check the pre-existing tests report."
  ],
  "13": [
    [
      206
    ],
    false,
    true,
    0.0004513263702392578,
    "Check fuzzy test report."
  ],
  "14": [
    [
      63
    ],
    false,
    true,
    0.0004189014434814453,
    "Check fuzzy test report."
  ],
  "15": [
    [
      4
    ],
    false,
    true,
    3.24249267578125e-05,
    "Check fuzzy test report."
  ],
  "16": [
    [
      255
    ],
    true,
    false,
    "Check the pre-existing tests report."
  ],
  "17": [
    [
      289
    ],
    true,
    false,
    "Check the pre-existing tests report."
  ],
  "18": [
    [
      392
    ],
    false,
    true,
    0.0011816024780273438,
    "Check fuzzy test report."
  ],
  "19": [
    [
      67
    ],
    false,
    true,
    0.0007567405700683594,
    "Check fuzzy test report."
  ],
  "20": [
    [
      53
    ],
    false,
    true,
    0.000316619873046875,
    "Check fuzzy test report."
  ],
  "21": [
    [
      407
    ],
    true,
    false,
    "Check the pre-existing tests report."
  ],
  "22": [
    [
      20
    ],
    false,
    true,
    0.00030684471130371094,
    "Check fuzzy test report."
  ],
  "23": [
    [
      69
    ],
    true,
    false,
    "Check the pre-existing tests report."
  ],
  "24": [
    [
      29
    ],
    false,
    true,
    0.0004801750183105469,
    "Check fuzzy test report."
  ],
  "25": [
    [
      90
    ],
    false,
    true,
    0.0001499652862548828,
    "Check fuzzy test report."
  ],
  "26": [
    [
      366
    ],
    true,
    false,
    "Check the pre-existing tests report."
  ],
  "27": [
    [
      56
    ],
    true,
    false,
    "Check the pre-existing tests report."
  ],
  "28": [
    [
      43
    ],
    true,
    false,
    "Check the pre-existing tests report."
  ],
  "29": [
    [
      19
    ],
    true,
    false,
    "Check the pre-existing tests report."
  ],
  "31": [
    [
      66
    ],
    true,
    false,
    "Check the pre-existing tests report."
  ],
  "32": [
    [
      113
    ],
    false,
    true,
    0.00020265579223632812,
    "Check fuzzy test report."
  ],
  "33": [
    [
      475
    ],
    false,
    true,
    0.00857234001159668,
    "Check fuzzy test report."
  ],
  "34": [
    [
      33
    ],
    false,
    true,
    0.0005514621734619141,
    "Check fuzzy test report."
  ],
  "35": [
    [
      116
    ],
    false,
    true,
    0.0003001689910888672,
    "Check fuzzy test report."
  ],
  "37": [
    [
      84
    ],
    false,
    true,
    0.0002791881561279297,
    "Check fuzzy test report."
  ],
  "38": [
    [
      38
    ],
    false,
    true,
    9.703636169433594e-05,
    "Check fuzzy test report."
  ],
  "39": [
    [
      59
    ],
    false,
    true,
    9.34600830078125e-05,
    "Check fuzzy test report."
  ],
  "40": [
    [
      3
    ],
    false,
    true,
    3.361701965332031e-05,
    "Check fuzzy test report."
  ],
  "41": [
    [
      60
    ],
    false,
    true,
    9.655952453613281e-05,
    "Check fuzzy test report."
  ],
  "42": [
    [
      279
    ],
    false,
    true,
    0.0036916732788085938,
    "Check fuzzy test report."
  ],
  "43": [
    [
      51
    ],
    false,
    true,
    0.0006198883056640625,
    "Check fuzzy test report."
  ],
  "44": [
    [
      445
    ],
    false,
    true,
    0.0003917217254638672,
    "Check fuzzy test report."
  ],
  "45": [
    [
      21
    ],
    false,
    true,
    0.00041556358337402344,
    "Check fuzzy test report."
  ],
  "46": [
    [
      464
    ],
    false,
    true,
    0.01153874397277832,
    "Check fuzzy test report."
  ],
  "47": [
    [
      34
    ],
    true,
    false,
    "Check the pre-existing tests report."
  ],
  "48": [
    [
      186
    ],
    false,
    true,
    0.0005085468292236328,
    "Check fuzzy test report."
  ],
  "49": [
    [
      47
    ],
    false,
    true,
    7.748603820800781e-05,
    "Check fuzzy test report."
  ],
  "50": [
    [
      40
    ],
    false,
    true,
    0.0005474090576171875,
    "Check fuzzy test report."
  ],
  "51": [
    [
      73
    ],
    false,
    true,
    0.0007922649383544922,
    "Check fuzzy test report."
  ],
  "52": [
    [
      423
    ],
    false,
    true,
    0.0015091896057128906,
    "Check fuzzy test report."
  ],
  "53": [
    [
      68
    ],
    false,
    true,
    0.0008132457733154297,
    "Check fuzzy test report."
  ],
  "54": [
    [
      85
    ],
    true,
    false,
    "Check the pre-existing tests report."
  ],
  "55": [
    [
      97
    ],
    false,
    true,
    0.0010833740234375,
    "Check fuzzy test report."
  ],
  "56": [
    [
      95
    ],
    false,
    true,
    0.0003027915954589844,
    "Check fuzzy test report."
  ],
  "57": [
    [
      92
    ],
    false,
    true,
    0.0010218620300292969,
    "Check fuzzy test report."
  ],
  "58": [
    [
      223
    ],
    true,
    false,
    "Check the pre-existing tests report."
  ],
  "59": [
    [
      39
    ],
    true,
    false,
    "Check the pre-existing tests report."
  ],
  "60": [
    [
      88
    ],
    false,
    true,
    0.0009627342224121094,
    "Check fuzzy test report."
  ],
  "61": [
    [
      74
    ],
    false,
    true,
    0.0008387565612792969,
    "Check fuzzy test report."
  ],
  "62": [
    [
      188
    ],
    false,
    true,
    0.002333402633666992,
    "Check fuzzy test report."
  ],
  "63": [
    [
      18
    ],
    true,
    false,
    "Check the pre-existing tests report."
  ],
  "64": [
    [
      9
    ],
    false,
    true,
    3.743171691894531e-05,
    "Check fuzzy test report."
  ],
  "65": [
    [
      35
    ],
    false,
    true,
    0.0002732276916503906,
    "Check fuzzy test report."
  ],
  "66": [
    [
      25
    ],
    false,
    true,
    0.0004324913024902344,
    "Check fuzzy test report."
  ],
  "67": [
    [
      42
    ],
    false,
    true,
    0.000591278076171875,
    "Check fuzzy test report."
  ],
  "68": [
    [
      76
    ],
    true,
    false,
    "Check the pre-existing tests report."
  ],
  "69": [
    [
      472
    ],
    true,
    false,
    "Check the pre-existing tests report."
  ],
  "70": [
    [
      401
    ],
    false,
    true,
    0.0011818408966064453,
    "Check fuzzy test report."
  ],
  "71": [
    [
      78
    ],
    true,
    false,
    "Check the pre-existing tests report."
  ],
  "72": [
    [
      16
    ],
    true,
    false,
    "Check the pre-existing tests report."
  ],
  "73": [
    [
      41
    ],
    false,
    true,
    0.0005853176116943359,
    "Check fuzzy test report."
  ],
  "74": [
    [
      96
    ],
    false,
    true,
    0.00034546852111816406,
    "Check fuzzy test report."
  ],