{
  "1": [
    [
      20,
      "descending"
    ],
    false,
    true,
    0.0002295970916748047,
    "Check fuzzy test report."
  ],
  "2": [
    [
      618,
      "ascending"
    ],
    true,
    false,
    "Check the pre-existing tests report."
  ],
  "3": [
    [
      100,
      "ascending"
    ],
    false,
    true,
    0.00038814544677734375,
    "Check fuzzy test report."
  ],
  "4": [
    [
      96,
      "descending"
    ],
    true,
    false,
    "Check the pre-existing tests report."
  ],
  "5": [
    [
      55,
      "ascending"
    ],
    false,
    true,
    0.0005724430084228516,
    "Check fuzzy test report."
  ],
  "6": [
    [
      74,
      "ascending"
    ],
    false,
    true,
    0.0002987384796142578,
    "Check fuzzy test report."
  ],
  "7": [
    [
      803,
      "ascending"
    ],
    false,
    true,
    0.00040340423583984375,
    "Check fuzzy test report."
  ],
  "8": [
    [
      41,
      "descending"
    ],
    false,
    true,
    0.00031495094299316406,
    "Check fuzzy test report."
  ],
  "9": [
    [
      29,
      "descending"
    ],
    false,
    true,
    0.0005846023559570312,
    "Check fuzzy test report."
  ],
  "10": [
    [
      38,
      "descending"
    ],
    false,
    true,
    0.0005207061767578125,
    "Check fuzzy test report."
  ],
  "11": [
    [
      86,
      "ascending"
    ],
    false,
    true,
    0.0004839897155761719,
    "Check fuzzy test report."
  ],
  "12": [
    [
      70,
      "descending"
    ],
    false,
    true,
    0.00013971328735351562,
    "Check fuzzy test report."
  ],
  "13": [
    [
      784,
      "ascending"
    ],
    false,
    true,
    0.0001399517059326172,
    "Check fuzzy test report."
  ],
  "14": [
    [
      78,
      "descending"
    ],
    false,
    true,
    0.0005500316619873047,
    "Check fuzzy test report."
  ],
  "15": [
    [
      6,
      "descending"
    ],
    false,
    true,
    0.0004413127899169922,
    "Check fuzzy test report."
  ],
  "16": [
    [
      792,
      "ascending"
    ],
    false,
    true,
    0.0004935264587402344,
    "Check fuzzy test report."
  ],
  "17": [
    [
      36,
      "descending"
    ],
    false,
    true,
    0.0004506111145019531,
    "Check fuzzy test report."
  ],
  "18": [
    [
      429,
      "descending"
    ],
    false,
    true,
    5.078315734863281e-05,
    "Check fuzzy test report."
  ],
  "19": [
    [
      67,
      "descending"
    ],
    false,
    true,
    0.0012829303741455078,
    "Check fuzzy test report."
  ],
  "20": [
    [
      100,
      "descending"
    ],
    true,
    false,
    "Check the pre-existing tests report."
  ],
  "21": [
    [
      175,
      "ascending"
    ],
    true,
    false,
    "Check the pre-existing tests report."
  ],
  "22": [
    [
      85,
      "ascending"
    ],
    true,
    false,
    "Check the pre-existing tests report."
  ],
  "23": [
    [
      77,
      "descending"
    ],
    false,
    true,
    0.0005221366882324219,
    "Check fuzzy test report."
  ],
  "24": [
    [
      65,
      "descending"
    ],
    false,
    true,
    0.0002865791320800781,
    "Check fuzzy test report."
  ],
  "25": [
    [
      92,
      "ascending"
    ],
    false,
    true,
    0.0002818107604980469,
    "Check fuzzy test report."
  ],
  "26": [
    [
      81,
      "descending"
    ],
    false,
    true,
    0.0005481243133544922,
    "Check fuzzy test report."
  ],
  "28": [
    [
      19,
      "ascending"
    ],
    false,
    true,
    0.0005545616149902344,
    "Check fuzzy test report."
  ],
  "29": [
    [
      55,
      "descending"
    ],
    false,
    true,
    0.0005879402160644531,
    "Check fuzzy test report."
  ],
  "30": [
    [
      37,
      "descending"
    ],
    false,
    true,
    0.0002567768096923828,
    "Check fuzzy test report."
  ],
  "31": [
    [
      50,
      "descending"
    ],
    true,
    false,
    "Check the pre-existing tests report."
  ],
  "32": [
    [
      42,
      "ascending"
    ],
    false,
    true,
    0.0005152225494384766,
    "Check fuzzy test report."
  ],
  "33": [
    [
      945,
      "descending"
    ],
    false,
    true,
    0.00020456314086914062,
    "Check fuzzy test report."
  ],
  "34": [
    [
      18,
      "descending"
    ],
    false,
    true,
    0.0005066394805908203,
    "Check fuzzy test report."
  ],
  "35": [
    [
      177,
      "ascending"
    ],
    true,
    false,
    "Check the pre-existing tests report."
  ],
  "36": [
    [
      992,
      "ascending"
    ],
    true,
    false,
    "Check the pre-existing tests report."
  ],
  "37": [
    [
      35,
      "descending"
    ],
    false,
    true,
    4.00543212890625e-05,
    "Check fuzzy test report."
  ],
  "38": [
    [
      28,
      "ascending"
    ],
    false,
    true,
    0.0005514621734619141,
    "Check fuzzy test report."
  ],
  "39": [
    [
      30,
      "descending"
    ],
    false,
    true,
    0.0003063678741455078,
    "Check fuzzy test report."
  ],
  "40": [
    [
      10,
      "descending"
    ],
    false,
    true,
    0.0005838871002197266,
    "Check fuzzy test report."
  ],
  "41": [
    [
      46,
      "descending"
    ],
    true,
    false,
    "Check the pre-existing tests report."
  ],
  "42": [
    [
      64,
      "descending"
    ],
    false,
    true,
    0.0004057884216308594,
    "Check fuzzy test report."
  ],
  "43": [
    [
      89,
      "descending"
    ],
    true,
    false,
    "Check the pre-existing tests report."
  ],
  "44": [
    [
      39,
      "ascending"
    ],
    false,
    true,
    0.00042819976806640625,
    "Check fuzzy test report."
  ],
  "45": [
    [
      61,
      "ascending"
    ],
    true,
    false,
    "Check the pre-existing tests report."
  ],
  "46": [
    [
      33,
      "ascending"
    ],
    false,
    true,
    0.0004968643188476562,
    "Check fuzzy test report."
  ],
  "47": [
    [
      49,
      "ascending"
    ],
    false,
    true,
    0.0005908012390136719,
    "Check fuzzy test report."
  ],
  "48": [
    [
      835,
      "ascending"
    ],
    false,
    true,
    0.00046372413635253906,
    "Check fuzzy test report."
  ],
  "49": [
    [
      14,
      "ascending"
    ],
    false,
    true,
    0.00039005279541015625,
    "Check fuzzy test report."
  ],
  "50": [
    [
      57,
      "descending"
    ],
    false,
    true,
    0.00035381317138671875,
    "Check fuzzy test report."
  ],
  "51": [
    [
      54,
      "ascending"
    ],
    false,
    true,
    0.0003299713134765625,
    "Check fuzzy test report."
  ],
  "52": [
    [
      52,
      "descending"
    ],
    false,
    true,
    7.271766662597656e-05,
    "Check fuzzy test report."
  ],
  "53": [
    [
      86,
      "descending"
    ],
    false,
    true,
    0.0004980564117431641,
    "Check fuzzy test report."
  ],
  "54": [
    [
      88,
      "descending"
    ],
    false,
    true,
    0.0005292892456054688,
    "Check fuzzy test report."
  ],
  "55": [
    [
      73,
      "descending"
    ],
    false,
    true,
    0.000396728515625,
    "Check fuzzy test report."
  ],
  "56": [
    [
      30,
      "ascending"
    ],
    true,
    false,
    "Check the pre-existing tests report."
  ],
  "57": [
    [
      54,
      "descending"
    ],
    true,
    false,
    "Check the pre-existing tests report."
  ],
  "58": [
    [
      975,
      "descending"
    ],
    false,
    true,
    0.0003693103790283203,
    "Check fuzzy test report."
  ],
  "59": [
    [
      84,
      "descending"
    ],
    false,
    true,
    0.0004138946533203125,
    "Check fuzzy test report."
  ],
  "60": [
    [
      87,
      "ascending"
    ],
    true,
    false,
    "Check the pre-existing tests report."
  ],
  "61": [
    [
      3,
      "descending"
    ],
    false,
    true,
    0.00017952919006347656,
    "Check fuzzy test report."
  ],