{
  "halstead_volume": 64.52932501298082,
  "cyclomatic_complexity": 7,
  "number_of_LLOC": 15,
  "percent_of_lines_of_comment": 86.66666666666667
}