{
  "halstead_volume": 84.9585502688717,
  "cyclomatic_complexity": 5,
  "number_of_LLOC": 7,
  "percent_of_lines_of_comment": 57.14285714285714
}