{
  "halstead_volume": 73.57433114250613,
  "cyclomatic_complexity": 3,
  "number_of_LLOC": 7,
  "percent_of_lines_of_comment": 71.42857142857143
}