{
  "1": [
    [
      17,
      88
    ],
    false,
    true,
    1.4543533325195312e-05,
    "Check fuzzy test report."
  ],
  "2": [
    [
      72,
      93
    ],
    false,
    true,
    1.239776611328125e-05,
    "Check fuzzy test report."
  ],
  "3": [
    [
      56,
      88
    ],
    false,
    true,
    2.8133392333984375e-05,
    "Check fuzzy test report."
  ],
  "4": [
    [
      49,
      74
    ],
    false,
    true,
    3.981590270996094e-05,
    "Check fuzzy test report."
  ],
  "5": [
    [
      2,
      8
    ],
    false,
    true,
    9.059906005859375e-06,
    "Check fuzzy test report."
  ],
  "6": [
    [
      20,
      93
    ],
    false,
    true,
    0.000156402587890625,
    "Check fuzzy test report."
  ],
  "7": [
    [
      10,
      97
    ],
    false,
    true,
    9.5367431640625e-06,
    "Check fuzzy test report."
  ],
  "8": [
    [
      45,
      48
    ],
    false,
    true,
    6.9141387939453125e-06,
    "Check fuzzy test report."
  ],
  "9": [
    [
      70,
      200
    ],
    false,
    true,
    1.71661376953125e-05,
    "Check fuzzy test report."
  ],
  "10": [
    [
      36,
      54
    ],
    false,
    true,
    2.3365020751953125e-05,
    "Check fuzzy test report."
  ],
  "11": [
    [
      48,
      76
    ],
    false,
    true,
    2.6702880859375e-05,
    "Check fuzzy test report."
  ],
  "12": [
    [
      16,
      87
    ],
    false,
    true,
    3.3855438232421875e-05,
    "Check fuzzy test report."
  ],
  "13": [
    [
      46,
      91
    ],
    false,
    true,
    "LLM's code raised exception:can only concatenate tuple (not \"list\") to tuple"
  ],
  "14": [
    [
      2,
      5
    ],
    false,
    true,
    1.5735626220703125e-05,
    "Check fuzzy test report."
  ],
  "15": [
    [
      0,
      4
    ],
    false,
    true,
    "LLM's code raised exception:'str' object has no attribute 'decode'"
  ],
  "16": [
    [
      90,
      97
    ],
    false,
    true,
    1.2636184692382812e-05,
    "Check fuzzy test report."
  ],
  "17": [
    [
      73,
      84
    ],
    false,
    true,
    "LLM's code raised exception:invalid literal for int() with base 2: '3250'"
  ],
  "18": [
    [
      56,
      90
    ],
    false,
    true,
    5.269050598144531e-05,
    "Check fuzzy test report."
  ],
  "19": [
    [
      1,
      4
    ],
    false,
    true,
    "LLM's code raised exception:not all arguments converted during string formatting"
  ],
  "20": [
    [
      27,
      96
    ],
    false,
    true,
    5.841255187988281e-05,
    "Check fuzzy test report."
  ],
  "21": [
    [
      15,
      57
    ],
    false,
    true,
    8.344650268554688e-06,
    "Check fuzzy test report."
  ],
  "22": [
    [
      40,
      200
    ],
    false,
    true,
    0.000148773193359375,
    "Check fuzzy test report."
  ],
  "23": [
    [
      20,
      36
    ],
    false,
    true,
    1.9788742065429688e-05,
    "Check fuzzy test report."
  ],
  "24": [
    [
      13,
      91
    ],
    false,
    true,
    0.00045990943908691406,
    "Check fuzzy test report."
  ],
  "25": [
    [
      37,
      43
    ],
    false,
    true,
    1.5735626220703125e-05,
    "Check fuzzy test report."
  ],
  "26": [
    [
      68,
      99
    ],
    false,
    true,
    1.4543533325195312e-05,
    "Check fuzzy test report."
  ],
  "27": [
    [
      86,
      89
    ],
    false,
    true,
    "LLM's code raised exception:too many values to unpack (expected 2)"
  ],
  "28": [
    [
      86,
      99
    ],
    false,
    true,
    2.7418136596679688e-05,
    "Check fuzzy test report."
  ],
  "29": [
    [
      70,
      98
    ],
    false,
    true,
    1.2636184692382812e-05,
    "Check fuzzy test report."
  ],
  "30": [
    [
      22,
      24
    ],
    false,
    false,
    "Linting error: Using variable 'b' before assignment"
  ],
  "31": [
    [
      33,
      78
    ],
    false,
    true,
    2.9325485229492188e-05,
    "Check fuzzy test report."
  ],
  "32": [
    [
      86,
      90
    ],
    false,
    true,
    2.288818359375e-05,
    "Check fuzzy test report."
  ],
  "33": [
    [
      13,
      35
    ],
    false,
    true,
    1.0967254638671875e-05,
    "Check fuzzy test report."
  ],
  "34": [
    [
      60,
      200
    ],
    false,
    false,
    "Linting error: Instance of 'set' has no 'count' member"
  ],
  "35": [
    [
      77,
      84
    ],
    false,
    true,
    2.47955322265625e-05,
    "Check fuzzy test report."
  ],
  "36": [
    [
      110,
      348
    ],
    false,
    true,
    "LLM's code raised exception:'str' object has no attribute 'decode'"
  ],
  "37": [
    [
      2,
      7
    ],
    false,
    true,
    9.775161743164062e-06,
    "Check fuzzy test report."
  ],
  "38": [
    [
      36,
      85
    ],
    false,
    true,
    7.939338684082031e-05,
    "Check fuzzy test report."
  ],
  "39": [
    [
      44,
      91
    ],
    false,
    true,
    1.6450881958007812e-05,
    "Check fuzzy test report."
  ],
  "40": [
    [
      0,
      3
    ],
    false,
    true,
    1.2636184692382812e-05,
    "Check fuzzy test report."
  ],
  "41": [
    [
      3,
      8
    ],
    false,
    true,
    8.344650268554688e-06,
    "Check fuzzy test report."
  ],
  "42": [
    [
      18,
      60
    ],
    false,
    true,
    6.532669067382812e-05,
    "Check fuzzy test report."
  ],
  "43": [
    [
      10,
      28
    ],
    false,
    true,
    1.1205673217773438e-05,
    "Check fuzzy test report."
  ],
  "44": [
    [
      36,
      52
    ],
    false,
    true,
    8.106231689453125e-06,
    "Check fuzzy test report."
  ],
  "45": [
    [
      30,
      200
    ],
    false,
    true,
    "LLM's code raised exception:'tuple' object has no attribute 'sort'"
  ],
  "46": [
    [
      10,
      79
    ],
    false,
    true,
    5.364418029785156e-05,
    "Check fuzzy test report."
  ],
  "47": [
    [
      29,
      53
    ],
    false,
    true,
    1.0728836059570312e-05,
    "Check fuzzy test report."
  ],
  "48": [
    [
      933,
      996
    ],
    false,
    false,
    "Linting error: Parsing failed: ''(' was never closed (<unknown>, line 10)'"
  ],
  "49": [
    [
      80,
      200
    ],
    false,
    true,
    6.580352783203125e-05,
    "Check fuzzy test report."
  ],
  "50": [
    [
      13,
      76
    ],
    false,
    true,
    4.7206878662109375e-05,
    "Check fuzzy test report."
  ],
  "51": [
    [
      6,
      9
    ],
    false,
    true,
    "LLM's code raised exception:'int' object has no attribute 'is_odd'"
  ],
  "52": [
    [
      38,
      81
    ],
    false,
    true,
    "LLM's code raised exception:can only concatenate str (not \"int\") to str"
  ],
  "53": [
    [
      200,
      202
    ],
    false,
    false,
    "Linting error: Value 'set(nums)' is unsubscriptable"
  ],
  "54": [
    [
      35,
      64
    ],
    false,
    true,
    1.5735626220703125e-05,
    "Check fuzzy test report."
  ],
  "55": [
    [
      10,
      12
    ],
    false,
    true,
    "LLM's code raised exception:'tuple' object has no attribute 'sort'"
  ],
  "56": [
    [
      7,
      9
    ],
    false,
    true,
    8.344650268554688e-06,
    "Check fuzzy test report."
  ],
  "57": [
    [
      25,
      80
    ],
    false,
    true,
    1.8358230590820312e-05,
    "Check fuzzy test report."
  ],
  "58": [
    [
      275,
      871
    ],
    false,
    true,
    1.1444091796875e-05,
    "Check fuzzy test report."
  ],
  "59": [
    [
      0,
      10
    ],
    false,
    true,
    1.621246337890625e-05,
    "Check fuzzy test report."
  ],
  "60": [
    [
      38,
      52
    ],
    false,
    true,
    1.6689300537109375e-05,
    "Check fuzzy test report."
  ],
  "61": [
    [
      0,
      8
    ],
    false,
    true,
    9.059906005859375e-06,
    "Check fuzzy test report."
  ],