{
  "halstead_volume": 62.5102495297363,
  "cyclomatic_complexity": 3,
  "number_of_LLOC": 9,
  "percent_of_lines_of_comment": 33.33333333333333
}