{
  "halstead_volume": 100.07820003461549,
  "cyclomatic_complexity": 7,
  "number_of_LLOC": 11,
  "percent_of_lines_of_comment": 18.181818181818183
}