{
  "halstead_volume": 4.754887502163469,
  "cyclomatic_complexity": 3,
  "number_of_LLOC": 6,
  "percent_of_lines_of_comment": 66.66666666666666
}