{
  "halstead_volume": 73.57433114250613,
  "cyclomatic_complexity": 4,
  "number_of_LLOC": 6,
  "percent_of_lines_of_comment": 66.66666666666666
}