{
  "56": [
    [
      0,
      0
    ],
    false,
    true,
    5.4836273193359375e-06,
    "Check fuzzy test report."
  ],
  "58": [
    [
      209,
      556
    ],
    false,
    true,
    5.9604644775390625e-06,
    "Check fuzzy test report."
  ]
}