{
  "halstead_volume": 81.7492568250068,
  "cyclomatic_complexity": 4,
  "number_of_LLOC": 7,
  "percent_of_lines_of_comment": 28.57142857142857
}