{
  "halstead_volume": 125.33591475173351,
  "cyclomatic_complexity": 9,
  "number_of_LLOC": 18,
  "percent_of_lines_of_comment": 27.77777777777778
}