{
  "halstead_volume": 97.70233280920246,
  "cyclomatic_complexity": 8,
  "number_of_LLOC": 15,
  "percent_of_lines_of_comment": 33.33333333333333
}