{
  "halstead_volume": 4.754887502163469,
  "cyclomatic_complexity": 2,
  "number_of_LLOC": 8,
  "percent_of_lines_of_comment": 42.857142857142854
}