{
  "11": [
    [
      56
    ],
    false,
    true,
    3.337860107421875e-06,
    "Check fuzzy test report."
  ],
  "15": [
    [
      3
    ],
    false,
    false,
    "Linting error: Using variable 'sum' before assignment"
  ],
  "17": [
    [
      289
    ],
    false,
    true,
    2.7894973754882812e-05,
    "Check fuzzy test report."
  ],
  "21": [
    [
      407
    ],
    false,
    true,
    1.621246337890625e-05,
    "Check fuzzy test report."
  ],
  "36": [
    [
      338
    ],
    false,
    true,
    1.2159347534179688e-05,
    "Check fuzzy test report."
  ],
  "40": [
    [
      2
    ],
    false,
    true,
    2.5033950805664062e-05,
    "Check fuzzy test report."
  ],
  "53": [
    [
      60
    ],
    false,
    true,
    4.0531158447265625e-06,
    "Check fuzzy test report."
  ],
  "58": [
    [
      223
    ],
    false,
    true,
    8.344650268554688e-06,
    "Check fuzzy test report."
  ],
  "62": [
    [
      188
    ],
    false,
    true,
    5.4836273193359375e-06,
    "Check fuzzy test report."
  ],
  "65": [
    [
      80
    ],
    false,
    true,
    4.76837158203125e-06,
    "Check fuzzy test report."
  ],
  "70": [
    [
      401
    ],
    false,
    true,
    1.5020370483398438e-05,
    "Check fuzzy test report."
  ],
  "72": [
    [
      87
    ],
    false,
    true,
    4.291534423828125e-06,
    "Check fuzzy test report."
  ]
}