{
  "halstead_volume": 41.51317942364757,
  "cyclomatic_complexity": 5,
  "number_of_LLOC": 11,
  "percent_of_lines_of_comment": 63.63636363636363
}