{
  "41": [
    [
      6,
      6
    ],
    false,
    true,
    3.5762786865234375e-06,
    "Check fuzzy test report."
  ],
  "56": [
    [
      0,
      0
    ],
    false,
    true,
    6.9141387939453125e-06,
    "Check fuzzy test report."
  ],
  "59": [
    [
      0,
      9
    ],
    false,
    true,
    5.245208740234375e-06,
    "Check fuzzy test report."
  ],
  "83": [
    [
      90,
      90
    ],
    false,
    true,
    1.6689300537109375e-06,
    "Check fuzzy test report."
  ],
  "96": [
    [
      15,
      51
    ],
    false,
    true,
    4.5299530029296875e-06,
    "Check fuzzy test report."
  ]
}