{
  "halstead_volume": 142.62362713128297,
  "cyclomatic_complexity": 6,
  "number_of_LLOC": 11,
  "percent_of_lines_of_comment": 45.45454545454545
}