{
  "halstead_volume": 55.506595772116384,
  "cyclomatic_complexity": 2,
  "number_of_LLOC": 6,
  "percent_of_lines_of_comment": 83.33333333333334
}