{
  "halstead_volume": 79.95445336320968,
  "cyclomatic_complexity": 7,
  "number_of_LLOC": 14,
  "percent_of_lines_of_comment": 85.71428571428571
}