{
  "halstead_volume": 36.541209043760986,
  "cyclomatic_complexity": 5,
  "number_of_LLOC": 11,
  "percent_of_lines_of_comment": 27.27272727272727
}