{
  "halstead_volume": 79.95445336320968,
  "cyclomatic_complexity": 9,
  "number_of_LLOC": 15,
  "percent_of_lines_of_comment": 6.666666666666667
}