{
  "halstead_volume": 59.207035490257475,
  "cyclomatic_complexity": 5,
  "number_of_LLOC": 8,
  "percent_of_lines_of_comment": 71.42857142857143
}