{
  "halstead_volume": 66.60791492653966,
  "cyclomatic_complexity": 6,
  "number_of_LLOC": 13,
  "percent_of_lines_of_comment": 69.23076923076923
}