{
  "halstead_volume": 58.60335893412778,
  "cyclomatic_complexity": 2,
  "number_of_LLOC": 10,
  "percent_of_lines_of_comment": 66.66666666666666
}