{
  "halstead_volume": 41.51317942364757,
  "cyclomatic_complexity": 3,
  "number_of_LLOC": 6,
  "percent_of_lines_of_comment": 83.33333333333334
}