{
  "1": [
    [
      31,
      72
    ],
    false,
    true,
    6.461143493652344e-05,
    "Check fuzzy test report."
  ],
  "2": [
    [
      15,
      39
    ],
    false,
    false,
    "No Python function was generated."
  ],
  "3": [
    [
      62,
      92
    ],
    false,
    true,
    9.72747802734375e-05,
    "Check fuzzy test report."
  ],
  "4": [
    [
      12,
      92
    ],
    false,
    true,
    5.6743621826171875e-05,
    "Check fuzzy test report."
  ],
  "5": [
    [
      8,
      9
    ],
    false,
    true,
    4.0531158447265625e-05,
    "Check fuzzy test report."
  ],
  "6": [
    [
      10,
      66
    ],
    false,
    true,
    3.1948089599609375e-05,
    "Check fuzzy test report."
  ],
  "7": [
    [
      661,
      924
    ],
    false,
    true,
    9.799003601074219e-05,
    "Check fuzzy test report."
  ],
  "8": [
    [
      23,
      23
    ],
    false,
    true,
    8.440017700195312e-05,
    "Check fuzzy test report."
  ],
  "9": [
    [
      70,
      200
    ],
    false,
    true,
    8.749961853027344e-05,
    "Check fuzzy test report."
  ],
  "10": [
    [
      25,
      59
    ],
    false,
    true,
    "LLM's code raised exception:unsupported operand type(s) for &: 'list' and 'list'"
  ],
  "11": [
    [
      37,
      51
    ],
    false,
    true,
    2.9325485229492188e-05,
    "Check fuzzy test report."
  ],
  "12": [
    [
      14,
      64
    ],
    false,
    true,
    0.00013518333435058594,
    "Check fuzzy test report."
  ],
  "13": [
    [
      25,
      87
    ],
    false,
    false,
    "Linting error: Unable to import 'set'"
  ],
  "14": [
    [
      5,
      7
    ],
    false,
    true,
    "LLM's code raised exception:argument of type 'int' is not iterable"
  ],
  "15": [
    [
      2,
      2
    ],
    false,
    false,
    "Linting error: Unable to import 'set'"
  ],
  "16": [
    [
      33,
      36
    ],
    false,
    true,
    "LLM's code raised exception:'set' object is not subscriptable"
  ],
  "17": [
    [
      62,
      78
    ],
    false,
    true,
    1.4781951904296875e-05,
    "Check fuzzy test report."
  ],
  "18": [
    [
      35,
      49
    ],
    false,
    true,
    0.0002334117889404297,
    "Check fuzzy test report."
  ],
  "19": [
    [
      3,
      5
    ],
    false,
    true,
    5.7697296142578125e-05,
    "Check fuzzy test report."
  ],
  "20": [
    [
      56,
      66
    ],
    false,
    true,
    6.341934204101562e-05,
    "Check fuzzy test report."
  ],
  "21": [
    [
      639,
      975
    ],
    false,
    true,
    0.00019359588623046875,
    "Check fuzzy test report."
  ],
  "22": [
    [
      40,
      200
    ],
    false,
    true,
    0.00017547607421875,
    "Check fuzzy test report."
  ],
  "23": [
    [
      52,
      71
    ],
    false,
    true,
    8.225440979003906e-05,
    "Check fuzzy test report."
  ],
  "24": [
    [
      74,
      95
    ],
    false,
    false,
    "Linting error: Unable to import 'set'"
  ],
  "25": [
    [
      29,
      93
    ],
    false,
    true,
    7.128715515136719e-05,
    "Check fuzzy test report."
  ],
  "26": [
    [
      62,
      99
    ],
    false,
    false,
    "Linting error: Unable to import 'set'"
  ],
  "27": [
    [
      66,
      93
    ],
    false,
    true,
    5.817413330078125e-05,
    "Check fuzzy test report."
  ],
  "28": [
    [
      62,
      63
    ],
    false,
    false,
    "Linting error: Unable to import 'set'"
  ],
  "29": [
    [
      59,
      97
    ],
    false,
    true,
    0.00011897087097167969,
    "Check fuzzy test report."
  ],
  "30": [
    [
      55,
      98
    ],
    false,
    true,
    4.887580871582031e-05,
    "Check fuzzy test report."
  ],
  "31": [
    [
      75,
      88
    ],
    false,
    false,
    "Linting error: Unable to import 'set'"
  ],
  "32": [
    [
      21,
      97
    ],
    false,
    true,
    "LLM's code raised exception:unsupported operand type(s) for &: 'list' and 'list'"
  ],
  "33": [
    [
      667,
      774
    ],
    false,
    true,
    0.00021958351135253906,
    "Check fuzzy test report."
  ],
  "34": [
    [
      60,
      200
    ],
    false,
    true,
    0.00033736228942871094,
    "Check fuzzy test report."
  ],
  "35": [
    [
      30,
      48
    ],
    false,
    false,
    "Linting error: Unable to import 'set'"
  ],
  "36": [
    [
      246,
      750
    ],
    false,
    true,
    0.0003414154052734375,
    "Check fuzzy test report."
  ],
  "37": [
    [
      1,
      5
    ],
    false,
    true,
    6.175041198730469e-05,
    "Check fuzzy test report."
  ],
  "38": [
    [
      22,
      63
    ],
    false,
    false,
    "Linting error: Unable to import 'set'"
  ],
  "39": [
    [
      20,
      30
    ],
    false,
    true,
    5.030632019042969e-05,
    "Check fuzzy test report."
  ],
  "40": [
    [
      0,
      1
    ],
    false,
    false,
    "Linting error: Parsing failed: 'unmatched ')' (<unknown>, line 2)'"
  ],
  "41": [
    [
      6,
      6
    ],
    false,
    true,
    4.267692565917969e-05,
    "Check fuzzy test report."
  ],
  "42": [
    [
      29,
      79
    ],
    false,
    true,
    0.00011491775512695312,
    "Check fuzzy test report."
  ],
  "43": [
    [
      68,
      86
    ],
    false,
    true,
    0.00011801719665527344,
    "Check fuzzy test report."
  ],
  "45": [
    [
      30,
      200
    ],
    false,
    true,
    0.0012023448944091797,
    "Check fuzzy test report."
  ],
  "46": [
    [
      30,
      87
    ],
    false,
    true,
    8.320808410644531e-05,
    "Check fuzzy test report."
  ],
  "47": [
    [
      37,
      76
    ],
    false,
    true,
    0.0002334117889404297,
    "Check fuzzy test report."
  ],
  "48": [
    [
      533,
      605
    ],
    false,
    true,
    "LLM's code raised exception:unhashable type: 'list'"
  ],
  "49": [
    [
      80,
      200
    ],
    false,
    true,
    "LLM's code raised exception:unsupported operand type(s) for &: 'list' and 'list'"
  ],
  "50": [
    [
      70,
      84
    ],
    false,
    false,
    "Linting error: Unable to import 'set'"
  ],
  "52": [
    [
      28,
      38
    ],
    false,
    true,
    2.8371810913085938e-05,
    "Check fuzzy test report."
  ],
  "53": [
    [
      200,
      200
    ],
    false,
    true,
    "LLM's code raised exception:unsupported operand type(s) for &: 'list' and 'list'"
  ],
  "54": [
    [
      34,
      55
    ],
    false,
    false,
    "Linting error: Unable to import 'set'"
  ],
  "55": [
    [
      9,
      9
    ],
    false,
    false,
    "Linting error: Unable to import 'set'"
  ],
  "56": [
    [
      1,
      8
    ],
    false,
    true,
    5.53131103515625e-05,
    "Check fuzzy test report."
  ],
  "57": [
    [
      27,
      55
    ],
    false,
    false,
    "Linting error: Unable to import 'set'"
  ],
  "58": [
    [
      209,
      556
    ],
    false,
    true,
    0.00020742416381835938,
    "Check fuzzy test report."
  ],
  "59": [
    [
      0,
      8
    ],
    false,
    true,
    9.918212890625e-05,
    "Check fuzzy test report."
  ],
  "60": [
    [
      75,
      85
    ],
    false,
    true,
    4.38690185546875e-05,
    "Check fuzzy test report."
  ],
  "61": [
    [
      0,
      6
    ],
    false,
    true,
    1.430511474609375e-05,
    "Check fuzzy test report."
  ],
  "62": [
    [
      91,
      99
    ],
    false,
    false,
    "Linting error: Unable to import 'set'"
  ],
  "63": [
    [
      22,
      88
    ],
    false,
    true,
    4.315376281738281e-05,
    "Check fuzzy test report."
  ],
  "64": [
    [
      0,
      3
    ],
    false,
    true,
    "LLM's code raised exception:unsupported operand type(s) for &: 'list' and 'list'"
  ],
  "65": [
    [
      56,
      98
    ],
    false,
    true,
    6.079673767089844e-05,
    "Check fuzzy test report."
  ],