{
  "1": [
    [
      15,
      89,
      40,
      72
    ],
    true,
    false,
    "Check the pre-existing tests report."
  ],
  "2": [
    [
      10,
      59,
      18,
      36
    ],
    false,
    true,
    0.00033211708068847656,
    "Check fuzzy test report."
  ],
  "3": [
    [
      27,
      95,
      49,
      51
    ],
    false,
    true,
    1.6927719116210938e-05,
    "Check fuzzy test report."
  ],
  "5": [
    [
      63,
      70,
      4,
      5
    ],
    false,
    true,
    0.000278472900390625,
    "Check fuzzy test report."
  ],
  "6": [
    [
      45,
      98,
      40,
      47
    ],
    false,
    true,
    0.0003037452697753906,
    "Check fuzzy test report."
  ],
  "7": [
    [
      119,
      256,
      104,
      123
    ],
    false,
    true,
    0.00037097930908203125,
    "Check fuzzy test report."
  ],
  "8": [
    [
      17,
      72,
      50,
      51
    ],
    false,
    true,
    0.0002827644348144531,
    "Check fuzzy test report."
  ],
  "9": [
    [
      0,
      300,
      50,
      60
    ],
    false,
    true,
    0.0016908645629882812,
    "Check fuzzy test report."
  ],
  "11": [
    [
      24,
      97,
      10,
      36
    ],
    false,
    true,
    0.0004088878631591797,
    "Check fuzzy test report."
  ],
  "12": [
    [
      62,
      88,
      18,
      21
    ],
    false,
    true,
    0.0004336833953857422,
    "Check fuzzy test report."
  ],
  "13": [
    [
      13,
      95,
      57,
      60
    ],
    false,
    true,
    2.6941299438476562e-05,
    "Check fuzzy test report."
  ],
  "14": [
    [
      10,
      74,
      6,
      8
    ],
    true,
    false,
    "Check the pre-existing tests report."
  ],
  "15": [
    [
      0,
      6,
      3,
      6
    ],
    false,
    true,
    0.0003190040588378906,
    "Check fuzzy test report."
  ],
  "16": [
    [
      15,
      86,
      51,
      60
    ],
    false,
    true,
    0.00026607513427734375,
    "Check fuzzy test report."
  ],
  "17": [
    [
      22,
      95,
      52,
      55
    ],
    false,
    true,
    0.0003037452697753906,
    "Check fuzzy test report."
  ],
  "18": [
    [
      11,
      83,
      13,
      66
    ],
    false,
    true,
    0.0004832744598388672,
    "Check fuzzy test report."
  ],
  "19": [
    [
      10,
      55,
      3,
      7
    ],
    true,
    false,
    "Check the pre-existing tests report."
  ],
  "20": [
    [
      20,
      74,
      36,
      42
    ],
    false,
    true,
    0.00029087066650390625,
    "Check fuzzy test report."
  ],
  "21": [
    [
      100,
      295,
      136,
      160
    ],
    false,
    true,
    0.00017452239990234375,
    "Check fuzzy test report."
  ],
  "22": [
    [
      100,
      200,
      5,
      10
    ],
    false,
    true,
    0.0003254413604736328,
    "Check fuzzy test report."
  ],
  "23": [
    [
      23,
      94,
      17,
      55
    ],
    true,
    false,
    "Check the pre-existing tests report."
  ],
  "24": [
    [
      12,
      92,
      42,
      77
    ],
    false,
    true,
    0.0003867149353027344,
    "Check fuzzy test report."
  ],
  "25": [
    [
      26,
      84,
      30,
      46
    ],
    false,
    true,
    0.00034427642822265625,
    "Check fuzzy test report."
  ],
  "26": [
    [
      24,
      84,
      21,
      31
    ],
    false,
    true,
    0.00031495094299316406,
    "Check fuzzy test report."
  ],
  "27": [
    [
      13,
      99,
      26,
      29
    ],
    true,
    false,
    "Check the pre-existing tests report."
  ],
  "28": [
    [
      32,
      71,
      21,
      32
    ],
    false,
    true,
    0.00028824806213378906,
    "Check fuzzy test report."
  ],
  "29": [
    [
      15,
      94,
      18,
      73
    ],
    false,
    true,
    0.0005128383636474609,
    "Check fuzzy test report."
  ],
  "30": [
    [
      14,
      90,
      55,
      71
    ],
    false,
    true,
    0.0003135204315185547,
    "Check fuzzy test report."
  ],
  "31": [
    [
      11,
      83,
      37,
      60
    ],
    false,
    true,
    0.0003674030303955078,
    "Check fuzzy test report."
  ],
  "32": [
    [
      16,
      77,
      43,
      47
    ],
    false,
    true,
    0.00029587745666503906,
    "Check fuzzy test report."
  ],
  "33": [
    [
      130,
      295,
      103,
      158
    ],
    false,
    true,
    0.0002923011779785156,
    "Check fuzzy test report."
  ],
  "34": [
    [
      200,
      300,
      10,
      50
    ],
    false,
    true,
    0.0005698204040527344,
    "Check fuzzy test report."
  ],
  "35": [
    [
      34,
      90,
      14,
      39
    ],
    false,
    true,
    0.0003941059112548828,
    "Check fuzzy test report."
  ],
  "36": [
    [
      124,
      283,
      115,
      134
    ],
    false,
    true,
    0.00012373924255371094,
    "Check fuzzy test report."
  ],
  "37": [
    [
      0,
      9,
      3,
      5
    ],
    false,
    true,
    0.0002887248992919922,
    "Check fuzzy test report."
  ],
  "38": [
    [
      18,
      87,
      38,
      60
    ],
    false,
    true,
    0.0003986358642578125,
    "Check fuzzy test report."
  ],
  "39": [
    [
      31,
      91,
      50,
      53
    ],
    false,
    true,
    1.7404556274414062e-05,
    "Check fuzzy test report."
  ],
  "40": [
    [
      0,
      5,
      3,
      5
    ],
    false,
    true,
    0.00030875205993652344,
    "Check fuzzy test report."
  ],
  "41": [
    [
      1,
      7,
      3,
      4
    ],
    false,
    true,
    0.0002815723419189453,
    "Check fuzzy test report."
  ],
  "42": [
    [
      43,
      95,
      18,
      47
    ],
    false,
    true,
    0.0003457069396972656,
    "Check fuzzy test report."
  ],
  "43": [
    [
      41,
      89,
      23,
      38
    ],
    false,
    true,
    0.0003170967102050781,
    "Check fuzzy test report."
  ],
  "44": [
    [
      18,
      98,
      31,
      51
    ],
    true,
    false,
    "Check the pre-existing tests report."
  ],
  "46": [
    [
      11,
      97,
      29,
      62
    ],
    false,
    true,
    0.0004291534423828125,
    "Check fuzzy test report."
  ],
  "47": [
    [
      39,
      94,
      14,
      52
    ],
    false,
    true,
    0.00037097930908203125,
    "Check fuzzy test report."
  ],
  "48": [
    [
      155,
      283,
      104,
      120
    ],
    false,
    true,
    6.008148193359375e-05,
    "Check fuzzy test report."
  ],
  "49": [
    [
      10,
      100,
      10,
      50
    ],
    false,
    true,
    0.0005061626434326172,
    "Check fuzzy test report."
  ],
  "50": [
    [
      36,
      92,
      10,
      35
    ],
    false,
    true,
    0.00037360191345214844,
    "Check fuzzy test report."
  ],
  "51": [
    [
      2,
      8,
      3,
      4
    ],
    false,
    true,
    0.0002796649932861328,
    "Check fuzzy test report."
  ],
  "52": [
    [
      44,
      99,
      13,
      42
    ],
    false,
    true,
    0.00035858154296875,
    "Check fuzzy test report."
  ],
  "53": [
    [
      1,
      299,
      3,
      10
    ],
    false,
    true,
    0.0011687278747558594,
    "Check fuzzy test report."
  ],
  "54": [
    [
      27,
      77,
      18,
      19
    ],
    false,
    true,
    0.0003142356872558594,
    "Check fuzzy test report."
  ],
  "55": [
    [
      10,
      75,
      10,
      20
    ],
    false,
    true,
    0.00033593177795410156,
    "Check fuzzy test report."
  ],
  "56": [
    [
      1,
      9,
      3,
      7
    ],
    false,
    true,
    0.0002872943878173828,
    "Check fuzzy test report."
  ],
  "57": [
    [
      16,
      94,
      39,
      52
    ],
    true,
    false,
    "Check the pre-existing tests report."
  ],
  "58": [
    [
      125,
      283,
      109,
      126
    ],
    false,
    true,
    0.0001246929168701172,
    "Check fuzzy test report."
  ],