{
  "halstead_volume": 66.60791492653966,
  "cyclomatic_complexity": 5,
  "number_of_LLOC": 10,
  "percent_of_lines_of_comment": 55.55555555555556
}