{
  "halstead_volume": 27.863137138648348,
  "cyclomatic_complexity": 3,
  "number_of_LLOC": 9,
  "percent_of_lines_of_comment": 22.22222222222222
}