{
  "halstead_volume": 66.60791492653966,
  "cyclomatic_complexity": 7,
  "number_of_LLOC": 14,
  "percent_of_lines_of_comment": 42.857142857142854
}