{
  "halstead_volume": 69.48686830125578,
  "cyclomatic_complexity": 3,
  "number_of_LLOC": 10,
  "percent_of_lines_of_comment": 44.44444444444444
}