{
  "1": [
    [
      15,
      89,
      40,
      72
    ],
    false,
    true,
    0.00010037422180175781,
    "Check fuzzy test report."
  ],
  "2": [
    [
      10,
      59,
      18,
      36
    ],
    false,
    true,
    0.0004506111145019531,
    "Check fuzzy test report."
  ],
  "3": [
    [
      27,
      95,
      49,
      51
    ],
    false,
    true,
    1.3828277587890625e-05,
    "Check fuzzy test report."
  ],
  "5": [
    [
      63,
      70,
      4,
      5
    ],
    false,
    true,
    1.2874603271484375e-05,
    "Check fuzzy test report."
  ],
  "7": [
    [
      119,
      256,
      104,
      123
    ],
    false,
    true,
    8.749961853027344e-05,
    "Check fuzzy test report."
  ],
  "8": [
    [
      17,
      72,
      50,
      51
    ],
    true,
    false,
    "Check the pre-existing tests report."
  ],
  "9": [
    [
      0,
      300,
      50,
      60
    ],
    true,
    false,
    "Check the pre-existing tests report."
  ],
  "10": [
    [
      16,
      60,
      16,
      39
    ],
    false,
    true,
    7.271766662597656e-05,
    "Check fuzzy test report."
  ],
  "11": [
    [
      24,
      97,
      10,
      36
    ],
    false,
    true,
    0.00016260147094726562,
    "Check fuzzy test report."
  ],
  "12": [
    [
      62,
      88,
      18,
      21
    ],
    true,
    false,
    "Check the pre-existing tests report."
  ],
  "13": [
    [
      13,
      95,
      57,
      60
    ],
    true,
    false,
    "Check the pre-existing tests report."
  ],
  "14": [
    [
      10,
      74,
      6,
      8
    ],
    false,
    true,
    3.123283386230469e-05,
    "Check fuzzy test report."
  ],
  "15": [
    [
      0,
      6,
      3,
      6
    ],
    true,
    false,
    "Check the pre-existing tests report."
  ],
  "16": [
    [
      15,
      86,
      51,
      60
    ],
    true,
    false,
    "Check the pre-existing tests report."
  ],
  "17": [
    [
      22,
      95,
      52,
      55
    ],
    false,
    true,
    2.4318695068359375e-05,
    "Check fuzzy test report."
  ],
  "18": [
    [
      11,
      83,
      13,
      66
    ],
    true,
    false,
    "Check the pre-existing tests report."
  ],
  "19": [
    [
      10,
      55,
      3,
      7
    ],
    false,
    true,
    4.100799560546875e-05,
    "Check fuzzy test report."
  ],
  "20": [
    [
      20,
      74,
      36,
      42
    ],
    true,
    false,
    "Check the pre-existing tests report."
  ],
  "21": [
    [
      100,
      295,
      136,
      160
    ],
    true,
    false,
    "Check the pre-existing tests report."
  ],
  "22": [
    [
      100,
      200,
      5,
      10
    ],
    false,
    true,
    7.891654968261719e-05,
    "Check fuzzy test report."
  ],
  "23": [
    [
      23,
      94,
      17,
      55
    ],
    false,
    true,
    0.0004134178161621094,
    "Check fuzzy test report."
  ],
  "24": [
    [
      12,
      92,
      42,
      77
    ],
    false,
    false,
    "No Python function was generated."
  ],
  "25": [
    [
      26,
      84,
      30,
      46
    ],
    false,
    true,
    0.0004966259002685547,
    "Check fuzzy test report."
  ],
  "27": [
    [
      13,
      99,
      26,
      29
    ],
    false,
    true,
    0.00030493736267089844,
    "Check fuzzy test report."
  ],
  "28": [
    [
      32,
      71,
      21,
      32
    ],
    false,
    true,
    0.00037407875061035156,
    "Check fuzzy test report."
  ],
  "29": [
    [
      15,
      94,
      18,
      73
    ],
    false,
    true,
    0.001308441162109375,
    "Check fuzzy test report."
  ],
  "30": [
    [
      14,
      90,
      55,
      71
    ],
    false,
    true,
    0.0002968311309814453,
    "Check fuzzy test report."
  ],
  "31": [
    [
      11,
      83,
      37,
      60
    ],
    true,
    false,
    "Check the pre-existing tests report."
  ],
  "32": [
    [
      16,
      77,
      43,
      47
    ],
    false,
    true,
    2.4318695068359375e-05,
    "Check fuzzy test report."
  ],
  "33": [
    [
      130,
      295,
      103,
      158
    ],
    false,
    true,
    0.0005385875701904297,
    "Check fuzzy test report."
  ],
  "34": [
    [
      200,
      300,
      10,
      50
    ],
    false,
    true,
    0.00034809112548828125,
    "Check fuzzy test report."
  ],
  "36": [
    [
      124,
      283,
      115,
      134
    ],
    false,
    true,
    0.00010442733764648438,
    "Check fuzzy test report."
  ],
  "37": [
    [
      0,
      9,
      3,
      5
    ],
    false,
    true,
    1.7881393432617188e-05,
    "Check fuzzy test report."
  ],
  "38": [
    [
      18,
      87,
      38,
      60
    ],
    true,
    false,
    "Check the pre-existing tests report."
  ],
  "39": [
    [
      31,
      91,
      50,
      53
    ],
    true,
    false,
    "Check the pre-existing tests report."
  ],
  "40": [
    [
      0,
      5,
      3,
      5
    ],
    true,
    false,
    "Check the pre-existing tests report."
  ],
  "41": [
    [
      1,
      7,
      3,
      4
    ],
    false,
    true,
    0.0002899169921875,
    "Check fuzzy test report."
  ],
  "42": [
    [
      43,
      95,
      18,
      47
    ],
    true,
    false,
    "Check the pre-existing tests report."
  ],
  "43": [
    [
      41,
      89,
      23,
      38
    ],
    false,
    true,
    0.0002925395965576172,
    "Check fuzzy test report."
  ],
  "44": [
    [
      18,
      98,
      31,
      51
    ],
    false,
    true,
    0.00014162063598632812,
    "Check fuzzy test report."
  ],
  "45": [
    [
      70,
      140,
      3,
      60
    ],
    false,
    true,
    0.0005242824554443359,
    "Check fuzzy test report."
  ],
  "46": [
    [
      11,
      97,
      29,
      62
    ],
    false,
    true,
    0.00042724609375,
    "Check fuzzy test report."
  ],
  "47": [
    [
      39,
      94,
      14,
      52
    ],
    false,
    true,
    0.0003936290740966797,
    "Check fuzzy test report."
  ],
  "48": [
    [
      155,
      283,
      104,
      120
    ],
    false,
    true,
    8.821487426757812e-05,
    "Check fuzzy test report."
  ],
  "49": [
    [
      10,
      100,
      10,
      50
    ],
    false,
    true,
    0.0004985332489013672,
    "Check fuzzy test report."
  ],
  "50": [
    [
      36,
      92,
      10,
      35
    ],
    false,
    true,
    0.0003418922424316406,
    "Check fuzzy test report."
  ],
  "51": [
    [
      2,
      8,
      3,
      4
    ],
    false,
    true,
    0.0002760887145996094,
    "Check fuzzy test report."
  ],
  "52": [
    [
      44,
      99,
      13,
      42
    ],
    false,
    true,
    0.0003578662872314453,
    "Check fuzzy test report."
  ],
  "53": [
    [
      1,
      299,
      3,
      10
    ],
    false,
    true,
    0.0012063980102539062,
    "Check fuzzy test report."
  ],
  "54": [
    [
      27,
      77,
      18,
      19
    ],
    false,
    true,
    0.00029659271240234375,
    "Check fuzzy test report."
  ],
  "55": [
    [
      10,
      75,
      10,
      20
    ],
    false,
    true,
    7.510185241699219e-05,
    "Check fuzzy test report."
  ],
  "56": [
    [
      1,
      9,
      3,
      7
    ],
    false,
    true,
    1.5974044799804688e-05,
    "Check fuzzy test report."
  ],
  "57": [
    [
      16,
      94,
      39,
      52
    ],
    false,
    true,
    7.271766662597656e-05,
    "Check fuzzy test report."
  ],
  "58": [
    [
      125,
      283,
      109,
      126
    ],
    true,
    false,
    "Check the pre-existing tests report."
  ],
  "59": [
    [
      0,
      100,
      3,
      15
    ],
    false,
    true,
    0.00010132789611816406,
    "Check fuzzy test report."
  ],
  "60": [
    [
      23,
      82,
      32,
      34
    ],
    false,
    true,
    0.0002837181091308594,
    "Check fuzzy test report."
  ],