{
  "halstead_volume": 62.26976913547136,
  "cyclomatic_complexity": 4,
  "number_of_LLOC": 7,
  "percent_of_lines_of_comment": 83.33333333333334
}