{
  "halstead_volume": 87.56842503028855,
  "cyclomatic_complexity": 5,
  "number_of_LLOC": 13,
  "percent_of_lines_of_comment": 7.6923076923076925
}