{
  "halstead_volume": 41.51317942364757,
  "cyclomatic_complexity": 7,
  "number_of_LLOC": 12,
  "percent_of_lines_of_comment": 9.090909090909092
}