{
  "halstead_volume": 62.907475208398566,
  "cyclomatic_complexity": 7,
  "number_of_LLOC": 7,
  "percent_of_lines_of_comment": 71.42857142857143
}