{
  "halstead_volume": 98.09910819000817,
  "cyclomatic_complexity": 8,
  "number_of_LLOC": 6,
  "percent_of_lines_of_comment": 83.33333333333334
}