{
  "halstead_volume": 28.529325012980813,
  "cyclomatic_complexity": 2,
  "number_of_LLOC": 13,
  "percent_of_lines_of_comment": 30.76923076923077
}