{
  "1": [
    [
      31,
      72
    ],
    false,
    true,
    2.2411346435546875e-05,
    "Check fuzzy test report."
  ],
  "2": [
    [
      15,
      39
    ],
    false,
    true,
    3.147125244140625e-05,
    "Check fuzzy test report."
  ],
  "4": [
    [
      12,
      92
    ],
    false,
    true,
    9.441375732421875e-05,
    "Check fuzzy test report."
  ],
  "6": [
    [
      10,
      66
    ],
    false,
    true,
    7.295608520507812e-05,
    "Check fuzzy test report."
  ],
  "7": [
    [
      661,
      924
    ],
    false,
    true,
    7.939338684082031e-05,
    "Check fuzzy test report."
  ],
  "9": [
    [
      70,
      200
    ],
    false,
    true,
    5.91278076171875e-05,
    "Check fuzzy test report."
  ],
  "11": [
    [
      37,
      51
    ],
    false,
    true,
    4.5299530029296875e-05,
    "Check fuzzy test report."
  ],
  "12": [
    [
      14,
      64
    ],
    false,
    true,
    3.4332275390625e-05,
    "Check fuzzy test report."
  ],
  "13": [
    [
      25,
      87
    ],
    false,
    true,
    9.1552734375e-05,
    "Check fuzzy test report."
  ],
  "14": [
    [
      5,
      7
    ],
    false,
    true,
    1.0251998901367188e-05,
    "Check fuzzy test report."
  ],
  "16": [
    [
      33,
      36
    ],
    false,
    true,
    9.059906005859375e-06,
    "Check fuzzy test report."
  ],
  "17": [
    [
      62,
      78
    ],
    false,
    true,
    2.3126602172851562e-05,
    "Check fuzzy test report."
  ],
  "18": [
    [
      35,
      49
    ],
    false,
    true,
    2.3365020751953125e-05,
    "Check fuzzy test report."
  ],
  "20": [
    [
      56,
      66
    ],
    false,
    true,
    1.239776611328125e-05,
    "Check fuzzy test report."
  ],
  "21": [
    [
      639,
      975
    ],
    false,
    true,
    "LLM's code raised exception:unsupported operand type(s) for &: 'list' and 'list'"
  ],
  "22": [
    [
      40,
      200
    ],
    false,
    true,
    4.38690185546875e-05,
    "Check fuzzy test report."
  ],
  "23": [
    [
      52,
      71
    ],
    false,
    true,
    2.8371810913085938e-05,
    "Check fuzzy test report."
  ],
  "24": [
    [
      74,
      95
    ],
    false,
    true,
    1.9073486328125e-05,
    "Check fuzzy test report."
  ],
  "26": [
    [
      62,
      99
    ],
    false,
    true,
    "LLM's code raised exception:unsupported operand type(s) for &: 'list' and 'list'"
  ],
  "27": [
    [
      66,
      93
    ],
    false,
    true,
    3.361701965332031e-05,
    "Check fuzzy test report."
  ],
  "28": [
    [
      62,
      63
    ],
    false,
    true,
    7.3909759521484375e-06,
    "Check fuzzy test report."
  ],
  "29": [
    [
      59,
      97
    ],
    false,
    true,
    2.6702880859375e-05,
    "Check fuzzy test report."
  ],
  "30": [
    [
      55,
      98
    ],
    false,
    true,
    2.47955322265625e-05,
    "Check fuzzy test report."
  ],
  "34": [
    [
      60,
      200
    ],
    false,
    true,
    5.340576171875e-05,
    "Check fuzzy test report."
  ],
  "35": [
    [
      30,
      48
    ],
    false,
    true,
    2.002716064453125e-05,
    "Check fuzzy test report."
  ],
  "36": [
    [
      246,
      750
    ],
    false,
    true,
    8.96453857421875e-05,
    "Check fuzzy test report."
  ],
  "37": [
    [
      1,
      5
    ],
    false,
    true,
    1.0967254638671875e-05,
    "Check fuzzy test report."
  ],
  "38": [
    [
      22,
      63
    ],
    false,
    true,
    1.9550323486328125e-05,
    "Check fuzzy test report."
  ],
  "39": [
    [
      20,
      30
    ],
    false,
    true,
    4.3392181396484375e-05,
    "Check fuzzy test report."
  ],
  "42": [
    [
      29,
      79
    ],
    false,
    true,
    2.6464462280273438e-05,
    "Check fuzzy test report."
  ],
  "44": [
    [
      13,
      68
    ],
    false,
    false,
    "Linting error: Undefined variable 'x'"
  ],
  "47": [
    [
      37,
      76
    ],
    false,
    true,
    1.8835067749023438e-05,
    "Check fuzzy test report."
  ],
  "48": [
    [
      533,
      605
    ],
    false,
    true,
    3.4809112548828125e-05,
    "Check fuzzy test report."
  ],
  "49": [
    [
      80,
      200
    ],
    false,
    true,
    2.956390380859375e-05,
    "Check fuzzy test report."
  ],
  "50": [
    [
      70,
      84
    ],
    false,
    true,
    4.0531158447265625e-05,
    "Check fuzzy test report."
  ],
  "51": [
    [
      0,
      2
    ],
    false,
    true,
    "LLM's code raised exception:'int' object is not iterable"
  ],
  "52": [
    [
      28,
      38
    ],
    false,
    true,
    1.33514404296875e-05,
    "Check fuzzy test report."
  ],
  "54": [
    [
      34,
      55
    ],
    false,
    true,
    2.0503997802734375e-05,
    "Check fuzzy test report."
  ],
  "56": [
    [
      1,
      8
    ],
    false,
    true,
    1.430511474609375e-05,
    "Check fuzzy test report."
  ],
  "57": [
    [
      27,
      55
    ],
    false,
    true,
    2.9087066650390625e-05,
    "Check fuzzy test report."
  ],
  "58": [
    [
      209,
      556
    ],
    false,
    true,
    8.20159912109375e-05,
    "Check fuzzy test report."
  ],
  "59": [
    [
      0,
      8
    ],
    false,
    true,
    1.8358230590820312e-05,
    "Check fuzzy test report."
  ],
  "60": [
    [
      75,
      85
    ],
    false,
    true,
    2.002716064453125e-05,
    "Check fuzzy test report."
  ],
  "63": [
    [
      22,
      88
    ],
    false,
    true,
    0.00016307830810546875,
    "Check fuzzy test report."
  ],
  "64": [
    [
      0,
      3
    ],
    false,
    true,
    3.147125244140625e-05,
    "Check fuzzy test report."
  ],
  "65": [
    [
      56,
      98
    ],
    false,
    true,
    9.560585021972656e-05,
    "Check fuzzy test report."
  ],
  "66": [
    [
      50,
      54
    ],
    false,
    true,
    1.1682510375976562e-05,
    "Check fuzzy test report."
  ],
  "67": [
    [
      22,
      50
    ],
    false,
    true,
    2.0742416381835938e-05,
    "Check fuzzy test report."
  ],
  "70": [
    [
      28,
      32
    ],
    false,
    true,
    2.6226043701171875e-05,
    "Check fuzzy test report."
  ],
  "71": [
    [
      26,
      52
    ],
    false,
    true,
    4.696846008300781e-05,
    "Check fuzzy test report."
  ],
  "73": [
    [
      19,
      92
    ],
    false,
    true,
    3.147125244140625e-05,
    "Check fuzzy test report."
  ],
  "75": [
    [
      56,
      57
    ],
    false,
    true,
    5.4836273193359375e-06,
    "Check fuzzy test report."
  ],
  "76": [
    [
      686,
      987
    ],
    false,
    true,
    6.461143493652344e-05,
    "Check fuzzy test report."
  ],
  "77": [
    [
      527,
      538
    ],
    false,
    true,
    6.604194641113281e-05,
    "Check fuzzy test report."
  ],
  "79": [
    [
      4,
      4
    ],
    false,
    true,
    9.298324584960938e-06,
    "Check fuzzy test report."
  ],
  "84": [
    [
      43,
      86
    ],
    false,
    true,
    2.002716064453125e-05,
    "Check fuzzy test report."
  ],
  "86": [
    [
      31,
      34
    ],
    false,
    true,
    1.3113021850585938e-05,
    "Check fuzzy test report."
  ],
  "88": [
    [
      4,
      8
    ],
    false,
    true,
    1.8358230590820312e-05,
    "Check fuzzy test report."
  ],
  "89": [
    [
      56,
      82
    ],
    false,
    true,
    6.747245788574219e-05,
    "Check fuzzy test report."
  ],
  "90": [
    [
      262,
      746
    ],
    false,
    true,
    8.416175842285156e-05,
    "Check fuzzy test report."
  ],
  "92": [
    [
      0,
      0
    ],
    false,
    true,
    9.298324584960938e-06,
    "Check fuzzy test report."
  ],
  "93": [
    [
      75,
      94
    ],
    false,
    true,
    6.341934204101562e-05,
    "Check fuzzy test report."
  ],
  "95": [
    [
      82,
      86
    ],
    false,
    true,
    4.482269287109375e-05,
    "Check fuzzy test report."
  ],