{
  "halstead_volume": 51.89147427955947,
  "cyclomatic_complexity": 5,
  "number_of_LLOC": 9,
  "percent_of_lines_of_comment": 33.33333333333333
}