{
  "halstead_volume": 116.69205856195879,
  "cyclomatic_complexity": 8,
  "number_of_LLOC": 15,
  "percent_of_lines_of_comment": 86.66666666666667
}