{
  "halstead_volume": 53.77443751081735,
  "cyclomatic_complexity": 5,
  "number_of_LLOC": 11,
  "percent_of_lines_of_comment": 27.27272727272727
}