{
  "halstead_volume": 64.52932501298082,
  "cyclomatic_complexity": 3,
  "number_of_LLOC": 9,
  "percent_of_lines_of_comment": 33.33333333333333
}