{
  "halstead_volume": 38.03910001730775,
  "cyclomatic_complexity": 5,
  "number_of_LLOC": 9,
  "percent_of_lines_of_comment": 11.11111111111111
}