{
  "halstead_volume": 185.4406125843753,
  "cyclomatic_complexity": 7,
  "number_of_LLOC": 13,
  "percent_of_lines_of_comment": 30.76923076923077
}