{
  "16": [
    [
      255
    ],
    false,
    true,
    2.4318695068359375e-05,
    "Check fuzzy test report."
  ],
  "41": [
    [
      63
    ],
    false,
    false,
    "Linting error: Undefined variable 'mul'"
  ],
  "42": [
    [
      279
    ],
    false,
    true,
    0.007869482040405273,
    "Check fuzzy test report."
  ],
  "67": [
    [
      42
    ],
    false,
    true,
    2.6226043701171875e-06,
    "Check fuzzy test report."
  ],
  "70": [
    [
      401
    ],
    false,
    true,
    4.410743713378906e-05,
    "Check fuzzy test report."
  ]
}