{
  "halstead_volume": 110.44611534953322,
  "cyclomatic_complexity": 3,
  "number_of_LLOC": 10,
  "percent_of_lines_of_comment": 22.22222222222222
}