{
  "halstead_volume": 74.00879436282185,
  "cyclomatic_complexity": 4,
  "number_of_LLOC": 14,
  "percent_of_lines_of_comment": 33.33333333333333
}