{
  "11": [
    [
      56
    ],
    false,
    true,
    5.4836273193359375e-06,
    "Check fuzzy test report."
  ],
  "15": [
    [
      3
    ],
    false,
    false,
    "Linting error: Using variable 'sum' before assignment"
  ],
  "17": [
    [
      289
    ],
    false,
    true,
    1.3828277587890625e-05,
    "Check fuzzy test report."
  ],
  "21": [
    [
      407
    ],
    false,
    true,
    1.2874603271484375e-05,
    "Check fuzzy test report."
  ],
  "36": [
    [
      338
    ],
    false,
    true,
    1.3828277587890625e-05,
    "Check fuzzy test report."
  ],
  "40": [
    [
      2
    ],
    false,
    true,
    2.5272369384765625e-05,
    "Check fuzzy test report."
  ],
  "53": [
    [
      60
    ],
    false,
    true,
    3.0994415283203125e-06,
    "Check fuzzy test report."
  ],
  "58": [
    [
      223
    ],
    false,
    true,
    1.049041748046875e-05,
    "Check fuzzy test report."
  ],
  "62": [
    [
      188
    ],
    false,
    true,
    4.172325134277344e-05,
    "Check fuzzy test report."
  ],
  "65": [
    [
      80
    ],
    false,
    true,
    5.0067901611328125e-06,
    "Check fuzzy test report."
  ],
  "70": [
    [
      401
    ],
    false,
    true,
    1.5020370483398438e-05,
    "Check fuzzy test report."
  ],
  "72": [
    [
      87
    ],
    false,
    true,
    5.0067901611328125e-06,
    "Check fuzzy test report."
  ]
}