{
  "halstead_volume": 64.72503367497926,
  "cyclomatic_complexity": 2,
  "number_of_LLOC": 7,
  "percent_of_lines_of_comment": 14.285714285714285
}