{
  "8": [
    [
      23,
      23
    ],
    false,
    true,
    4.482269287109375e-05,
    "Check fuzzy test report."
  ],
  "15": [
    [
      2,
      2
    ],
    false,
    true,
    1.6450881958007812e-05,
    "Check fuzzy test report."
  ],
  "40": [
    [
      0,
      1
    ],
    false,
    true,
    1.9073486328125e-05,
    "Check fuzzy test report."
  ],
  "41": [
    [
      6,
      6
    ],
    false,
    true,
    2.956390380859375e-05,
    "Check fuzzy test report."
  ],
  "55": [
    [
      9,
      9
    ],
    false,
    true,
    3.2901763916015625e-05,
    "Check fuzzy test report."
  ],
  "75": [
    [
      56,
      57
    ],
    false,
    true,
    2.4318695068359375e-05,
    "Check fuzzy test report."
  ],
  "76": [
    [
      686,
      987
    ],
    false,
    true,
    7.963180541992188e-05,
    "Check fuzzy test report."
  ],
  "79": [
    [
      4,
      4
    ],
    false,
    true,
    2.6702880859375e-05,
    "Check fuzzy test report."
  ],
  "82": [
    [
      20,
      200
    ],
    false,
    true,
    0.00026297569274902344,
    "Check fuzzy test report."
  ],
  "92": [
    [
      0,
      0
    ],
    false,
    true,
    1.4066696166992188e-05,
    "Check fuzzy test report."
  ]
}