{
  "halstead_volume": 31.019550008653873,
  "cyclomatic_complexity": 8,
  "number_of_LLOC": 8,
  "percent_of_lines_of_comment": 71.42857142857143
}