{
  "halstead_volume": 68.53238859703687,
  "cyclomatic_complexity": 7,
  "number_of_LLOC": 15,
  "percent_of_lines_of_comment": 66.66666666666666
}