{
  "halstead_volume": 58.60335893412778,
  "cyclomatic_complexity": 2,
  "number_of_LLOC": 7,
  "percent_of_lines_of_comment": 42.857142857142854
}