{
  "halstead_volume": 23.264662506490403,
  "cyclomatic_complexity": 5,
  "number_of_LLOC": 14,
  "percent_of_lines_of_comment": 14.285714285714285
}