{
  "halstead_volume": 46.604512509375034,
  "cyclomatic_complexity": 3,
  "number_of_LLOC": 6,
  "percent_of_lines_of_comment": 83.33333333333334
}