{
  "halstead_volume": 39.863137138648355,
  "cyclomatic_complexity": 5,
  "number_of_LLOC": 7,
  "percent_of_lines_of_comment": 66.66666666666666
}