{
  "halstead_volume": 39.863137138648355,
  "cyclomatic_complexity": 4,
  "number_of_LLOC": 18,
  "percent_of_lines_of_comment": 22.22222222222222
}