{
  "halstead_volume": 68.53238859703687,
  "cyclomatic_complexity": 8,
  "number_of_LLOC": 17,
  "percent_of_lines_of_comment": 70.58823529411765
}