{
  "1": [
    [
      15,
      89,
      40,
      72
    ],
    false,
    true,
    0.00013208389282226562,
    "Check fuzzy test report."
  ],
  "2": [
    [
      10,
      59,
      18,
      36
    ],
    false,
    true,
    0.0003345012664794922,
    "Check fuzzy test report."
  ],
  "3": [
    [
      27,
      95,
      49,
      51
    ],
    false,
    true,
    2.9325485229492188e-05,
    "Check fuzzy test report."
  ],
  "6": [
    [
      45,
      98,
      40,
      47
    ],
    false,
    true,
    2.6464462280273438e-05,
    "Check fuzzy test report."
  ],
  "7": [
    [
      119,
      256,
      104,
      123
    ],
    false,
    true,
    0.00011467933654785156,
    "Check fuzzy test report."
  ],
  "8": [
    [
      17,
      72,
      50,
      51
    ],
    false,
    true,
    2.47955322265625e-05,
    "Check fuzzy test report."
  ],
  "9": [
    [
      0,
      300,
      50,
      60
    ],
    true,
    false,
    "Check the pre-existing tests report."
  ],
  "10": [
    [
      16,
      60,
      16,
      39
    ],
    false,
    true,
    6.532669067382812e-05,
    "Check fuzzy test report."
  ],
  "11": [
    [
      24,
      97,
      10,
      36
    ],
    false,
    true,
    0.00013589859008789062,
    "Check fuzzy test report."
  ],
  "12": [
    [
      62,
      88,
      18,
      21
    ],
    false,
    true,
    1.3589859008789062e-05,
    "Check fuzzy test report."
  ],
  "13": [
    [
      13,
      95,
      57,
      60
    ],
    true,
    false,
    "Check the pre-existing tests report."
  ],
  "14": [
    [
      10,
      74,
      6,
      8
    ],
    false,
    true,
    0.0003097057342529297,
    "Check fuzzy test report."
  ],
  "15": [
    [
      0,
      6,
      3,
      6
    ],
    false,
    true,
    1.4066696166992188e-05,
    "Check fuzzy test report."
  ],
  "16": [
    [
      15,
      86,
      51,
      60
    ],
    false,
    true,
    0.0003638267517089844,
    "Check fuzzy test report."
  ],
  "17": [
    [
      22,
      95,
      52,
      55
    ],
    false,
    true,
    3.5762786865234375e-05,
    "Check fuzzy test report."
  ],
  "18": [
    [
      11,
      83,
      13,
      66
    ],
    false,
    true,
    0.0004756450653076172,
    "Check fuzzy test report."
  ],
  "19": [
    [
      10,
      55,
      3,
      7
    ],
    false,
    true,
    0.000385284423828125,
    "Check fuzzy test report."
  ],
  "20": [
    [
      20,
      74,
      36,
      42
    ],
    false,
    true,
    0.0003063678741455078,
    "Check fuzzy test report."
  ],
  "21": [
    [
      100,
      295,
      136,
      160
    ],
    true,
    false,
    "Check the pre-existing tests report."
  ],
  "22": [
    [
      100,
      200,
      5,
      10
    ],
    false,
    true,
    7.867813110351562e-05,
    "Check fuzzy test report."
  ],
  "23": [
    [
      23,
      94,
      17,
      55
    ],
    true,
    false,
    "Check the pre-existing tests report."
  ],
  "24": [
    [
      12,
      92,
      42,
      77
    ],
    false,
    true,
    0.00013017654418945312,
    "Check fuzzy test report."
  ],
  "25": [
    [
      26,
      84,
      30,
      46
    ],
    false,
    true,
    0.00030303001403808594,
    "Check fuzzy test report."
  ],
  "26": [
    [
      24,
      84,
      21,
      31
    ],
    false,
    true,
    0.00029397010803222656,
    "Check fuzzy test report."
  ],
  "30": [
    [
      14,
      90,
      55,
      71
    ],
    true,
    false,
    "Check the pre-existing tests report."
  ],
  "31": [
    [
      11,
      83,
      37,
      60
    ],
    false,
    true,
    0.00030994415283203125,
    "Check fuzzy test report."
  ],
  "32": [
    [
      16,
      77,
      43,
      47
    ],
    false,
    true,
    3.0517578125e-05,
    "Check fuzzy test report."
  ],
  "33": [
    [
      130,
      295,
      103,
      158
    ],
    false,
    true,
    0.00029540061950683594,
    "Check fuzzy test report."
  ],
  "34": [
    [
      200,
      300,
      10,
      50
    ],
    false,
    true,
    0.0005173683166503906,
    "Check fuzzy test report."
  ],
  "36": [
    [
      124,
      283,
      115,
      134
    ],
    false,
    true,
    0.0001399517059326172,
    "Check fuzzy test report."
  ],
  "37": [
    [
      0,
      9,
      3,
      5
    ],
    false,
    true,
    1.4781951904296875e-05,
    "Check fuzzy test report."
  ],
  "38": [
    [
      18,
      87,
      38,
      60
    ],
    true,
    false,
    "Check the pre-existing tests report."
  ],
  "41": [
    [
      1,
      7,
      3,
      4
    ],
    false,
    true,
    1.5020370483398438e-05,
    "Check fuzzy test report."
  ],
  "42": [
    [
      43,
      95,
      18,
      47
    ],
    true,
    false,
    "Check the pre-existing tests report."
  ],
  "44": [
    [
      18,
      98,
      31,
      51
    ],
    false,
    true,
    9.822845458984375e-05,
    "Check fuzzy test report."
  ],
  "46": [
    [
      11,
      97,
      29,
      62
    ],
    false,
    true,
    0.00022459030151367188,
    "Check fuzzy test report."
  ],
  "47": [
    [
      39,
      94,
      14,
      52
    ],
    false,
    true,
    0.0007319450378417969,
    "Check fuzzy test report."
  ],
  "49": [
    [
      10,
      100,
      10,
      50
    ],
    false,
    true,
    0.00023818016052246094,
    "Check fuzzy test report."
  ],
  "50": [
    [
      36,
      92,
      10,
      35
    ],
    true,
    false,
    "Check the pre-existing tests report."
  ],
  "51": [
    [
      2,
      8,
      3,
      4
    ],
    false,
    true,
    1.3589859008789062e-05,
    "Check fuzzy test report."
  ],
  "52": [
    [
      44,
      99,
      13,
      42
    ],
    true,
    false,
    "Check the pre-existing tests report."
  ],
  "53": [
    [
      1,
      299,
      3,
      10
    ],
    false,
    true,
    0.00021409988403320312,
    "Check fuzzy test report."
  ],
  "54": [
    [
      27,
      77,
      18,
      19
    ],
    false,
    true,
    3.266334533691406e-05,
    "Check fuzzy test report."
  ],
  "55": [
    [
      10,
      75,
      10,
      20
    ],
    false,
    true,
    6.699562072753906e-05,
    "Check fuzzy test report."
  ],
  "56": [
    [
      1,
      9,
      3,
      7
    ],
    true,
    false,
    "Check the pre-existing tests report."
  ],
  "57": [
    [
      16,
      94,
      39,
      52
    ],
    true,
    false,
    "Check the pre-existing tests report."
  ],
  "58": [
    [
      125,
      283,
      109,
      126
    ],
    false,
    true,
    0.00047516822814941406,
    "Check fuzzy test report."
  ],
  "59": [
    [
      0,
      100,
      3,
      15
    ],
    false,
    true,
    0.00011563301086425781,
    "Check fuzzy test report."
  ],
  "61": [
    [
      0,
      30,
      20,
      30
    ],
    false,
    true,
    2.956390380859375e-05,
    "Check fuzzy test report."
  ],
  "62": [
    [
      26,
      87,
      52,
      56
    ],
    false,
    true,
    0.0002665519714355469,
    "Check fuzzy test report."
  ],
  "63": [
    [
      33,
      85,
      26,
      31
    ],
    false,
    true,
    3.075599670410156e-05,
    "Check fuzzy test report."
  ],
  "64": [
    [
      0,
      7,
      4,
      5
    ],
    false,
    true,
    1.33514404296875e-05,
    "Check fuzzy test report."
  ],
  "66": [
    [
      32,
      79,
      35,
      41
    ],
    false,
    true,
    0.00027942657470703125,
    "Check fuzzy test report."
  ],
  "68": [
    [
      0,
      50,
      50,
      100
    ],
    false,
    true,
    0.00040531158447265625,
    "Check fuzzy test report."
  ],
  "69": [
    [
      11,
      96,
      45,
      52
    ],
    false,
    true,
    0.00030040740966796875,
    "Check fuzzy test report."
  ],