{
  "1": [
    [
      20,
      "descending"
    ],
    false,
    true,
    0.00019478797912597656,
    "Check fuzzy test report."
  ],
  "2": [
    [
      618,
      "ascending"
    ],
    false,
    true,
    0.00015926361083984375,
    "Check fuzzy test report."
  ],
  "3": [
    [
      100,
      "ascending"
    ],
    false,
    true,
    0.0003807544708251953,
    "Check fuzzy test report."
  ],
  "4": [
    [
      96,
      "descending"
    ],
    false,
    true,
    0.0004684925079345703,
    "Check fuzzy test report."
  ],
  "5": [
    [
      55,
      "ascending"
    ],
    false,
    true,
    0.0006647109985351562,
    "Check fuzzy test report."
  ],
  "6": [
    [
      74,
      "ascending"
    ],
    false,
    true,
    0.0002961158752441406,
    "Check fuzzy test report."
  ],
  "7": [
    [
      803,
      "ascending"
    ],
    false,
    true,
    0.0003981590270996094,
    "Check fuzzy test report."
  ],
  "8": [
    [
      41,
      "descending"
    ],
    false,
    true,
    0.0003037452697753906,
    "Check fuzzy test report."
  ],
  "9": [
    [
      29,
      "descending"
    ],
    false,
    true,
    0.0005738735198974609,
    "Check fuzzy test report."
  ],
  "10": [
    [
      38,
      "descending"
    ],
    false,
    true,
    0.0005075931549072266,
    "Check fuzzy test report."
  ],
  "11": [
    [
      86,
      "ascending"
    ],
    true,
    false,
    "Check the pre-existing tests report."
  ],
  "12": [
    [
      70,
      "descending"
    ],
    true,
    false,
    "Check the pre-existing tests report."
  ],
  "13": [
    [
      784,
      "ascending"
    ],
    false,
    true,
    0.00014019012451171875,
    "Check fuzzy test report."
  ],
  "14": [
    [
      78,
      "descending"
    ],
    true,
    false,
    "Check the pre-existing tests report."
  ],
  "16": [
    [
      792,
      "ascending"
    ],
    false,
    true,
    0.00039577484130859375,
    "Check fuzzy test report."
  ],
  "17": [
    [
      36,
      "descending"
    ],
    false,
    true,
    0.0004267692565917969,
    "Check fuzzy test report."
  ],
  "18": [
    [
      429,
      "descending"
    ],
    false,
    true,
    5.4836273193359375e-05,
    "Check fuzzy test report."
  ],
  "19": [
    [
      67,
      "descending"
    ],
    false,
    true,
    0.00024628639221191406,
    "Check fuzzy test report."
  ],
  "20": [
    [
      100,
      "descending"
    ],
    false,
    true,
    0.00040411949157714844,
    "Check fuzzy test report."
  ],
  "21": [
    [
      175,
      "ascending"
    ],
    false,
    true,
    0.0005841255187988281,
    "Check fuzzy test report."
  ],
  "22": [
    [
      85,
      "ascending"
    ],
    true,
    false,
    "Check the pre-existing tests report."
  ],
  "24": [
    [
      65,
      "descending"
    ],
    false,
    true,
    0.00028133392333984375,
    "Check fuzzy test report."
  ],
  "25": [
    [
      92,
      "ascending"
    ],
    true,
    false,
    "Check the pre-existing tests report."
  ],
  "26": [
    [
      81,
      "descending"
    ],
    true,
    false,
    "Check the pre-existing tests report."
  ],
  "27": [
    [
      79,
      "descending"
    ],
    false,
    true,
    0.0005004405975341797,
    "Check fuzzy test report."
  ],
  "28": [
    [
      19,
      "ascending"
    ],
    false,
    true,
    0.00054931640625,
    "Check fuzzy test report."
  ],
  "29": [
    [
      55,
      "descending"
    ],
    true,
    false,
    "Check the pre-existing tests report."
  ],
  "30": [
    [
      37,
      "descending"
    ],
    false,
    true,
    0.00025391578674316406,
    "Check fuzzy test report."
  ],
  "31": [
    [
      50,
      "descending"
    ],
    true,
    false,
    "Check the pre-existing tests report."
  ],
  "32": [
    [
      42,
      "ascending"
    ],
    false,
    true,
    0.0005016326904296875,
    "Check fuzzy test report."
  ],
  "33": [
    [
      945,
      "descending"
    ],
    false,
    true,
    0.00022339820861816406,
    "Check fuzzy test report."
  ],
  "34": [
    [
      18,
      "descending"
    ],
    false,
    true,
    0.0004971027374267578,
    "Check fuzzy test report."
  ],
  "35": [
    [
      177,
      "ascending"
    ],
    true,
    false,
    "Check the pre-existing tests report."
  ],
  "36": [
    [
      992,
      "ascending"
    ],
    true,
    false,
    "Check the pre-existing tests report."
  ],
  "37": [
    [
      35,
      "descending"
    ],
    false,
    true,
    4.57763671875e-05,
    "Check fuzzy test report."
  ],
  "38": [
    [
      28,
      "ascending"
    ],
    false,
    true,
    0.0005381107330322266,
    "Check fuzzy test report."
  ],
  "39": [
    [
      30,
      "descending"
    ],
    false,
    true,
    0.0003039836883544922,
    "Check fuzzy test report."
  ],
  "40": [
    [
      10,
      "descending"
    ],
    true,
    false,
    "Check the pre-existing tests report."
  ],
  "41": [
    [
      46,
      "descending"
    ],
    true,
    false,
    "Check the pre-existing tests report."
  ],
  "42": [
    [
      64,
      "descending"
    ],
    false,
    true,
    0.00034689903259277344,
    "Check fuzzy test report."
  ],
  "43": [
    [
      89,
      "descending"
    ],
    false,
    true,
    0.00036716461181640625,
    "Check fuzzy test report."
  ],
  "44": [
    [
      39,
      "ascending"
    ],
    true,
    false,
    "Check the pre-existing tests report."
  ],
  "45": [
    [
      61,
      "ascending"
    ],
    false,
    true,
    0.0003211498260498047,
    "Check fuzzy test report."
  ],
  "46": [
    [
      33,
      "ascending"
    ],
    false,
    true,
    0.0004930496215820312,
    "Check fuzzy test report."
  ],
  "47": [
    [
      49,
      "ascending"
    ],
    false,
    true,
    0.0006806850433349609,
    "Check fuzzy test report."
  ],
  "48": [
    [
      835,
      "ascending"
    ],
    false,
    true,
    0.0004572868347167969,
    "Check fuzzy test report."
  ],
  "49": [
    [
      14,
      "ascending"
    ],
    true,
    false,
    "Check the pre-existing tests report."
  ],
  "51": [
    [
      54,
      "ascending"
    ],
    false,
    true,
    0.0003151893615722656,
    "Check fuzzy test report."
  ],
  "52": [
    [
      52,
      "descending"
    ],
    false,
    true,
    6.818771362304688e-05,
    "Check fuzzy test report."
  ],
  "53": [
    [
      86,
      "descending"
    ],
    false,
    true,
    0.0005028247833251953,
    "Check fuzzy test report."
  ],
  "54": [
    [
      88,
      "descending"
    ],
    false,
    true,
    0.0005764961242675781,
    "Check fuzzy test report."
  ],
  "55": [
    [
      73,
      "descending"
    ],
    false,
    true,
    0.00042891502380371094,
    "Check fuzzy test report."
  ],
  "56": [
    [
      30,
      "ascending"
    ],
    false,
    true,
    0.0003082752227783203,
    "Check fuzzy test report."
  ],
  "57": [
    [
      54,
      "descending"
    ],
    false,
    true,
    0.0003566741943359375,
    "Check fuzzy test report."
  ],
  "58": [
    [
      975,
      "descending"
    ],
    false,
    true,
    0.0003578662872314453,
    "Check fuzzy test report."
  ],
  "59": [
    [
      84,
      "descending"
    ],
    false,
    true,
    0.0004420280456542969,
    "Check fuzzy test report."
  ],
  "60": [
    [
      87,
      "ascending"
    ],
    false,
    true,
    0.0004966259002685547,
    "Check fuzzy test report."
  ],
  "61": [
    [
      3,
      "descending"
    ],
    false,
    true,
    0.00017333030700683594,
    "Check fuzzy test report."
  ],
  "62": [
    [
      70,
      "ascending"
    ],
    true,
    false,
    "Check the pre-existing tests report."
  ],
  "63": [
    [
      88,
      "ascending"
    ],
    false,
    true,
    0.0005819797515869141,
    "Check fuzzy test report."
  ],