{
  "halstead_volume": 43.01955000865388,
  "cyclomatic_complexity": 2,
  "number_of_LLOC": 7,
  "percent_of_lines_of_comment": 42.857142857142854
}