{
  "halstead_volume": 139.31568569324173,
  "cyclomatic_complexity": 10,
  "number_of_LLOC": 25,
  "percent_of_lines_of_comment": 16.666666666666664
}