{
  "1": [
    [
      27
    ],
    false,
    true,
    0.00025916099548339844,
    "Check fuzzy test report."
  ],
  "2": [
    [
      147
    ],
    false,
    true,
    0.00025653839111328125,
    "Check fuzzy test report."
  ],
  "3": [
    [
      100
    ],
    false,
    true,
    0.00017189979553222656,
    "Check fuzzy test report."
  ],
  "4": [
    [
      15
    ],
    true,
    false,
    "Check the pre-existing tests report."
  ],
  "5": [
    [
      17
    ],
    false,
    true,
    0.00042700767517089844,
    "Check fuzzy test report."
  ],
  "6": [
    [
      474
    ],
    true,
    false,
    "Check the pre-existing tests report."
  ],
  "7": [
    [
      416
    ],
    true,
    false,
    "Check the pre-existing tests report."
  ],
  "8": [
    [
      49
    ],
    true,
    false,
    "Check the pre-existing tests report."
  ],
  "9": [
    [
      72
    ],
    false,
    true,
    0.00013971328735351562,
    "Check fuzzy test report."
  ],
  "10": [
    [
      54
    ],
    true,
    false,
    "Check the pre-existing tests report."
  ],
  "11": [
    [
      77
    ],
    false,
    true,
    0.0004279613494873047,
    "Check fuzzy test report."
  ],
  "12": [
    [
      23
    ],
    false,
    true,
    4.696846008300781e-05,
    "Check fuzzy test report."
  ],
  "13": [
    [
      206
    ],
    true,
    false,
    "Check the pre-existing tests report."
  ],
  "14": [
    [
      63
    ],
    false,
    true,
    0.0007584095001220703,
    "Check fuzzy test report."
  ],
  "15": [
    [
      4
    ],
    true,
    false,
    "Check the pre-existing tests report."
  ],
  "16": [
    [
      255
    ],
    false,
    true,
    0.0005738735198974609,
    "Check fuzzy test report."
  ],
  "18": [
    [
      392
    ],
    false,
    true,
    0.0012309551239013672,
    "Check fuzzy test report."
  ],
  "19": [
    [
      67
    ],
    true,
    false,
    "Check the pre-existing tests report."
  ],
  "20": [
    [
      53
    ],
    true,
    false,
    "Check the pre-existing tests report."
  ],
  "22": [
    [
      20
    ],
    false,
    true,
    3.910064697265625e-05,
    "Check fuzzy test report."
  ],
  "23": [
    [
      69
    ],
    false,
    true,
    0.00010633468627929688,
    "Check fuzzy test report."
  ],
  "24": [
    [
      29
    ],
    false,
    true,
    6.794929504394531e-05,
    "Check fuzzy test report."
  ],
  "25": [
    [
      90
    ],
    false,
    true,
    0.0009484291076660156,
    "Check fuzzy test report."
  ],
  "26": [
    [
      366
    ],
    true,
    false,
    "Check the pre-existing tests report."
  ],
  "27": [
    [
      56
    ],
    false,
    true,
    9.083747863769531e-05,
    "Check fuzzy test report."
  ],
  "28": [
    [
      43
    ],
    false,
    true,
    0.0005896091461181641,
    "Check fuzzy test report."
  ],
  "29": [
    [
      19
    ],
    false,
    true,
    0.00038051605224609375,
    "Check fuzzy test report."
  ],
  "30": [
    [
      94
    ],
    false,
    true,
    0.00014638900756835938,
    "Check fuzzy test report."
  ],
  "31": [
    [
      66
    ],
    true,
    false,
    "Check the pre-existing tests report."
  ],
  "34": [
    [
      33
    ],
    true,
    false,
    "Check the pre-existing tests report."
  ],
  "35": [
    [
      116
    ],
    false,
    true,
    0.0013365745544433594,
    "Check fuzzy test report."
  ],
  "36": [
    [
      338
    ],
    false,
    true,
    0.001275777816772461,
    "Check fuzzy test report."
  ],
  "37": [
    [
      84
    ],
    false,
    true,
    0.0009160041809082031,
    "Check fuzzy test report."
  ],
  "38": [
    [
      38
    ],
    false,
    true,
    8.177757263183594e-05,
    "Check fuzzy test report."
  ],
  "39": [
    [
      59
    ],
    true,
    false,
    "Check the pre-existing tests report."
  ],
  "40": [
    [
      3
    ],
    false,
    true,
    3.5762786865234375e-05,
    "Check fuzzy test report."
  ],
  "41": [
    [
      60
    ],
    false,
    true,
    0.0001010894775390625,
    "Check fuzzy test report."
  ],
  "42": [
    [
      279
    ],
    false,
    true,
    0.003751993179321289,
    "Check fuzzy test report."
  ],
  "43": [
    [
      51
    ],
    true,
    false,
    "Check the pre-existing tests report."
  ],
  "44": [
    [
      445
    ],
    false,
    true,
    0.0016300678253173828,
    "Check fuzzy test report."
  ],
  "45": [
    [
      21
    ],
    true,
    false,
    "Check the pre-existing tests report."
  ],
  "46": [
    [
      464
    ],
    false,
    true,
    0.001678466796875,
    "Check fuzzy test report."
  ],
  "47": [
    [
      34
    ],
    true,
    false,
    "Check the pre-existing tests report."
  ],
  "48": [
    [
      186
    ],
    false,
    true,
    0.0020847320556640625,
    "Check fuzzy test report."
  ],
  "49": [
    [
      47
    ],
    true,
    false,
    "Check the pre-existing tests report."
  ],
  "50": [
    [
      40
    ],
    false,
    true,
    6.222724914550781e-05,
    "Check fuzzy test report."
  ],
  "51": [
    [
      73
    ],
    true,
    false,
    "Check the pre-existing tests report."
  ],
  "52": [
    [
      423
    ],
    false,
    true,
    0.00274658203125,
    "Check fuzzy test report."
  ],
  "53": [
    [
      68
    ],
    true,
    false,
    "Check the pre-existing tests report."
  ],
  "54": [
    [
      85
    ],
    false,
    true,
    0.0001418590545654297,
    "Check fuzzy test report."
  ],
  "55": [
    [
      97
    ],
    true,
    false,
    "Check the pre-existing tests report."
  ],
  "56": [
    [
      95
    ],
    false,
    true,
    0.0003223419189453125,
    "Check fuzzy test report."
  ],
  "57": [
    [
      92
    ],
    false,
    true,
    0.00016307830810546875,
    "Check fuzzy test report."
  ],
  "58": [
    [
      223
    ],
    false,
    true,
    0.0005388259887695312,
    "Check fuzzy test report."
  ],
  "59": [
    [
      39
    ],
    false,
    true,
    0.0005939006805419922,
    "Check fuzzy test report."
  ],
  "60": [
    [
      88
    ],
    true,
    false,
    "Check the pre-existing tests report."
  ],
  "61": [
    [
      74
    ],
    false,
    true,
    0.0008411407470703125,
    "Check fuzzy test report."
  ],
  "62": [
    [
      188
    ],
    true,
    false,
    "Check the pre-existing tests report."
  ],
  "63": [
    [
      18
    ],
    false,
    true,
    0.00040149688720703125,
    "Check fuzzy test report."
  ],
  "64": [
    [
      9
    ],
    false,
    true,
    3.147125244140625e-05,
    "Check fuzzy test report."
  ],
  "65": [
    [
      35
    ],
    false,
    true,
    7.534027099609375e-05,
    "Check fuzzy test report."
  ],
  "66": [
    [
      25
    ],
    false,
    true,
    0.0004761219024658203,
    "Check fuzzy test report."
  ],
  "67": [
    [
      42
    ],
    false,
    true,
    7.43865966796875e-05,
    "Check fuzzy test report."
  ],
  "68": [
    [
      76
    ],
    false,
    true,
    0.0004417896270751953,
    "Check fuzzy test report."
  ],
  "69": [
    [
      472
    ],
    false,
    true,
    0.008677244186401367,
    "Check fuzzy test report."
  ],
  "70": [
    [
      401
    ],
    true,
    false,
    "Check the pre-existing tests report."
  ],
  "72": [
    [
      16
    ],
    false,
    true,
    0.000274658203125,
    "Check fuzzy test report."
  ],
  "73": [
    [
      41
    ],
    false,
    true,
    0.0005705356597900391,
    "Check fuzzy test report."
  ],
  "74": [
    [
      96
    ],
    true,
    false,
    "Check the pre-existing tests report."
  ],
  "75": [
    [
      80
    ],
    false,
    true,
    0.0009069442749023438,
    "Check fuzzy test report."
  ],
  "77": [
    [
      173
    ],
    false,
    true,
    0.0002834796905517578,
    "Check fuzzy test report."
  ],
  "78": [
    [
      48
    ],
    false,
    true,
    0.00011897087097167969,
    "Check fuzzy test report."
  ],