{
  "1": [
    [
      51
    ],
    false,
    true,
    6.198883056640625e-06,
    "Check fuzzy test report."
  ],
  "2": [
    [
      147
    ],
    false,
    true,
    5.4836273193359375e-06,
    "Check fuzzy test report."
  ],
  "3": [
    [
      92
    ],
    false,
    true,
    3.0994415283203125e-06,
    "Check fuzzy test report."
  ],
  "4": [
    [
      40
    ],
    false,
    true,
    5.9604644775390625e-06,
    "Check fuzzy test report."
  ],
  "5": [
    [
      13
    ],
    false,
    true,
    2.1457672119140625e-06,
    "Check fuzzy test report."
  ],
  "6": [
    [
      474
    ],
    false,
    true,
    2.09808349609375e-05,
    "Check fuzzy test report."
  ],
  "7": [
    [
      416
    ],
    false,
    true,
    8.106231689453125e-06,
    "Check fuzzy test report."
  ],
  "8": [
    [
      53
    ],
    false,
    true,
    5.9604644775390625e-06,
    "Check fuzzy test report."
  ],
  "10": [
    [
      100
    ],
    false,
    true,
    "LLM's code raised exception:unsupported operand type(s) for +: 'int' and 'list'"
  ],
  "11": [
    [
      56
    ],
    false,
    true,
    2.384185791015625e-06,
    "Check fuzzy test report."
  ],
  "14": [
    [
      67
    ],
    false,
    true,
    4.0531158447265625e-06,
    "Check fuzzy test report."
  ],
  "15": [
    [
      3
    ],
    false,
    true,
    4.291534423828125e-06,
    "Check fuzzy test report."
  ],
  "16": [
    [
      255
    ],
    false,
    true,
    9.5367431640625e-06,
    "Check fuzzy test report."
  ],
  "17": [
    [
      289
    ],
    false,
    true,
    0.0056304931640625,
    "Check fuzzy test report."
  ],
  "18": [
    [
      392
    ],
    false,
    true,
    5.0067901611328125e-06,
    "Check fuzzy test report."
  ],
  "21": [
    [
      407
    ],
    false,
    true,
    5.245208740234375e-06,
    "Check fuzzy test report."
  ],
  "22": [
    [
      47
    ],
    false,
    true,
    2.6226043701171875e-06,
    "Check fuzzy test report."
  ],
  "23": [
    [
      41
    ],
    false,
    true,
    7.3909759521484375e-06,
    "Check fuzzy test report."
  ],
  "24": [
    [
      49
    ],
    false,
    true,
    2.86102294921875e-06,
    "Check fuzzy test report."
  ],
  "27": [
    [
      54
    ],
    false,
    true,
    7.62939453125e-06,
    "Check fuzzy test report."
  ],
  "28": [
    [
      43
    ],
    false,
    true,
    1.2636184692382812e-05,
    "Check fuzzy test report."
  ],
  "30": [
    [
      78
    ],
    false,
    true,
    3.5762786865234375e-06,
    "Check fuzzy test report."
  ],
  "31": [
    [
      90
    ],
    false,
    true,
    6.4373016357421875e-06,
    "Check fuzzy test report."
  ],
  "32": [
    [
      113
    ],
    false,
    true,
    1.7881393432617188e-05,
    "Check fuzzy test report."
  ],
  "33": [
    [
      475
    ],
    false,
    true,
    5.841255187988281e-05,
    "Check fuzzy test report."
  ],
  "34": [
    [
      24
    ],
    false,
    true,
    "LLM's code raised exception:unsupported operand type(s) for *: 'range' and 'int'"
  ],
  "35": [
    [
      116
    ],
    false,
    true,
    8.821487426757812e-06,
    "Check fuzzy test report."
  ],
  "36": [
    [
      338
    ],
    false,
    true,
    1.4543533325195312e-05,
    "Check fuzzy test report."
  ],
  "38": [
    [
      77
    ],
    false,
    true,
    5.7220458984375e-06,
    "Check fuzzy test report."
  ],
  "39": [
    [
      93
    ],
    false,
    true,
    8.106231689453125e-06,
    "Check fuzzy test report."
  ],
  "40": [
    [
      2
    ],
    false,
    true,
    7.510185241699219e-05,
    "Check fuzzy test report."
  ],
  "41": [
    [
      63
    ],
    false,
    true,
    7.152557373046875e-06,
    "Check fuzzy test report."
  ],
  "42": [
    [
      279
    ],
    false,
    true,
    1.1920928955078125e-05,
    "Check fuzzy test report."
  ],
  "43": [
    [
      74
    ],
    false,
    true,
    4.5299530029296875e-06,
    "Check fuzzy test report."
  ],
  "44": [
    [
      445
    ],
    false,
    true,
    7.3909759521484375e-06,
    "Check fuzzy test report."
  ],
  "45": [
    [
      72
    ],
    false,
    true,
    1.4066696166992188e-05,
    "Check fuzzy test report."
  ],
  "46": [
    [
      464
    ],
    false,
    true,
    3.337860107421875e-06,
    "Check fuzzy test report."
  ],
  "48": [
    [
      186
    ],
    false,
    true,
    3.337860107421875e-06,
    "Check fuzzy test report."
  ],
  "49": [
    [
      95
    ],
    false,
    true,
    2.384185791015625e-06,
    "Check fuzzy test report."
  ],
  "50": [
    [
      99
    ],
    false,
    true,
    6.67572021484375e-06,
    "Check fuzzy test report."
  ],
  "51": [
    [
      84
    ],
    false,
    true,
    3.814697265625e-06,
    "Check fuzzy test report."
  ],
  "52": [
    [
      423
    ],
    false,
    true,
    3.981590270996094e-05,
    "Check fuzzy test report."
  ],
  "55": [
    [
      20
    ],
    false,
    true,
    2.1457672119140625e-06,
    "Check fuzzy test report."
  ],
  "56": [
    [
      64
    ],
    false,
    true,
    6.9141387939453125e-06,
    "Check fuzzy test report."
  ],
  "57": [
    [
      59
    ],
    false,
    true,
    4.0531158447265625e-06,
    "Check fuzzy test report."
  ],
  "59": [
    [
      21
    ],
    false,
    true,
    6.4373016357421875e-06,
    "Check fuzzy test report."
  ],
  "60": [
    [
      35
    ],
    false,
    true,
    1.0013580322265625e-05,
    "Check fuzzy test report."
  ],
  "61": [
    [
      5
    ],
    false,
    true,
    6.198883056640625e-06,
    "Check fuzzy test report."
  ],
  "62": [
    [
      188
    ],
    false,
    true,
    0.0008881092071533203,
    "Check fuzzy test report."
  ],
  "64": [
    [
      8
    ],
    false,
    true,
    5.4836273193359375e-06,
    "Check fuzzy test report."
  ],
  "65": [
    [
      80
    ],
    false,
    true,
    3.337860107421875e-06,
    "Check fuzzy test report."
  ],
  "67": [
    [
      42
    ],
    false,
    true,
    "LLM's code raised exception:unsupported operand type(s) for +: 'int' and 'list'"
  ],
  "69": [
    [
      472
    ],
    false,
    true,
    6.270408630371094e-05,
    "Check fuzzy test report."
  ],
  "70": [
    [
      401
    ],
    false,
    true,
    8.106231689453125e-06,
    "Check fuzzy test report."
  ],
  "71": [
    [
      16
    ],
    false,
    true,
    "LLM's code raised exception:unsupported operand type(s) for *: 'range' and 'int'"
  ],
  "73": [
    [
      19
    ],
    false,
    true,
    2.86102294921875e-06,
    "Check fuzzy test report."
  ],
  "74": [
    [
      96
    ],
    false,
    true,
    5.9604644775390625e-06,
    "Check fuzzy test report."
  ],
  "75": [
    [
      15
    ],
    false,
    true,
    "LLM's code raised exception:unsupported operand type(s) for +: 'int' and 'list'"
  ],
  "76": [
    [
      257
    ],
    false,
    true,
    5.9604644775390625e-06,
    "Check fuzzy test report."
  ],
  "78": [
    [
      48
    ],
    false,
    true,
    "LLM's code raised exception:unsupported operand type(s) for +: 'int' and 'range'"
  ],
  "79": [
    [
      28
    ],
    false,
    true,
    3.814697265625e-06,
    "Check fuzzy test report."
  ],
  "80": [
    [
      276
    ],
    false,
    true,
    1.2874603271484375e-05,
    "Check fuzzy test report."
  ],
  "81": [
    [
      83
    ],
    false,
    true,
    3.814697265625e-06,
    "Check fuzzy test report."
  ],
  "82": [
    [
      33
    ],
    false,
    true,
    4.291534423828125e-06,
    "Check fuzzy test report."
  ],
  "84": [
    [
      131
    ],
    false,
    true,
    2.002716064453125e-05,
    "Check fuzzy test report."
  ],
  "85": [
    [
      27
    ],
    false,
    true,
    9.775161743164062e-06,
    "Check fuzzy test report."
  ],
  "86": [
    [
      181
    ],
    false,
    true,
    1.1205673217773438e-05,
    "Check fuzzy test report."
  ],