{
  "halstead_volume": 42.11032383086406,
  "cyclomatic_complexity": 6,
  "number_of_LLOC": 12,
  "percent_of_lines_of_comment": 9.090909090909092
}