{
  "halstead_volume": 53.77443751081735,
  "cyclomatic_complexity": 4,
  "number_of_LLOC": 8,
  "percent_of_lines_of_comment": 71.42857142857143
}