{
  "11": [
    [
      39,
      57
    ],
    false,
    true,
    4.76837158203125e-07,
    "Check fuzzy test report."
  ],
  "21": [
    [
      120,
      349
    ],
    false,
    true,
    1.6689300537109375e-06,
    "Check fuzzy test report."
  ],
  "31": [
    [
      35,
      55
    ],
    false,
    true,
    2.384185791015625e-06,
    "Check fuzzy test report."
  ],
  "39": [
    [
      11,
      56
    ],
    false,
    true,
    7.3909759521484375e-06,
    "Check fuzzy test report."
  ],
  "54": [
    [
      36,
      93
    ],
    false,
    true,
    4.76837158203125e-07,
    "Check fuzzy test report."
  ],
  "73": [
    [
      46,
      89
    ],
    false,
    true,
    1.6689300537109375e-06,
    "Check fuzzy test report."
  ],
  "92": [
    [
      8,
      9
    ],
    true,
    false,
    "Check the pre-existing tests report."
  ]
}