{
  "26": [
    [
      366
    ],
    false,
    true,
    1.3589859008789062e-05,
    "Check fuzzy test report."
  ],
  "49": [
    [
      95
    ],
    false,
    true,
    6.67572021484375e-06,
    "Check fuzzy test report."
  ],
  "57": [
    [
      59
    ],
    false,
    true,
    5.245208740234375e-06,
    "Check fuzzy test report."
  ],
  "58": [
    [
      223
    ],
    false,
    true,
    1.0728836059570312e-05,
    "Check fuzzy test report."
  ]
}