{
  "2": [
    [
      147
    ],
    false,
    true,
    4.76837158203125e-06,
    "Check fuzzy test report."
  ],
  "3": [
    [
      92
    ],
    false,
    true,
    8.344650268554688e-06,
    "Check fuzzy test report."
  ],
  "4": [
    [
      40
    ],
    false,
    true,
    6.9141387939453125e-06,
    "Check fuzzy test report."
  ],
  "5": [
    [
      13
    ],
    false,
    true,
    1.049041748046875e-05,
    "Check fuzzy test report."
  ],
  "6": [
    [
      474
    ],
    false,
    true,
    1.4543533325195312e-05,
    "Check fuzzy test report."
  ],
  "7": [
    [
      416
    ],
    false,
    true,
    5.4836273193359375e-06,
    "Check fuzzy test report."
  ],
  "8": [
    [
      53
    ],
    false,
    true,
    3.814697265625e-06,
    "Check fuzzy test report."
  ],
  "9": [
    [
      68
    ],
    false,
    true,
    6.9141387939453125e-06,
    "Check fuzzy test report."
  ],
  "10": [
    [
      100
    ],
    false,
    true,
    1.049041748046875e-05,
    "Check fuzzy test report."
  ],
  "11": [
    [
      56
    ],
    false,
    true,
    8.58306884765625e-06,
    "Check fuzzy test report."
  ],
  "12": [
    [
      85
    ],
    false,
    true,
    1.6689300537109375e-06,
    "Check fuzzy test report."
  ],
  "13": [
    [
      206
    ],
    false,
    true,
    3.5762786865234375e-06,
    "Check fuzzy test report."
  ],
  "14": [
    [
      67
    ],
    false,
    true,
    3.814697265625e-06,
    "Check fuzzy test report."
  ],
  "15": [
    [
      3
    ],
    false,
    true,
    4.291534423828125e-06,
    "Check fuzzy test report."
  ],
  "16": [
    [
      255
    ],
    false,
    true,
    2.384185791015625e-06,
    "Check fuzzy test report."
  ],
  "17": [
    [
      289
    ],
    false,
    true,
    1.3113021850585938e-05,
    "Check fuzzy test report."
  ],
  "19": [
    [
      46
    ],
    false,
    true,
    9.059906005859375e-06,
    "Check fuzzy test report."
  ],
  "21": [
    [
      407
    ],
    false,
    true,
    4.458427429199219e-05,
    "Check fuzzy test report."
  ],
  "22": [
    [
      47
    ],
    false,
    true,
    6.198883056640625e-06,
    "Check fuzzy test report."
  ],
  "23": [
    [
      41
    ],
    false,
    true,
    4.0531158447265625e-06,
    "Check fuzzy test report."
  ],
  "25": [
    [
      34
    ],
    false,
    true,
    8.58306884765625e-06,
    "Check fuzzy test report."
  ],
  "26": [
    [
      366
    ],
    false,
    true,
    1.5497207641601562e-05,
    "Check fuzzy test report."
  ],
  "28": [
    [
      43
    ],
    false,
    true,
    6.67572021484375e-06,
    "Check fuzzy test report."
  ],
  "29": [
    [
      94
    ],
    false,
    true,
    5.4836273193359375e-06,
    "Check fuzzy test report."
  ],
  "30": [
    [
      78
    ],
    false,
    true,
    5.0067901611328125e-06,
    "Check fuzzy test report."
  ],
  "31": [
    [
      90
    ],
    false,
    true,
    8.106231689453125e-06,
    "Check fuzzy test report."
  ],
  "35": [
    [
      116
    ],
    false,
    true,
    3.814697265625e-06,
    "Check fuzzy test report."
  ],
  "36": [
    [
      338
    ],
    false,
    true,
    1.0251998901367188e-05,
    "Check fuzzy test report."
  ],
  "38": [
    [
      77
    ],
    false,
    true,
    4.0531158447265625e-06,
    "Check fuzzy test report."
  ],
  "39": [
    [
      93
    ],
    false,
    true,
    8.58306884765625e-06,
    "Check fuzzy test report."
  ],
  "40": [
    [
      2
    ],
    false,
    true,
    2.6226043701171875e-05,
    "Check fuzzy test report."
  ],
  "41": [
    [
      63
    ],
    false,
    true,
    5.4836273193359375e-06,
    "Check fuzzy test report."
  ],
  "42": [
    [
      279
    ],
    false,
    true,
    5.0067901611328125e-06,
    "Check fuzzy test report."
  ],
  "45": [
    [
      72
    ],
    false,
    true,
    2.86102294921875e-06,
    "Check fuzzy test report."
  ],
  "47": [
    [
      38
    ],
    false,
    true,
    1.4066696166992188e-05,
    "Check fuzzy test report."
  ],
  "48": [
    [
      186
    ],
    false,
    true,
    1.5497207641601562e-05,
    "Check fuzzy test report."
  ],
  "49": [
    [
      95
    ],
    false,
    true,
    1.2874603271484375e-05,
    "Check fuzzy test report."
  ],
  "50": [
    [
      99
    ],
    false,
    true,
    1.0251998901367188e-05,
    "Check fuzzy test report."
  ],
  "52": [
    [
      423
    ],
    false,
    true,
    1.6450881958007812e-05,
    "Check fuzzy test report."
  ],
  "53": [
    [
      60
    ],
    false,
    true,
    4.0531158447265625e-06,
    "Check fuzzy test report."
  ],
  "54": [
    [
      29
    ],
    false,
    true,
    5.9604644775390625e-06,
    "Check fuzzy test report."
  ],
  "56": [
    [
      64
    ],
    false,
    true,
    "LLM's code raised exception:unsupported operand type(s) for +: 'int' and 'range'"
  ],
  "57": [
    [
      59
    ],
    false,
    true,
    0.0010721683502197266,
    "Check fuzzy test report."
  ],
  "59": [
    [
      21
    ],
    false,
    true,
    3.337860107421875e-06,
    "Check fuzzy test report."
  ],
  "60": [
    [
      35
    ],
    false,
    true,
    7.3909759521484375e-06,
    "Check fuzzy test report."
  ],
  "62": [
    [
      188
    ],
    false,
    true,
    6.67572021484375e-06,
    "Check fuzzy test report."
  ],
  "63": [
    [
      18
    ],
    false,
    true,
    3.5762786865234375e-06,
    "Check fuzzy test report."
  ],
  "64": [
    [
      8
    ],
    false,
    true,
    3.337860107421875e-06,
    "Check fuzzy test report."
  ],
  "65": [
    [
      80
    ],
    false,
    true,
    1.1444091796875e-05,
    "Check fuzzy test report."
  ],
  "66": [
    [
      25
    ],
    false,
    true,
    "LLM's code raised exception:unsupported operand type(s) for +: 'int' and 'range'"
  ],
  "67": [
    [
      42
    ],
    false,
    true,
    1.0967254638671875e-05,
    "Check fuzzy test report."
  ],
  "68": [
    [
      4
    ],
    false,
    true,
    6.67572021484375e-06,
    "Check fuzzy test report."
  ],
  "69": [
    [
      472
    ],
    false,
    true,
    1.0013580322265625e-05,
    "Check fuzzy test report."
  ],
  "70": [
    [
      401
    ],
    false,
    true,
    8.344650268554688e-06,
    "Check fuzzy test report."
  ],
  "73": [
    [
      19
    ],
    false,
    true,
    3.814697265625e-06,
    "Check fuzzy test report."
  ],
  "75": [
    [
      15
    ],
    false,
    true,
    "LLM's code raised exception:unsupported operand type(s) for +: 'int' and 'range'"
  ],
  "76": [
    [
      257
    ],
    false,
    true,
    1.1920928955078125e-05,
    "Check fuzzy test report."
  ],
  "77": [
    [
      173
    ],
    false,
    true,
    3.814697265625e-06,
    "Check fuzzy test report."
  ],
  "78": [
    [
      48
    ],
    false,
    true,
    8.106231689453125e-06,
    "Check fuzzy test report."
  ],
  "80": [
    [
      276
    ],
    false,
    true,
    5.4836273193359375e-06,
    "Check fuzzy test report."
  ],
  "82": [
    [
      33
    ],
    false,
    true,
    2.6226043701171875e-06,
    "Check fuzzy test report."
  ],
  "83": [
    [
      73
    ],
    false,
    true,
    3.5762786865234375e-06,
    "Check fuzzy test report."
  ],
  "85": [
    [
      27
    ],
    false,
    true,
    9.5367431640625e-06,
    "Check fuzzy test report."
  ],
  "86": [
    [
      181
    ],
    false,
    true,
    2.6226043701171875e-06,
    "Check fuzzy test report."
  ],
  "87": [
    [
      57
    ],
    false,
    true,
    2.384185791015625e-06,
    "Check fuzzy test report."
  ],
  "89": [
    [
      37
    ],
    false,
    true,
    7.62939453125e-06,
    "Check fuzzy test report."
  ],
  "91": [
    [
      6
    ],
    false,
    true,
    2.7179718017578125e-05,
    "Check fuzzy test report."
  ],
  "93": [
    [
      66
    ],
    false,
    true,
    6.4373016357421875e-06,
    "Check fuzzy test report."
  ],