{
  "halstead_volume": 88.81055323538621,
  "cyclomatic_complexity": 8,
  "number_of_LLOC": 18,
  "percent_of_lines_of_comment": 77.77777777777779
}