{
  "halstead_volume": 66.60791492653966,
  "cyclomatic_complexity": 6,
  "number_of_LLOC": 15,
  "percent_of_lines_of_comment": 27.27272727272727
}