{
  "55": [
    [
      0,
      10
    ],
    false,
    true,
    3.5762786865234375e-06,
    "Check fuzzy test report."
  ],
  "56": [
    [
      0,
      0
    ],
    false,
    true,
    6.4373016357421875e-06,
    "Check fuzzy test report."
  ]
}