{
  "halstead_volume": 15.509775004326936,
  "cyclomatic_complexity": 3,
  "number_of_LLOC": 6,
  "percent_of_lines_of_comment": 83.33333333333334
}