{
  "halstead_volume": 82.0447025077789,
  "cyclomatic_complexity": 8,
  "number_of_LLOC": 19,
  "percent_of_lines_of_comment": 21.052631578947366
}