{
  "halstead_volume": 13.931568569324174,
  "cyclomatic_complexity": 1,
  "number_of_LLOC": 9,
  "percent_of_lines_of_comment": 22.22222222222222
}