{
  "halstead_volume": 89.92418250750748,
  "cyclomatic_complexity": 4,
  "number_of_LLOC": 4,
  "percent_of_lines_of_comment": 33.33333333333333
}