{
  "2": [
    [
      72,
      93
    ],
    false,
    true,
    8.58306884765625e-06,
    "Check fuzzy test report."
  ],
  "4": [
    [
      49,
      74
    ],
    false,
    true,
    3.695487976074219e-05,
    "Check fuzzy test report."
  ],
  "5": [
    [
      2,
      8
    ],
    false,
    true,
    1.3113021850585938e-05,
    "Check fuzzy test report."
  ],
  "9": [
    [
      70,
      200
    ],
    false,
    true,
    9.489059448242188e-05,
    "Check fuzzy test report."
  ],
  "11": [
    [
      48,
      76
    ],
    false,
    true,
    4.220008850097656e-05,
    "Check fuzzy test report."
  ],
  "15": [
    [
      0,
      4
    ],
    false,
    true,
    1.3113021850585938e-05,
    "Check fuzzy test report."
  ],
  "17": [
    [
      73,
      84
    ],
    false,
    true,
    3.0040740966796875e-05,
    "Check fuzzy test report."
  ],
  "18": [
    [
      56,
      90
    ],
    false,
    true,
    5.817413330078125e-05,
    "Check fuzzy test report."
  ],
  "19": [
    [
      1,
      4
    ],
    false,
    true,
    2.193450927734375e-05,
    "Check fuzzy test report."
  ],
  "20": [
    [
      27,
      96
    ],
    false,
    true,
    4.863739013671875e-05,
    "Check fuzzy test report."
  ],
  "23": [
    [
      20,
      36
    ],
    false,
    true,
    1.4066696166992188e-05,
    "Check fuzzy test report."
  ],
  "24": [
    [
      13,
      91
    ],
    false,
    true,
    4.100799560546875e-05,
    "Check fuzzy test report."
  ],
  "25": [
    [
      37,
      43
    ],
    false,
    true,
    1.8358230590820312e-05,
    "Check fuzzy test report."
  ],
  "26": [
    [
      68,
      99
    ],
    false,
    true,
    3.62396240234375e-05,
    "Check fuzzy test report."
  ],
  "27": [
    [
      86,
      89
    ],
    false,
    true,
    2.6702880859375e-05,
    "Check fuzzy test report."
  ],
  "28": [
    [
      86,
      99
    ],
    false,
    true,
    3.0517578125e-05,
    "Check fuzzy test report."
  ],
  "29": [
    [
      70,
      98
    ],
    false,
    true,
    3.361701965332031e-05,
    "Check fuzzy test report."
  ],
  "30": [
    [
      22,
      24
    ],
    false,
    true,
    1.6927719116210938e-05,
    "Check fuzzy test report."
  ],
  "31": [
    [
      33,
      78
    ],
    false,
    true,
    2.7894973754882812e-05,
    "Check fuzzy test report."
  ],
  "33": [
    [
      13,
      35
    ],
    false,
    true,
    2.2649765014648438e-05,
    "Check fuzzy test report."
  ],
  "34": [
    [
      60,
      200
    ],
    false,
    true,
    9.322166442871094e-05,
    "Check fuzzy test report."
  ],
  "35": [
    [
      77,
      84
    ],
    false,
    true,
    2.4318695068359375e-05,
    "Check fuzzy test report."
  ],
  "36": [
    [
      110,
      348
    ],
    false,
    true,
    0.0001289844512939453,
    "Check fuzzy test report."
  ],
  "37": [
    [
      2,
      7
    ],
    false,
    true,
    1.1444091796875e-05,
    "Check fuzzy test report."
  ],
  "38": [
    [
      36,
      85
    ],
    false,
    true,
    4.076957702636719e-05,
    "Check fuzzy test report."
  ],
  "42": [
    [
      18,
      60
    ],
    false,
    true,
    3.170967102050781e-05,
    "Check fuzzy test report."
  ],
  "45": [
    [
      30,
      200
    ],
    false,
    true,
    7.987022399902344e-05,
    "Check fuzzy test report."
  ],
  "47": [
    [
      29,
      53
    ],
    false,
    true,
    3.147125244140625e-05,
    "Check fuzzy test report."
  ],
  "49": [
    [
      80,
      200
    ],
    false,
    true,
    6.0558319091796875e-05,
    "Check fuzzy test report."
  ],
  "50": [
    [
      13,
      76
    ],
    false,
    false,
    "No Python function was generated."
  ],
  "52": [
    [
      38,
      81
    ],
    false,
    true,
    3.790855407714844e-05,
    "Check fuzzy test report."
  ],
  "53": [
    [
      200,
      202
    ],
    false,
    true,
    2.288818359375e-05,
    "Check fuzzy test report."
  ],
  "54": [
    [
      35,
      64
    ],
    false,
    true,
    4.506111145019531e-05,
    "Check fuzzy test report."
  ],
  "55": [
    [
      10,
      12
    ],
    false,
    true,
    1.5020370483398438e-05,
    "Check fuzzy test report."
  ],
  "56": [
    [
      7,
      9
    ],
    false,
    true,
    1.4543533325195312e-05,
    "Check fuzzy test report."
  ],
  "57": [
    [
      25,
      80
    ],
    false,
    true,
    3.910064697265625e-05,
    "Check fuzzy test report."
  ],
  "58": [
    [
      275,
      871
    ],
    false,
    true,
    0.00025963783264160156,
    "Check fuzzy test report."
  ],
  "59": [
    [
      0,
      10
    ],
    false,
    true,
    1.5020370483398438e-05,
    "Check fuzzy test report."
  ],
  "60": [
    [
      38,
      52
    ],
    false,
    true,
    2.193450927734375e-05,
    "Check fuzzy test report."
  ],
  "61": [
    [
      0,
      8
    ],
    false,
    true,
    1.9073486328125e-05,
    "Check fuzzy test report."
  ],
  "62": [
    [
      50,
      92
    ],
    false,
    true,
    4.5299530029296875e-05,
    "Check fuzzy test report."
  ],
  "64": [
    [
      0,
      5
    ],
    false,
    true,
    1.0013580322265625e-05,
    "Check fuzzy test report."
  ],
  "66": [
    [
      11,
      76
    ],
    false,
    true,
    4.0531158447265625e-05,
    "Check fuzzy test report."
  ],
  "68": [
    [
      0,
      9
    ],
    false,
    true,
    1.049041748046875e-05,
    "Check fuzzy test report."
  ],
  "70": [
    [
      43,
      70
    ],
    false,
    true,
    3.3855438232421875e-05,
    "Check fuzzy test report."
  ],
  "71": [
    [
      20,
      35
    ],
    false,
    true,
    1.6689300537109375e-05,
    "Check fuzzy test report."
  ],
  "73": [
    [
      10,
      76
    ],
    false,
    true,
    4.172325134277344e-05,
    "Check fuzzy test report."
  ],
  "77": [
    [
      18,
      52
    ],
    false,
    true,
    2.7179718017578125e-05,
    "Check fuzzy test report."
  ],
  "78": [
    [
      62,
      96
    ],
    false,
    true,
    3.147125244140625e-05,
    "Check fuzzy test report."
  ],
  "79": [
    [
      1,
      7
    ],
    false,
    true,
    7.867813110351562e-06,
    "Check fuzzy test report."
  ],
  "80": [
    [
      57,
      84
    ],
    false,
    true,
    2.7179718017578125e-05,
    "Check fuzzy test report."
  ],
  "81": [
    [
      10,
      100
    ],
    false,
    true,
    4.506111145019531e-05,
    "Check fuzzy test report."
  ],
  "82": [
    [
      20,
      200
    ],
    false,
    true,
    0.0002307891845703125,
    "Check fuzzy test report."
  ],
  "84": [
    [
      32,
      44
    ],
    false,
    true,
    1.33514404296875e-05,
    "Check fuzzy test report."
  ],
  "86": [
    [
      19,
      32
    ],
    false,
    true,
    1.7881393432617188e-05,
    "Check fuzzy test report."
  ],
  "87": [
    [
      20,
      43
    ],
    false,
    true,
    2.3603439331054688e-05,
    "Check fuzzy test report."
  ],
  "88": [
    [
      3,
      9
    ],
    false,
    true,
    1.9788742065429688e-05,
    "Check fuzzy test report."
  ],
  "92": [
    [
      0,
      2
    ],
    false,
    true,
    1.0728836059570312e-05,
    "Check fuzzy test report."
  ],
  "94": [
    [
      42,
      87
    ],
    false,
    true,
    2.7179718017578125e-05,
    "Check fuzzy test report."
  ],
  "97": [
    [
      34,
      69
    ],
    false,
    true,
    3.838539123535156e-05,
    "Check fuzzy test report."
  ],
  "99": [
    [
      427,
      669
    ],
    false,
    true,
    0.00016641616821289062,
    "Check fuzzy test report."
  ],
  "100": [
    [
      44,
      78
    ],
    false,
    true,
    2.956390380859375e-05,
    "Check fuzzy test report."
  ]
}