{
  "halstead_volume": 153.80110650593844,
  "cyclomatic_complexity": 9,
  "number_of_LLOC": 15,
  "percent_of_lines_of_comment": 13.333333333333334
}