{
  "1": [
    [
      17,
      88
    ],
    false,
    true,
    8.344650268554688e-05,
    "Check fuzzy test report."
  ],
  "2": [
    [
      72,
      93
    ],
    false,
    true,
    0.00010180473327636719,
    "Check fuzzy test report."
  ],
  "3": [
    [
      56,
      88
    ],
    false,
    true,
    5.412101745605469e-05,
    "Check fuzzy test report."
  ],
  "4": [
    [
      49,
      74
    ],
    false,
    true,
    4.00543212890625e-05,
    "Check fuzzy test report."
  ],
  "5": [
    [
      2,
      8
    ],
    false,
    true,
    1.239776611328125e-05,
    "Check fuzzy test report."
  ],
  "6": [
    [
      20,
      93
    ],
    false,
    true,
    6.937980651855469e-05,
    "Check fuzzy test report."
  ],
  "7": [
    [
      10,
      97
    ],
    false,
    true,
    7.128715515136719e-05,
    "Check fuzzy test report."
  ],
  "8": [
    [
      45,
      48
    ],
    false,
    true,
    2.5987625122070312e-05,
    "Check fuzzy test report."
  ],
  "9": [
    [
      70,
      200
    ],
    false,
    true,
    0.0002532005310058594,
    "Check fuzzy test report."
  ],
  "10": [
    [
      36,
      54
    ],
    false,
    true,
    3.528594970703125e-05,
    "Check fuzzy test report."
  ],
  "11": [
    [
      48,
      76
    ],
    false,
    true,
    5.507469177246094e-05,
    "Check fuzzy test report."
  ],
  "12": [
    [
      16,
      87
    ],
    false,
    true,
    5.7220458984375e-05,
    "Check fuzzy test report."
  ],
  "13": [
    [
      46,
      91
    ],
    false,
    true,
    5.9604644775390625e-05,
    "Check fuzzy test report."
  ],
  "14": [
    [
      2,
      5
    ],
    false,
    true,
    7.3909759521484375e-06,
    "Check fuzzy test report."
  ],
  "15": [
    [
      0,
      4
    ],
    false,
    true,
    1.0728836059570312e-05,
    "Check fuzzy test report."
  ],
  "16": [
    [
      90,
      97
    ],
    false,
    true,
    6.0558319091796875e-05,
    "Check fuzzy test report."
  ],
  "17": [
    [
      73,
      84
    ],
    false,
    true,
    4.57763671875e-05,
    "Check fuzzy test report."
  ],
  "18": [
    [
      56,
      90
    ],
    false,
    true,
    5.412101745605469e-05,
    "Check fuzzy test report."
  ],
  "19": [
    [
      1,
      4
    ],
    false,
    true,
    1.1444091796875e-05,
    "Check fuzzy test report."
  ],
  "20": [
    [
      27,
      96
    ],
    false,
    true,
    7.319450378417969e-05,
    "Check fuzzy test report."
  ],
  "21": [
    [
      15,
      57
    ],
    false,
    true,
    3.2901763916015625e-05,
    "Check fuzzy test report."
  ],
  "22": [
    [
      40,
      200
    ],
    false,
    true,
    0.0002560615539550781,
    "Check fuzzy test report."
  ],
  "23": [
    [
      20,
      36
    ],
    false,
    true,
    1.7881393432617188e-05,
    "Check fuzzy test report."
  ],
  "24": [
    [
      13,
      91
    ],
    false,
    true,
    0.00012922286987304688,
    "Check fuzzy test report."
  ],
  "25": [
    [
      37,
      43
    ],
    false,
    true,
    1.9550323486328125e-05,
    "Check fuzzy test report."
  ],
  "26": [
    [
      68,
      99
    ],
    false,
    true,
    6.508827209472656e-05,
    "Check fuzzy test report."
  ],
  "27": [
    [
      86,
      89
    ],
    false,
    true,
    4.696846008300781e-05,
    "Check fuzzy test report."
  ],
  "28": [
    [
      86,
      99
    ],
    false,
    true,
    7.510185241699219e-05,
    "Check fuzzy test report."
  ],
  "29": [
    [
      70,
      98
    ],
    false,
    true,
    0.00011539459228515625,
    "Check fuzzy test report."
  ],
  "30": [
    [
      22,
      24
    ],
    false,
    true,
    1.1920928955078125e-05,
    "Check fuzzy test report."
  ],
  "31": [
    [
      33,
      78
    ],
    false,
    true,
    4.1484832763671875e-05,
    "Check fuzzy test report."
  ],
  "32": [
    [
      86,
      90
    ],
    false,
    true,
    2.5510787963867188e-05,
    "Check fuzzy test report."
  ],
  "33": [
    [
      13,
      35
    ],
    false,
    true,
    3.2901763916015625e-05,
    "Check fuzzy test report."
  ],
  "34": [
    [
      60,
      200
    ],
    false,
    true,
    0.0004487037658691406,
    "Check fuzzy test report."
  ],
  "35": [
    [
      77,
      84
    ],
    false,
    true,
    3.24249267578125e-05,
    "Check fuzzy test report."
  ],
  "36": [
    [
      110,
      348
    ],
    false,
    true,
    0.0012180805206298828,
    "Check fuzzy test report."
  ],
  "37": [
    [
      2,
      7
    ],
    false,
    true,
    7.62939453125e-06,
    "Check fuzzy test report."
  ],
  "38": [
    [
      36,
      85
    ],
    false,
    true,
    9.465217590332031e-05,
    "Check fuzzy test report."
  ],
  "39": [
    [
      44,
      91
    ],
    false,
    true,
    5.841255187988281e-05,
    "Check fuzzy test report."
  ],
  "40": [
    [
      0,
      3
    ],
    false,
    true,
    5.0067901611328125e-06,
    "Check fuzzy test report."
  ],
  "41": [
    [
      3,
      8
    ],
    false,
    true,
    1.5974044799804688e-05,
    "Check fuzzy test report."
  ],
  "42": [
    [
      18,
      60
    ],
    false,
    true,
    7.271766662597656e-05,
    "Check fuzzy test report."
  ],
  "43": [
    [
      10,
      28
    ],
    false,
    true,
    2.3603439331054688e-05,
    "Check fuzzy test report."
  ],
  "44": [
    [
      36,
      52
    ],
    false,
    true,
    2.6464462280273438e-05,
    "Check fuzzy test report."
  ],
  "45": [
    [
      30,
      200
    ],
    false,
    true,
    0.0002694129943847656,
    "Check fuzzy test report."
  ],
  "46": [
    [
      10,
      79
    ],
    false,
    true,
    5.412101745605469e-05,
    "Check fuzzy test report."
  ],
  "47": [
    [
      29,
      53
    ],
    false,
    true,
    2.4318695068359375e-05,
    "Check fuzzy test report."
  ],
  "48": [
    [
      933,
      996
    ],
    false,
    true,
    0.005242347717285156,
    "Check fuzzy test report."
  ],
  "49": [
    [
      80,
      200
    ],
    false,
    true,
    0.00024175643920898438,
    "Check fuzzy test report."
  ],
  "50": [
    [
      13,
      76
    ],
    false,
    true,
    4.9114227294921875e-05,
    "Check fuzzy test report."
  ],
  "51": [
    [
      6,
      9
    ],
    false,
    true,
    7.62939453125e-06,
    "Check fuzzy test report."
  ],
  "52": [
    [
      38,
      81
    ],
    false,
    true,
    4.673004150390625e-05,
    "Check fuzzy test report."
  ],
  "53": [
    [
      200,
      202
    ],
    false,
    true,
    6.937980651855469e-05,
    "Check fuzzy test report."
  ],
  "54": [
    [
      35,
      64
    ],
    false,
    true,
    3.361701965332031e-05,
    "Check fuzzy test report."
  ],
  "55": [
    [
      10,
      12
    ],
    false,
    true,
    7.62939453125e-06,
    "Check fuzzy test report."
  ],
  "56": [
    [
      7,
      9
    ],
    false,
    true,
    6.198883056640625e-06,
    "Check fuzzy test report."
  ],
  "57": [
    [
      25,
      80
    ],
    false,
    true,
    4.553794860839844e-05,
    "Check fuzzy test report."
  ],
  "58": [
    [
      275,
      871
    ],
    false,
    true,
    0.004463911056518555,
    "Check fuzzy test report."
  ],
  "59": [
    [
      0,
      10
    ],
    false,
    true,
    5.245208740234375e-06,
    "Check fuzzy test report."
  ],
  "60": [
    [
      38,
      52
    ],
    false,
    true,
    2.47955322265625e-05,
    "Check fuzzy test report."
  ],
  "61": [
    [
      0,
      8
    ],
    false,
    true,
    8.344650268554688e-06,
    "Check fuzzy test report."
  ],
  "62": [
    [
      50,
      92
    ],
    false,
    true,
    6.031990051269531e-05,
    "Check fuzzy test report."
  ],
  "63": [
    [
      81,
      86
    ],
    false,
    true,
    4.267692565917969e-05,
    "Check fuzzy test report."
  ],