{
  "halstead_volume": 28.529325012980813,
  "cyclomatic_complexity": 5,
  "number_of_LLOC": 9,
  "percent_of_lines_of_comment": 33.33333333333333
}