{
  "halstead_volume": 102.1865710312585,
  "cyclomatic_complexity": 5,
  "number_of_LLOC": 12,
  "percent_of_lines_of_comment": 8.333333333333332
}