{
  "halstead_volume": 34.82892142331043,
  "cyclomatic_complexity": 4,
  "number_of_LLOC": 11,
  "percent_of_lines_of_comment": 36.36363636363637
}