{
  "halstead_volume": 82.0447025077789,
  "cyclomatic_complexity": 7,
  "number_of_LLOC": 17,
  "percent_of_lines_of_comment": 17.647058823529413
}