{
  "11": [
    [
      56
    ],
    false,
    true,
    3.5762786865234375e-06,
    "Check fuzzy test report."
  ],
  "15": [
    [
      3
    ],
    false,
    false,
    "Linting error: Using variable 'sum' before assignment"
  ],
  "17": [
    [
      289
    ],
    false,
    true,
    1.0013580322265625e-05,
    "Check fuzzy test report."
  ],
  "21": [
    [
      407
    ],
    false,
    true,
    1.52587890625e-05,
    "Check fuzzy test report."
  ],
  "36": [
    [
      338
    ],
    false,
    true,
    1.4543533325195312e-05,
    "Check fuzzy test report."
  ],
  "40": [
    [
      2
    ],
    false,
    true,
    2.4318695068359375e-05,
    "Check fuzzy test report."
  ],
  "53": [
    [
      60
    ],
    false,
    true,
    2.6226043701171875e-06,
    "Check fuzzy test report."
  ],
  "58": [
    [
      223
    ],
    false,
    true,
    8.58306884765625e-06,
    "Check fuzzy test report."
  ],
  "62": [
    [
      188
    ],
    false,
    true,
    5.0067901611328125e-06,
    "Check fuzzy test report."
  ],
  "65": [
    [
      80
    ],
    false,
    true,
    7.152557373046875e-06,
    "Check fuzzy test report."
  ],
  "70": [
    [
      401
    ],
    false,
    true,
    1.4781951904296875e-05,
    "Check fuzzy test report."
  ],
  "72": [
    [
      87
    ],
    false,
    true,
    4.291534423828125e-06,
    "Check fuzzy test report."
  ]
}