{
  "halstead_volume": 57.110323830864054,
  "cyclomatic_complexity": 4,
  "number_of_LLOC": 8,
  "percent_of_lines_of_comment": 85.71428571428571
}