{
  "halstead_volume": 38.053747805010275,
  "cyclomatic_complexity": 4,
  "number_of_LLOC": 12,
  "percent_of_lines_of_comment": 27.27272727272727
}