{
  "halstead_volume": 133.78294855911892,
  "cyclomatic_complexity": 9,
  "number_of_LLOC": 14,
  "percent_of_lines_of_comment": 85.71428571428571
}