{
  "3": [
    [
      56,
      88
    ],
    false,
    true,
    3.457069396972656e-05,
    "Check fuzzy test report."
  ],
  "5": [
    [
      2,
      8
    ],
    false,
    true,
    1.71661376953125e-05,
    "Check fuzzy test report."
  ],
  "8": [
    [
      45,
      48
    ],
    false,
    true,
    1.4543533325195312e-05,
    "Check fuzzy test report."
  ],
  "9": [
    [
      70,
      200
    ],
    false,
    true,
    8.153915405273438e-05,
    "Check fuzzy test report."
  ],
  "10": [
    [
      36,
      54
    ],
    false,
    true,
    1.8358230590820312e-05,
    "Check fuzzy test report."
  ],
  "12": [
    [
      16,
      87
    ],
    false,
    true,
    2.956390380859375e-05,
    "Check fuzzy test report."
  ],
  "20": [
    [
      27,
      96
    ],
    false,
    true,
    3.24249267578125e-05,
    "Check fuzzy test report."
  ],
  "22": [
    [
      40,
      200
    ],
    false,
    true,
    6.198883056640625e-05,
    "Check fuzzy test report."
  ],
  "23": [
    [
      20,
      36
    ],
    false,
    true,
    2.0742416381835938e-05,
    "Check fuzzy test report."
  ],
  "24": [
    [
      13,
      91
    ],
    false,
    true,
    4.696846008300781e-05,
    "Check fuzzy test report."
  ],
  "25": [
    [
      37,
      43
    ],
    false,
    true,
    2.0503997802734375e-05,
    "Check fuzzy test report."
  ],
  "27": [
    [
      86,
      89
    ],
    false,
    true,
    2.0265579223632812e-05,
    "Check fuzzy test report."
  ],
  "30": [
    [
      22,
      24
    ],
    false,
    true,
    1.239776611328125e-05,
    "Check fuzzy test report."
  ],
  "31": [
    [
      33,
      78
    ],
    false,
    true,
    1.9788742065429688e-05,
    "Check fuzzy test report."
  ],
  "35": [
    [
      77,
      84
    ],
    false,
    true,
    2.193450927734375e-05,
    "Check fuzzy test report."
  ],
  "36": [
    [
      110,
      348
    ],
    false,
    true,
    0.00012373924255371094,
    "Check fuzzy test report."
  ],
  "37": [
    [
      2,
      7
    ],
    false,
    true,
    1.3589859008789062e-05,
    "Check fuzzy test report."
  ],
  "38": [
    [
      36,
      85
    ],
    false,
    true,
    3.9577484130859375e-05,
    "Check fuzzy test report."
  ],
  "42": [
    [
      18,
      60
    ],
    false,
    true,
    2.8133392333984375e-05,
    "Check fuzzy test report."
  ],
  "44": [
    [
      36,
      52
    ],
    false,
    true,
    2.0503997802734375e-05,
    "Check fuzzy test report."
  ],
  "45": [
    [
      30,
      200
    ],
    false,
    true,
    8.130073547363281e-05,
    "Check fuzzy test report."
  ],
  "46": [
    [
      10,
      79
    ],
    false,
    true,
    4.9114227294921875e-05,
    "Check fuzzy test report."
  ],
  "47": [
    [
      29,
      53
    ],
    false,
    true,
    2.8371810913085938e-05,
    "Check fuzzy test report."
  ],
  "48": [
    [
      933,
      996
    ],
    false,
    true,
    0.0005598068237304688,
    "Check fuzzy test report."
  ],
  "51": [
    [
      6,
      9
    ],
    false,
    true,
    1.239776611328125e-05,
    "Check fuzzy test report."
  ],
  "53": [
    [
      200,
      202
    ],
    false,
    true,
    1.9788742065429688e-05,
    "Check fuzzy test report."
  ],
  "54": [
    [
      35,
      64
    ],
    false,
    true,
    3.0517578125e-05,
    "Check fuzzy test report."
  ],
  "55": [
    [
      10,
      12
    ],
    false,
    true,
    1.0013580322265625e-05,
    "Check fuzzy test report."
  ],
  "56": [
    [
      7,
      9
    ],
    false,
    true,
    1.8596649169921875e-05,
    "Check fuzzy test report."
  ],
  "61": [
    [
      0,
      8
    ],
    false,
    true,
    1.5735626220703125e-05,
    "Check fuzzy test report."
  ],
  "62": [
    [
      50,
      92
    ],
    false,
    true,
    2.4080276489257812e-05,
    "Check fuzzy test report."
  ],
  "63": [
    [
      81,
      86
    ],
    false,
    true,
    2.09808349609375e-05,
    "Check fuzzy test report."
  ],
  "66": [
    [
      11,
      76
    ],
    false,
    true,
    3.7670135498046875e-05,
    "Check fuzzy test report."
  ],
  "68": [
    [
      0,
      9
    ],
    false,
    true,
    1.71661376953125e-05,
    "Check fuzzy test report."
  ],
  "69": [
    [
      39,
      43
    ],
    false,
    true,
    2.0503997802734375e-05,
    "Check fuzzy test report."
  ],
  "71": [
    [
      20,
      35
    ],
    false,
    true,
    1.8358230590820312e-05,
    "Check fuzzy test report."
  ],
  "74": [
    [
      69,
      97
    ],
    false,
    true,
    3.0517578125e-05,
    "Check fuzzy test report."
  ],
  "77": [
    [
      18,
      52
    ],
    false,
    true,
    3.4332275390625e-05,
    "Check fuzzy test report."
  ],
  "78": [
    [
      62,
      96
    ],
    false,
    true,
    3.695487976074219e-05,
    "Check fuzzy test report."
  ],
  "79": [
    [
      1,
      7
    ],
    false,
    true,
    1.1920928955078125e-05,
    "Check fuzzy test report."
  ],
  "80": [
    [
      57,
      84
    ],
    false,
    true,
    3.4332275390625e-05,
    "Check fuzzy test report."
  ],
  "86": [
    [
      19,
      32
    ],
    false,
    true,
    1.5020370483398438e-05,
    "Check fuzzy test report."
  ],
  "91": [
    [
      0,
      6
    ],
    false,
    true,
    9.298324584960938e-06,
    "Check fuzzy test report."
  ],
  "94": [
    [
      42,
      87
    ],
    false,
    true,
    3.9577484130859375e-05,
    "Check fuzzy test report."
  ]
}