{
  "halstead_volume": 25.26619429851844,
  "cyclomatic_complexity": 4,
  "number_of_LLOC": 8,
  "percent_of_lines_of_comment": 85.71428571428571
}