{
  "halstead_volume": 39.863137138648355,
  "cyclomatic_complexity": 5,
  "number_of_LLOC": 19,
  "percent_of_lines_of_comment": 5.555555555555555
}