{
  "halstead_volume": 94.01164534875782,
  "cyclomatic_complexity": 6,
  "number_of_LLOC": 14,
  "percent_of_lines_of_comment": 28.57142857142857
}