{
  "halstead_volume": 97.70233280920246,
  "cyclomatic_complexity": 8,
  "number_of_LLOC": 21,
  "percent_of_lines_of_comment": 4.761904761904762
}