{
  "halstead_volume": 82.0447025077789,
  "cyclomatic_complexity": 6,
  "number_of_LLOC": 11,
  "percent_of_lines_of_comment": 72.72727272727273
}