{
  "halstead_volume": 176.41891628622352,
  "cyclomatic_complexity": 7,
  "number_of_LLOC": 15,
  "percent_of_lines_of_comment": 26.666666666666668
}