{
  "halstead_volume": 48.43204266092217,
  "cyclomatic_complexity": 4,
  "number_of_LLOC": 7,
  "percent_of_lines_of_comment": 71.42857142857143
}