{
  "halstead_volume": 197.4184681619259,
  "cyclomatic_complexity": 7,
  "number_of_LLOC": 14,
  "percent_of_lines_of_comment": 21.428571428571427
}