{
  "halstead_volume": 51.89147427955947,
  "cyclomatic_complexity": 4,
  "number_of_LLOC": 7,
  "percent_of_lines_of_comment": 14.285714285714285
}