{
  "halstead_volume": 60.91767875292166,
  "cyclomatic_complexity": 4,
  "number_of_LLOC": 11,
  "percent_of_lines_of_comment": 27.27272727272727
}