{
  "halstead_volume": 110.36149671375918,
  "cyclomatic_complexity": 7,
  "number_of_LLOC": 11,
  "percent_of_lines_of_comment": 27.27272727272727
}