{
  "halstead_volume": 160.5395382709427,
  "cyclomatic_complexity": 6,
  "number_of_LLOC": 12,
  "percent_of_lines_of_comment": 81.81818181818183
}