{
  "halstead_volume": 53.77443751081735,
  "cyclomatic_complexity": 7,
  "number_of_LLOC": 12,
  "percent_of_lines_of_comment": 33.33333333333333
}