{
  "halstead_volume": 53.30296890880645,
  "cyclomatic_complexity": 2,
  "number_of_LLOC": 9,
  "percent_of_lines_of_comment": 55.55555555555556
}