{
  "halstead_volume": 28.529325012980813,
  "cyclomatic_complexity": 5,
  "number_of_LLOC": 13,
  "percent_of_lines_of_comment": 38.46153846153847
}