{
  "halstead_volume": 53.30296890880645,
  "cyclomatic_complexity": 9,
  "number_of_LLOC": 13,
  "percent_of_lines_of_comment": 16.666666666666664
}