{
  "halstead_volume": 66.41714012534482,
  "cyclomatic_complexity": 5,
  "number_of_LLOC": 9,
  "percent_of_lines_of_comment": 55.55555555555556
}