{
  "1": [
    [
      31,
      72
    ],
    false,
    true,
    5.602836608886719e-05,
    "Check fuzzy test report."
  ],
  "3": [
    [
      62,
      92
    ],
    false,
    true,
    6.151199340820312e-05,
    "Check fuzzy test report."
  ],
  "4": [
    [
      12,
      92
    ],
    false,
    true,
    8.749961853027344e-05,
    "Check fuzzy test report."
  ],
  "5": [
    [
      8,
      9
    ],
    false,
    true,
    1.9550323486328125e-05,
    "Check fuzzy test report."
  ],
  "6": [
    [
      10,
      66
    ],
    false,
    true,
    7.700920104980469e-05,
    "Check fuzzy test report."
  ],
  "7": [
    [
      661,
      924
    ],
    false,
    true,
    7.724761962890625e-05,
    "Check fuzzy test report."
  ],
  "9": [
    [
      70,
      200
    ],
    false,
    true,
    0.00026035308837890625,
    "Check fuzzy test report."
  ],
  "10": [
    [
      25,
      59
    ],
    false,
    true,
    5.602836608886719e-05,
    "Check fuzzy test report."
  ],
  "11": [
    [
      37,
      51
    ],
    false,
    true,
    4.8160552978515625e-05,
    "Check fuzzy test report."
  ],
  "13": [
    [
      25,
      87
    ],
    false,
    true,
    9.322166442871094e-05,
    "Check fuzzy test report."
  ],
  "17": [
    [
      62,
      78
    ],
    false,
    true,
    4.0531158447265625e-05,
    "Check fuzzy test report."
  ],
  "18": [
    [
      35,
      49
    ],
    false,
    true,
    1.5020370483398438e-05,
    "Check fuzzy test report."
  ],
  "20": [
    [
      56,
      66
    ],
    false,
    true,
    4.553794860839844e-05,
    "Check fuzzy test report."
  ],
  "21": [
    [
      639,
      975
    ],
    false,
    true,
    0.00011205673217773438,
    "Check fuzzy test report."
  ],
  "23": [
    [
      52,
      71
    ],
    false,
    true,
    4.5299530029296875e-05,
    "Check fuzzy test report."
  ],
  "24": [
    [
      74,
      95
    ],
    false,
    true,
    5.984306335449219e-05,
    "Check fuzzy test report."
  ],
  "25": [
    [
      29,
      93
    ],
    false,
    true,
    8.893013000488281e-05,
    "Check fuzzy test report."
  ],
  "26": [
    [
      62,
      99
    ],
    false,
    true,
    6.318092346191406e-05,
    "Check fuzzy test report."
  ],
  "27": [
    [
      66,
      93
    ],
    false,
    true,
    6.413459777832031e-05,
    "Check fuzzy test report."
  ],
  "28": [
    [
      62,
      63
    ],
    false,
    true,
    3.790855407714844e-05,
    "Check fuzzy test report."
  ],
  "29": [
    [
      59,
      97
    ],
    false,
    true,
    0.00010323524475097656,
    "Check fuzzy test report."
  ],
  "30": [
    [
      55,
      98
    ],
    false,
    true,
    7.390975952148438e-05,
    "Check fuzzy test report."
  ],
  "31": [
    [
      75,
      88
    ],
    false,
    true,
    5.602836608886719e-05,
    "Check fuzzy test report."
  ],
  "32": [
    [
      21,
      97
    ],
    false,
    true,
    9.632110595703125e-05,
    "Check fuzzy test report."
  ],
  "33": [
    [
      667,
      774
    ],
    false,
    true,
    0.0004889965057373047,
    "Check fuzzy test report."
  ],
  "34": [
    [
      60,
      200
    ],
    false,
    true,
    0.0002472400665283203,
    "Check fuzzy test report."
  ],
  "35": [
    [
      30,
      48
    ],
    false,
    true,
    3.9577484130859375e-05,
    "Check fuzzy test report."
  ],
  "36": [
    [
      246,
      750
    ],
    false,
    true,
    0.0007922649383544922,
    "Check fuzzy test report."
  ],
  "38": [
    [
      22,
      63
    ],
    false,
    true,
    7.05718994140625e-05,
    "Check fuzzy test report."
  ],
  "39": [
    [
      20,
      30
    ],
    false,
    true,
    4.00543212890625e-05,
    "Check fuzzy test report."
  ],
  "40": [
    [
      0,
      1
    ],
    false,
    true,
    2.4080276489257812e-05,
    "Check fuzzy test report."
  ],
  "43": [
    [
      68,
      86
    ],
    false,
    true,
    5.054473876953125e-05,
    "Check fuzzy test report."
  ],
  "45": [
    [
      30,
      200
    ],
    false,
    true,
    0.00026035308837890625,
    "Check fuzzy test report."
  ],
  "46": [
    [
      30,
      87
    ],
    false,
    true,
    8.726119995117188e-05,
    "Check fuzzy test report."
  ],
  "47": [
    [
      37,
      76
    ],
    false,
    true,
    6.151199340820312e-05,
    "Check fuzzy test report."
  ],
  "48": [
    [
      533,
      605
    ],
    false,
    true,
    0.0003802776336669922,
    "Check fuzzy test report."
  ],
  "50": [
    [
      70,
      84
    ],
    false,
    true,
    5.0067901611328125e-05,
    "Check fuzzy test report."
  ],
  "54": [
    [
      34,
      55
    ],
    false,
    true,
    4.3392181396484375e-05,
    "Check fuzzy test report."
  ],
  "56": [
    [
      1,
      8
    ],
    false,
    true,
    1.4543533325195312e-05,
    "Check fuzzy test report."
  ],
  "57": [
    [
      27,
      55
    ],
    false,
    true,
    4.982948303222656e-05,
    "Check fuzzy test report."
  ],
  "58": [
    [
      209,
      556
    ],
    false,
    true,
    0.0012545585632324219,
    "Check fuzzy test report."
  ],
  "60": [
    [
      75,
      85
    ],
    false,
    true,
    4.38690185546875e-05,
    "Check fuzzy test report."
  ],
  "63": [
    [
      22,
      88
    ],
    false,
    true,
    9.059906005859375e-05,
    "Check fuzzy test report."
  ],
  "65": [
    [
      56,
      98
    ],
    false,
    true,
    8.273124694824219e-05,
    "Check fuzzy test report."
  ],
  "66": [
    [
      50,
      54
    ],
    false,
    true,
    1.2874603271484375e-05,
    "Check fuzzy test report."
  ],
  "67": [
    [
      22,
      50
    ],
    false,
    true,
    2.6702880859375e-05,
    "Check fuzzy test report."
  ],
  "69": [
    [
      32,
      35
    ],
    false,
    true,
    3.123283386230469e-05,
    "Check fuzzy test report."
  ],
  "70": [
    [
      28,
      32
    ],
    false,
    true,
    3.3855438232421875e-05,
    "Check fuzzy test report."
  ],
  "71": [
    [
      26,
      52
    ],
    false,
    true,
    6.771087646484375e-05,
    "Check fuzzy test report."
  ],
  "72": [
    [
      29,
      51
    ],
    false,
    true,
    4.696846008300781e-05,
    "Check fuzzy test report."
  ],
  "76": [
    [
      686,
      987
    ],
    false,
    true,
    0.001967906951904297,
    "Check fuzzy test report."
  ],
  "77": [
    [
      527,
      538
    ],
    false,
    true,
    7.176399230957031e-05,
    "Check fuzzy test report."
  ],
  "78": [
    [
      43,
      51
    ],
    false,
    true,
    4.3392181396484375e-05,
    "Check fuzzy test report."
  ],
  "79": [
    [
      4,
      4
    ],
    false,
    true,
    2.5510787963867188e-05,
    "Check fuzzy test report."
  ],
  "89": [
    [
      56,
      82
    ],
    false,
    true,
    5.7220458984375e-05,
    "Check fuzzy test report."
  ],
  "90": [
    [
      262,
      746
    ],
    false,
    true,
    0.0007512569427490234,
    "Check fuzzy test report."
  ],
  "92": [
    [
      0,
      0
    ],
    false,
    true,
    2.2172927856445312e-05,
    "Check fuzzy test report."
  ],
  "93": [
    [
      75,
      94
    ],
    false,
    true,
    6.031990051269531e-05,
    "Check fuzzy test report."
  ],
  "94": [
    [
      28,
      40
    ],
    false,
    true,
    4.982948303222656e-05,
    "Check fuzzy test report."
  ],
  "95": [
    [
      82,
      86
    ],
    false,
    true,
    4.38690185546875e-05,
    "Check fuzzy test report."
  ],
  "96": [
    [
      50,
      200
    ],
    false,
    true,
    0.00028395652770996094,
    "Check fuzzy test report."
  ],
  "97": [
    [
      40,
      80
    ],
    false,
    true,
    7.414817810058594e-05,
    "Check fuzzy test report."
  ],
  "100": [
    [
      42,
      68
    ],
    false,
    true,
    0.00012230873107910156,
    "Check fuzzy test report."
  ]
}