{
  "halstead_volume": 232.84722658818316,
  "cyclomatic_complexity": 10,
  "number_of_LLOC": 21,
  "percent_of_lines_of_comment": 28.57142857142857
}