{
  "1": [
    [
      17,
      88
    ],
    false,
    true,
    5.9604644775390625e-06,
    "Check fuzzy test report."
  ],
  "2": [
    [
      72,
      93
    ],
    false,
    true,
    1.239776611328125e-05,
    "Check fuzzy test report."
  ],
  "3": [
    [
      56,
      88
    ],
    false,
    true,
    8.106231689453125e-06,
    "Check fuzzy test report."
  ],
  "4": [
    [
      49,
      74
    ],
    false,
    false,
    "No Python function was generated."
  ],
  "5": [
    [
      2,
      8
    ],
    false,
    true,
    7.867813110351562e-06,
    "Check fuzzy test report."
  ],
  "6": [
    [
      20,
      93
    ],
    false,
    true,
    6.4373016357421875e-06,
    "Check fuzzy test report."
  ],
  "7": [
    [
      10,
      97
    ],
    false,
    true,
    1.7404556274414062e-05,
    "Check fuzzy test report."
  ],
  "8": [
    [
      45,
      48
    ],
    false,
    true,
    1.811981201171875e-05,
    "Check fuzzy test report."
  ],
  "9": [
    [
      70,
      200
    ],
    false,
    true,
    1.0967254638671875e-05,
    "Check fuzzy test report."
  ],
  "10": [
    [
      36,
      54
    ],
    false,
    true,
    8.344650268554688e-06,
    "Check fuzzy test report."
  ],
  "11": [
    [
      48,
      76
    ],
    false,
    true,
    1.2874603271484375e-05,
    "Check fuzzy test report."
  ],
  "12": [
    [
      16,
      87
    ],
    false,
    true,
    "LLM's code raised exception:unsupported operand type(s) for +=: 'int' and 'tuple'"
  ],
  "13": [
    [
      46,
      91
    ],
    false,
    true,
    4.5299530029296875e-06,
    "Check fuzzy test report."
  ],
  "14": [
    [
      2,
      5
    ],
    false,
    true,
    5.4836273193359375e-06,
    "Check fuzzy test report."
  ],
  "15": [
    [
      0,
      4
    ],
    false,
    true,
    5.245208740234375e-06,
    "Check fuzzy test report."
  ],
  "16": [
    [
      90,
      97
    ],
    false,
    true,
    3.0040740966796875e-05,
    "Check fuzzy test report."
  ],
  "17": [
    [
      73,
      84
    ],
    false,
    true,
    8.58306884765625e-06,
    "Check fuzzy test report."
  ],
  "18": [
    [
      56,
      90
    ],
    false,
    true,
    8.58306884765625e-06,
    "Check fuzzy test report."
  ],
  "19": [
    [
      1,
      4
    ],
    false,
    true,
    9.059906005859375e-06,
    "Check fuzzy test report."
  ],
  "20": [
    [
      27,
      96
    ],
    false,
    true,
    7.152557373046875e-06,
    "Check fuzzy test report."
  ],
  "21": [
    [
      15,
      57
    ],
    false,
    true,
    8.58306884765625e-06,
    "Check fuzzy test report."
  ],
  "22": [
    [
      40,
      200
    ],
    false,
    true,
    1.430511474609375e-05,
    "Check fuzzy test report."
  ],
  "23": [
    [
      20,
      36
    ],
    false,
    true,
    4.76837158203125e-06,
    "Check fuzzy test report."
  ],
  "24": [
    [
      13,
      91
    ],
    false,
    true,
    8.821487426757812e-06,
    "Check fuzzy test report."
  ],
  "25": [
    [
      37,
      43
    ],
    false,
    true,
    2.86102294921875e-06,
    "Check fuzzy test report."
  ],
  "26": [
    [
      68,
      99
    ],
    false,
    true,
    6.198883056640625e-06,
    "Check fuzzy test report."
  ],
  "27": [
    [
      86,
      89
    ],
    false,
    true,
    1.1444091796875e-05,
    "Check fuzzy test report."
  ],
  "28": [
    [
      86,
      99
    ],
    false,
    true,
    1.33514404296875e-05,
    "Check fuzzy test report."
  ],
  "29": [
    [
      70,
      98
    ],
    false,
    true,
    7.3909759521484375e-06,
    "Check fuzzy test report."
  ],
  "30": [
    [
      22,
      24
    ],
    false,
    true,
    5.7220458984375e-06,
    "Check fuzzy test report."
  ],
  "31": [
    [
      33,
      78
    ],
    false,
    true,
    5.9604644775390625e-06,
    "Check fuzzy test report."
  ],
  "32": [
    [
      86,
      90
    ],
    false,
    true,
    5.245208740234375e-06,
    "Check fuzzy test report."
  ],
  "33": [
    [
      13,
      35
    ],
    false,
    true,
    4.291534423828125e-06,
    "Check fuzzy test report."
  ],
  "34": [
    [
      60,
      200
    ],
    false,
    true,
    4.0531158447265625e-06,
    "Check fuzzy test report."
  ],
  "35": [
    [
      77,
      84
    ],
    false,
    true,
    9.5367431640625e-07,
    "Check fuzzy test report."
  ],
  "36": [
    [
      110,
      348
    ],
    false,
    true,
    1.1205673217773438e-05,
    "Check fuzzy test report."
  ],
  "37": [
    [
      2,
      7
    ],
    false,
    true,
    5.0067901611328125e-06,
    "Check fuzzy test report."
  ],
  "38": [
    [
      36,
      85
    ],
    false,
    true,
    6.4373016357421875e-06,
    "Check fuzzy test report."
  ],
  "39": [
    [
      44,
      91
    ],
    false,
    true,
    6.9141387939453125e-06,
    "Check fuzzy test report."
  ],
  "40": [
    [
      0,
      3
    ],
    false,
    true,
    6.4373016357421875e-06,
    "Check fuzzy test report."
  ],
  "41": [
    [
      3,
      8
    ],
    false,
    true,
    4.5299530029296875e-06,
    "Check fuzzy test report."
  ],
  "42": [
    [
      18,
      60
    ],
    false,
    true,
    5.0067901611328125e-06,
    "Check fuzzy test report."
  ],
  "43": [
    [
      10,
      28
    ],
    false,
    true,
    5.0067901611328125e-06,
    "Check fuzzy test report."
  ],
  "44": [
    [
      36,
      52
    ],
    false,
    true,
    1.5020370483398438e-05,
    "Check fuzzy test report."
  ],
  "45": [
    [
      30,
      200
    ],
    false,
    true,
    1.3113021850585938e-05,
    "Check fuzzy test report."
  ],
  "46": [
    [
      10,
      79
    ],
    false,
    true,
    5.7220458984375e-06,
    "Check fuzzy test report."
  ],
  "47": [
    [
      29,
      53
    ],
    false,
    true,
    6.67572021484375e-06,
    "Check fuzzy test report."
  ],
  "48": [
    [
      933,
      996
    ],
    false,
    true,
    4.124641418457031e-05,
    "Check fuzzy test report."
  ],
  "49": [
    [
      80,
      200
    ],
    false,
    true,
    1.6927719116210938e-05,
    "Check fuzzy test report."
  ],
  "50": [
    [
      13,
      76
    ],
    false,
    true,
    5.4836273193359375e-06,
    "Check fuzzy test report."
  ],
  "51": [
    [
      6,
      9
    ],
    false,
    true,
    7.3909759521484375e-06,
    "Check fuzzy test report."
  ],
  "52": [
    [
      38,
      81
    ],
    false,
    true,
    3.814697265625e-06,
    "Check fuzzy test report."
  ],
  "53": [
    [
      200,
      202
    ],
    false,
    false,
    "No Python function was generated."
  ],
  "54": [
    [
      35,
      64
    ],
    false,
    true,
    1.1444091796875e-05,
    "Check fuzzy test report."
  ],
  "55": [
    [
      10,
      12
    ],
    false,
    true,
    4.291534423828125e-06,
    "Check fuzzy test report."
  ],
  "56": [
    [
      7,
      9
    ],
    false,
    true,
    6.4373016357421875e-06,
    "Check fuzzy test report."
  ],
  "57": [
    [
      25,
      80
    ],
    false,
    true,
    1.1205673217773438e-05,
    "Check fuzzy test report."
  ],
  "58": [
    [
      275,
      871
    ],
    false,
    true,
    8.344650268554688e-06,
    "Check fuzzy test report."
  ],
  "59": [
    [
      0,
      10
    ],
    false,
    true,
    4.0531158447265625e-06,
    "Check fuzzy test report."
  ],
  "60": [
    [
      38,
      52
    ],
    false,
    true,
    5.9604644775390625e-06,
    "Check fuzzy test report."
  ],
  "61": [
    [
      0,
      8
    ],
    false,
    true,
    8.344650268554688e-06,
    "Check fuzzy test report."
  ],
  "62": [
    [
      50,
      92
    ],
    false,
    true,
    5.4836273193359375e-06,
    "Check fuzzy test report."
  ],
  "63": [
    [
      81,
      86
    ],
    false,
    true,
    7.867813110351562e-06,
    "Check fuzzy test report."
  ],