{
  "29": [
    [
      43,
      77
    ],
    false,
    true,
    1.9073486328125e-06,
    "Check fuzzy test report."
  ],
  "64": [
    [
      1,
      9
    ],
    true,
    false,
    "Check the pre-existing tests report."
  ],
  "70": [
    [
      586,
      840
    ],
    false,
    true,
    4.291534423828125e-06,
    "Check fuzzy test report."
  ]
}