{
  "halstead_volume": 28.529325012980813,
  "cyclomatic_complexity": 2,
  "number_of_LLOC": 9,
  "percent_of_lines_of_comment": 44.44444444444444
}