{
  "1": [
    [
      27
    ],
    true,
    false,
    "Check the pre-existing tests report."
  ],
  "2": [
    [
      147
    ],
    false,
    true,
    0.0014913082122802734,
    "Check fuzzy test report."
  ],
  "3": [
    [
      100
    ],
    false,
    true,
    0.000171661376953125,
    "Check fuzzy test report."
  ],
  "4": [
    [
      15
    ],
    false,
    true,
    3.361701965332031e-05,
    "Check fuzzy test report."
  ],
  "5": [
    [
      17
    ],
    false,
    true,
    0.00030922889709472656,
    "Check fuzzy test report."
  ],
  "6": [
    [
      474
    ],
    false,
    true,
    0.008356809616088867,
    "Check fuzzy test report."
  ],
  "7": [
    [
      416
    ],
    true,
    false,
    "Check the pre-existing tests report."
  ],
  "8": [
    [
      49
    ],
    true,
    false,
    "Check the pre-existing tests report."
  ],
  "9": [
    [
      72
    ],
    true,
    false,
    "Check the pre-existing tests report."
  ],
  "10": [
    [
      54
    ],
    false,
    true,
    0.0006759166717529297,
    "Check fuzzy test report."
  ],
  "11": [
    [
      77
    ],
    false,
    true,
    0.00024318695068359375,
    "Check fuzzy test report."
  ],
  "12": [
    [
      23
    ],
    true,
    false,
    "Check the pre-existing tests report."
  ],
  "13": [
    [
      206
    ],
    false,
    true,
    0.0010144710540771484,
    "Check fuzzy test report."
  ],
  "14": [
    [
      63
    ],
    false,
    true,
    9.989738464355469e-05,
    "Check fuzzy test report."
  ],
  "15": [
    [
      4
    ],
    true,
    false,
    "Check the pre-existing tests report."
  ],
  "16": [
    [
      255
    ],
    false,
    true,
    0.003152132034301758,
    "Check fuzzy test report."
  ],
  "17": [
    [
      289
    ],
    false,
    true,
    0.003901243209838867,
    "Check fuzzy test report."
  ],
  "18": [
    [
      392
    ],
    false,
    true,
    0.00035500526428222656,
    "Check fuzzy test report."
  ],
  "20": [
    [
      53
    ],
    false,
    true,
    0.0006442070007324219,
    "Check fuzzy test report."
  ],
  "21": [
    [
      407
    ],
    false,
    true,
    0.007456541061401367,
    "Check fuzzy test report."
  ],
  "22": [
    [
      20
    ],
    true,
    false,
    "Check the pre-existing tests report."
  ],
  "23": [
    [
      69
    ],
    true,
    false,
    "Check the pre-existing tests report."
  ],
  "24": [
    [
      29
    ],
    false,
    true,
    5.745887756347656e-05,
    "Check fuzzy test report."
  ],
  "25": [
    [
      90
    ],
    true,
    false,
    "Check the pre-existing tests report."
  ],
  "26": [
    [
      366
    ],
    false,
    true,
    0.0011398792266845703,
    "Check fuzzy test report."
  ],
  "28": [
    [
      43
    ],
    false,
    true,
    0.0005738735198974609,
    "Check fuzzy test report."
  ],
  "29": [
    [
      19
    ],
    false,
    true,
    0.0004343986511230469,
    "Check fuzzy test report."
  ],
  "30": [
    [
      94
    ],
    false,
    true,
    0.0004744529724121094,
    "Check fuzzy test report."
  ],
  "31": [
    [
      66
    ],
    false,
    true,
    0.00011205673217773438,
    "Check fuzzy test report."
  ],
  "32": [
    [
      113
    ],
    false,
    true,
    0.00021076202392578125,
    "Check fuzzy test report."
  ],
  "33": [
    [
      475
    ],
    false,
    true,
    0.008686304092407227,
    "Check fuzzy test report."
  ],
  "34": [
    [
      33
    ],
    false,
    true,
    0.0004894733428955078,
    "Check fuzzy test report."
  ],
  "35": [
    [
      116
    ],
    false,
    true,
    0.0002944469451904297,
    "Check fuzzy test report."
  ],
  "36": [
    [
      338
    ],
    false,
    true,
    0.0009791851043701172,
    "Check fuzzy test report."
  ],
  "39": [
    [
      59
    ],
    false,
    true,
    0.0006718635559082031,
    "Check fuzzy test report."
  ],
  "40": [
    [
      3
    ],
    false,
    true,
    1.8358230590820312e-05,
    "Check fuzzy test report."
  ],
  "42": [
    [
      279
    ],
    false,
    true,
    0.0017287731170654297,
    "Check fuzzy test report."
  ],
  "44": [
    [
      445
    ],
    true,
    false,
    "Check the pre-existing tests report."
  ],
  "45": [
    [
      21
    ],
    false,
    true,
    5.3882598876953125e-05,
    "Check fuzzy test report."
  ],
  "46": [
    [
      464
    ],
    false,
    true,
    0.008292913436889648,
    "Check fuzzy test report."
  ],
  "47": [
    [
      34
    ],
    true,
    false,
    "Check the pre-existing tests report."
  ],
  "48": [
    [
      186
    ],
    false,
    true,
    0.0006649494171142578,
    "Check fuzzy test report."
  ],
  "49": [
    [
      47
    ],
    false,
    true,
    0.0006055831909179688,
    "Check fuzzy test report."
  ],
  "50": [
    [
      40
    ],
    false,
    true,
    7.152557373046875e-05,
    "Check fuzzy test report."
  ],
  "51": [
    [
      73
    ],
    true,
    false,
    "Check the pre-existing tests report."
  ],
  "52": [
    [
      423
    ],
    false,
    true,
    0.0037512779235839844,
    "Check fuzzy test report."
  ],
  "53": [
    [
      68
    ],
    true,
    false,
    "Check the pre-existing tests report."
  ],
  "54": [
    [
      85
    ],
    true,
    false,
    "Check the pre-existing tests report."
  ],
  "55": [
    [
      97
    ],
    false,
    true,
    0.0001671314239501953,
    "Check fuzzy test report."
  ],
  "56": [
    [
      95
    ],
    false,
    true,
    0.0010552406311035156,
    "Check fuzzy test report."
  ],
  "57": [
    [
      92
    ],
    true,
    false,
    "Check the pre-existing tests report."
  ],
  "58": [
    [
      223
    ],
    false,
    true,
    0.0005745887756347656,
    "Check fuzzy test report."
  ],
  "59": [
    [
      39
    ],
    false,
    true,
    0.0005466938018798828,
    "Check fuzzy test report."
  ],
  "60": [
    [
      88
    ],
    false,
    true,
    0.0002636909484863281,
    "Check fuzzy test report."
  ],
  "61": [
    [
      74
    ],
    false,
    true,
    0.0007874965667724609,
    "Check fuzzy test report."
  ],
  "62": [
    [
      188
    ],
    false,
    true,
    0.0003845691680908203,
    "Check fuzzy test report."
  ],
  "64": [
    [
      9
    ],
    false,
    true,
    2.288818359375e-05,
    "Check fuzzy test report."
  ],
  "65": [
    [
      35
    ],
    false,
    true,
    6.079673767089844e-05,
    "Check fuzzy test report."
  ],
  "66": [
    [
      25
    ],
    false,
    true,
    0.00048232078552246094,
    "Check fuzzy test report."
  ],
  "67": [
    [
      42
    ],
    true,
    false,
    "Check the pre-existing tests report."
  ],
  "68": [
    [
      76
    ],
    false,
    true,
    0.00013399124145507812,
    "Check fuzzy test report."
  ],
  "69": [
    [
      472
    ],
    false,
    true,
    0.0021219253540039062,
    "Check fuzzy test report."
  ],
  "70": [
    [
      401
    ],
    false,
    true,
    0.0018088817596435547,
    "Check fuzzy test report."
  ],
  "71": [
    [
      78
    ],
    false,
    true,
    0.00014281272888183594,
    "Check fuzzy test report."
  ],
  "72": [
    [
      16
    ],
    true,
    false,
    "Check the pre-existing tests report."
  ],
  "73": [
    [
      41
    ],
    false,
    true,
    0.0005888938903808594,
    "Check fuzzy test report."
  ],
  "74": [
    [
      96
    ],
    true,
    false,
    "Check the pre-existing tests report."
  ],
  "75": [
    [
      80
    ],
    false,
    true,
    0.0001399517059326172,
    "Check fuzzy test report."
  ],
  "76": [
    [
      257
    ],
    true,
    false,
    "Check the pre-existing tests report."
  ],
  "77": [
    [
      173
    ],
    false,
    true,
    0.0003681182861328125,
    "Check fuzzy test report."
  ],
  "78": [
    [
      48
    ],
    false,
    true,
    0.00027632713317871094,
    "Check fuzzy test report."
  ],