{
  "halstead_volume": 51.80615605397529,
  "cyclomatic_complexity": 4,
  "number_of_LLOC": 7,
  "percent_of_lines_of_comment": 42.857142857142854
}