{
  "halstead_volume": 115.94522208456974,
  "cyclomatic_complexity": 8,
  "number_of_LLOC": 13,
  "percent_of_lines_of_comment": 84.61538461538461
}