{
  "1": [
    [
      31,
      72
    ],
    false,
    true,
    "LLM's code raised exception:983 is not in list"
  ],
  "2": [
    [
      15,
      39
    ],
    false,
    true,
    8.821487426757812e-06,
    "Check fuzzy test report."
  ],
  "3": [
    [
      62,
      92
    ],
    false,
    true,
    "LLM's code raised exception:983 is not in list"
  ],
  "4": [
    [
      12,
      92
    ],
    false,
    true,
    9.298324584960938e-06,
    "Check fuzzy test report."
  ],
  "5": [
    [
      8,
      9
    ],
    false,
    true,
    3.5762786865234375e-06,
    "Check fuzzy test report."
  ],
  "6": [
    [
      10,
      66
    ],
    false,
    true,
    1.71661376953125e-05,
    "Check fuzzy test report."
  ],
  "7": [
    [
      661,
      924
    ],
    false,
    true,
    0.0001709461212158203,
    "Check fuzzy test report."
  ],
  "8": [
    [
      23,
      23
    ],
    false,
    true,
    3.337860107421875e-06,
    "Check fuzzy test report."
  ],
  "9": [
    [
      200,
      200
    ],
    false,
    true,
    4.124641418457031e-05,
    "Check fuzzy test report."
  ],
  "10": [
    [
      25,
      59
    ],
    false,
    true,
    1.7881393432617188e-05,
    "Check fuzzy test report."
  ],
  "11": [
    [
      37,
      51
    ],
    false,
    true,
    "LLM's code raised exception:983 is not in list"
  ],
  "12": [
    [
      14,
      64
    ],
    false,
    true,
    1.1205673217773438e-05,
    "Check fuzzy test report."
  ],
  "13": [
    [
      25,
      87
    ],
    false,
    true,
    1.2636184692382812e-05,
    "Check fuzzy test report."
  ],
  "14": [
    [
      5,
      7
    ],
    false,
    true,
    5.245208740234375e-06,
    "Check fuzzy test report."
  ],
  "15": [
    [
      0,
      3
    ],
    false,
    true,
    6.4373016357421875e-06,
    "Check fuzzy test report."
  ],
  "16": [
    [
      33,
      36
    ],
    false,
    true,
    5.4836273193359375e-06,
    "Check fuzzy test report."
  ],
  "17": [
    [
      62,
      78
    ],
    false,
    true,
    "LLM's code raised exception:983 is not in list"
  ],
  "18": [
    [
      35,
      49
    ],
    false,
    true,
    9.059906005859375e-06,
    "Check fuzzy test report."
  ],
  "19": [
    [
      3,
      5
    ],
    false,
    true,
    4.5299530029296875e-06,
    "Check fuzzy test report."
  ],
  "20": [
    [
      56,
      66
    ],
    false,
    true,
    3.814697265625e-06,
    "Check fuzzy test report."
  ],
  "21": [
    [
      639,
      975
    ],
    false,
    true,
    3.5762786865234375e-06,
    "Check fuzzy test report."
  ],
  "22": [
    [
      40,
      200
    ],
    false,
    true,
    "LLM's code raised exception:983 is not in list"
  ],
  "23": [
    [
      52,
      71
    ],
    false,
    true,
    "LLM's code raised exception:983 is not in list"
  ],
  "24": [
    [
      74,
      95
    ],
    false,
    true,
    "LLM's code raised exception:983 is not in list"
  ],
  "25": [
    [
      29,
      93
    ],
    false,
    true,
    1.0967254638671875e-05,
    "Check fuzzy test report."
  ],
  "26": [
    [
      62,
      99
    ],
    false,
    true,
    "LLM's code raised exception:'int' object is not subscriptable"
  ],
  "27": [
    [
      66,
      93
    ],
    false,
    true,
    8.821487426757812e-06,
    "Check fuzzy test report."
  ],
  "28": [
    [
      62,
      63
    ],
    false,
    true,
    "LLM's code raised exception:list index out of range"
  ],
  "29": [
    [
      59,
      97
    ],
    false,
    true,
    1.4066696166992188e-05,
    "Check fuzzy test report."
  ],
  "30": [
    [
      55,
      98
    ],
    false,
    true,
    1.1682510375976562e-05,
    "Check fuzzy test report."
  ],
  "31": [
    [
      75,
      88
    ],
    false,
    true,
    9.775161743164062e-06,
    "Check fuzzy test report."
  ],
  "32": [
    [
      21,
      97
    ],
    false,
    true,
    3.1948089599609375e-05,
    "Check fuzzy test report."
  ],
  "33": [
    [
      667,
      774
    ],
    false,
    true,
    2.384185791015625e-06,
    "Check fuzzy test report."
  ],
  "34": [
    [
      16,
      61
    ],
    false,
    true,
    7.62939453125e-06,
    "Check fuzzy test report."
  ],
  "35": [
    [
      30,
      48
    ],
    false,
    true,
    "LLM's code raised exception:983 is not in list"
  ],
  "36": [
    [
      246,
      750
    ],
    false,
    true,
    0.0001556873321533203,
    "Check fuzzy test report."
  ],
  "37": [
    [
      1,
      5
    ],
    false,
    true,
    8.344650268554688e-06,
    "Check fuzzy test report."
  ],
  "38": [
    [
      22,
      63
    ],
    false,
    true,
    1.8596649169921875e-05,
    "Check fuzzy test report."
  ],
  "39": [
    [
      20,
      30
    ],
    false,
    true,
    1.3828277587890625e-05,
    "Check fuzzy test report."
  ],
  "40": [
    [
      0,
      2
    ],
    false,
    true,
    3.5762786865234375e-06,
    "Check fuzzy test report."
  ],
  "41": [
    [
      6,
      6
    ],
    false,
    true,
    8.344650268554688e-06,
    "Check fuzzy test report."
  ],
  "42": [
    [
      29,
      79
    ],
    false,
    true,
    1.239776611328125e-05,
    "Check fuzzy test report."
  ],
  "43": [
    [
      68,
      86
    ],
    false,
    true,
    9.059906005859375e-06,
    "Check fuzzy test report."
  ],
  "44": [
    [
      13,
      68
    ],
    false,
    true,
    1.2874603271484375e-05,
    "Check fuzzy test report."
  ],
  "45": [
    [
      30,
      200
    ],
    false,
    true,
    4.7206878662109375e-05,
    "Check fuzzy test report."
  ],
  "46": [
    [
      30,
      87
    ],
    false,
    true,
    "LLM's code raised exception:983 is not in list"
  ],
  "47": [
    [
      37,
      76
    ],
    false,
    true,
    "LLM's code raised exception:983 is not in list"
  ],
  "48": [
    [
      533,
      605
    ],
    false,
    true,
    "LLM's code raised exception:999 is not in list"
  ],
  "49": [
    [
      80,
      200
    ],
    false,
    true,
    2.6941299438476562e-05,
    "Check fuzzy test report."
  ],
  "50": [
    [
      70,
      84
    ],
    false,
    true,
    1.5735626220703125e-05,
    "Check fuzzy test report."
  ],
  "51": [
    [
      1,
      8
    ],
    false,
    true,
    8.344650268554688e-06,
    "Check fuzzy test report."
  ],
  "52": [
    [
      28,
      38
    ],
    false,
    true,
    "LLM's code raised exception:983 is not in list"
  ],
  "53": [
    [
      100,
      200
    ],
    false,
    true,
    4.506111145019531e-05,
    "Check fuzzy test report."
  ],
  "54": [
    [
      34,
      55
    ],
    false,
    true,
    8.821487426757812e-06,
    "Check fuzzy test report."
  ],
  "55": [
    [
      0,
      10
    ],
    false,
    true,
    4.5299530029296875e-06,
    "Check fuzzy test report."
  ],
  "56": [
    [
      0,
      0
    ],
    false,
    true,
    6.67572021484375e-06,
    "Check fuzzy test report."
  ],
  "57": [
    [
      27,
      55
    ],
    false,
    true,
    "LLM's code raised exception:983 is not in list"
  ],
  "58": [
    [
      209,
      556
    ],
    false,
    true,
    "LLM's code raised exception:999 is not in list"
  ],
  "59": [
    [
      0,
      9
    ],
    false,
    true,
    1.0967254638671875e-05,
    "Check fuzzy test report."
  ],
  "60": [
    [
      75,
      85
    ],
    false,
    true,
    8.821487426757812e-06,
    "Check fuzzy test report."
  ],
  "61": [
    [
      0,
      7
    ],
    false,
    true,
    5.7220458984375e-06,
    "Check fuzzy test report."
  ],
  "62": [
    [
      91,
      99
    ],
    false,
    true,
    "LLM's code raised exception:983 is not in list"
  ],
  "63": [
    [
      22,
      88
    ],
    false,
    true,
    7.152557373046875e-06,
    "Check fuzzy test report."
  ],
  "64": [
    [
      0,
      4
    ],
    false,
    true,
    6.4373016357421875e-06,
    "Check fuzzy test report."
  ],