{
  "halstead_volume": 20.67970000576925,
  "cyclomatic_complexity": 3,
  "number_of_LLOC": 6,
  "percent_of_lines_of_comment": 83.33333333333334
}