{
  "1": [
    [
      15,
      89,
      40,
      72
    ],
    true,
    false,
    "Check the pre-existing tests report."
  ],
  "2": [
    [
      10,
      59,
      18,
      36
    ],
    false,
    true,
    0.00047087669372558594,
    "Check fuzzy test report."
  ],
  "3": [
    [
      27,
      95,
      49,
      51
    ],
    false,
    true,
    1.6689300537109375e-05,
    "Check fuzzy test report."
  ],
  "4": [
    [
      12,
      92,
      17,
      66
    ],
    false,
    true,
    0.00034046173095703125,
    "Check fuzzy test report."
  ],
  "5": [
    [
      63,
      70,
      4,
      5
    ],
    false,
    true,
    0.0002753734588623047,
    "Check fuzzy test report."
  ],
  "6": [
    [
      45,
      98,
      40,
      47
    ],
    false,
    true,
    4.792213439941406e-05,
    "Check fuzzy test report."
  ],
  "8": [
    [
      17,
      72,
      50,
      51
    ],
    true,
    false,
    "Check the pre-existing tests report."
  ],
  "9": [
    [
      0,
      300,
      50,
      60
    ],
    false,
    true,
    0.0005941390991210938,
    "Check fuzzy test report."
  ],
  "10": [
    [
      16,
      60,
      16,
      39
    ],
    false,
    true,
    6.198883056640625e-05,
    "Check fuzzy test report."
  ],
  "11": [
    [
      24,
      97,
      10,
      36
    ],
    false,
    true,
    0.00018262863159179688,
    "Check fuzzy test report."
  ],
  "12": [
    [
      62,
      88,
      18,
      21
    ],
    true,
    false,
    "Check the pre-existing tests report."
  ],
  "13": [
    [
      13,
      95,
      57,
      60
    ],
    true,
    false,
    "Check the pre-existing tests report."
  ],
  "14": [
    [
      10,
      74,
      6,
      8
    ],
    false,
    true,
    0.0003609657287597656,
    "Check fuzzy test report."
  ],
  "15": [
    [
      0,
      6,
      3,
      6
    ],
    false,
    true,
    0.0002963542938232422,
    "Check fuzzy test report."
  ],
  "16": [
    [
      15,
      86,
      51,
      60
    ],
    false,
    true,
    0.0003654956817626953,
    "Check fuzzy test report."
  ],
  "17": [
    [
      22,
      95,
      52,
      55
    ],
    false,
    true,
    2.0503997802734375e-05,
    "Check fuzzy test report."
  ],
  "18": [
    [
      11,
      83,
      13,
      66
    ],
    false,
    true,
    0.00019240379333496094,
    "Check fuzzy test report."
  ],
  "19": [
    [
      10,
      55,
      3,
      7
    ],
    true,
    false,
    "Check the pre-existing tests report."
  ],
  "20": [
    [
      20,
      74,
      36,
      42
    ],
    false,
    true,
    0.00028586387634277344,
    "Check fuzzy test report."
  ],
  "21": [
    [
      100,
      295,
      136,
      160
    ],
    false,
    true,
    0.0003104209899902344,
    "Check fuzzy test report."
  ],
  "22": [
    [
      100,
      200,
      5,
      10
    ],
    false,
    true,
    8.177757263183594e-05,
    "Check fuzzy test report."
  ],
  "24": [
    [
      12,
      92,
      42,
      77
    ],
    false,
    true,
    0.0001125335693359375,
    "Check fuzzy test report."
  ],
  "25": [
    [
      26,
      84,
      30,
      46
    ],
    false,
    true,
    5.412101745605469e-05,
    "Check fuzzy test report."
  ],
  "26": [
    [
      24,
      84,
      21,
      31
    ],
    true,
    false,
    "Check the pre-existing tests report."
  ],
  "27": [
    [
      13,
      99,
      26,
      29
    ],
    true,
    false,
    "Check the pre-existing tests report."
  ],
  "28": [
    [
      32,
      71,
      21,
      32
    ],
    false,
    true,
    3.790855407714844e-05,
    "Check fuzzy test report."
  ],
  "30": [
    [
      14,
      90,
      55,
      71
    ],
    true,
    false,
    "Check the pre-existing tests report."
  ],
  "31": [
    [
      11,
      83,
      37,
      60
    ],
    false,
    true,
    7.390975952148438e-05,
    "Check fuzzy test report."
  ],
  "32": [
    [
      16,
      77,
      43,
      47
    ],
    false,
    false,
    "No Python function was generated."
  ],
  "33": [
    [
      130,
      295,
      103,
      158
    ],
    false,
    true,
    0.0007412433624267578,
    "Check fuzzy test report."
  ],
  "34": [
    [
      200,
      300,
      10,
      50
    ],
    false,
    true,
    0.0002639293670654297,
    "Check fuzzy test report."
  ],
  "35": [
    [
      34,
      90,
      14,
      39
    ],
    false,
    true,
    0.0003788471221923828,
    "Check fuzzy test report."
  ],
  "36": [
    [
      124,
      283,
      115,
      134
    ],
    false,
    true,
    0.0001266002655029297,
    "Check fuzzy test report."
  ],
  "37": [
    [
      0,
      9,
      3,
      5
    ],
    true,
    false,
    "Check the pre-existing tests report."
  ],
  "38": [
    [
      18,
      87,
      38,
      60
    ],
    false,
    true,
    0.0001239776611328125,
    "Check fuzzy test report."
  ],
  "39": [
    [
      31,
      91,
      50,
      53
    ],
    false,
    true,
    1.52587890625e-05,
    "Check fuzzy test report."
  ],
  "40": [
    [
      0,
      5,
      3,
      5
    ],
    false,
    true,
    1.4066696166992188e-05,
    "Check fuzzy test report."
  ],
  "41": [
    [
      1,
      7,
      3,
      4
    ],
    false,
    true,
    0.0002753734588623047,
    "Check fuzzy test report."
  ],
  "42": [
    [
      43,
      95,
      18,
      47
    ],
    false,
    true,
    0.00013828277587890625,
    "Check fuzzy test report."
  ],
  "43": [
    [
      41,
      89,
      23,
      38
    ],
    false,
    true,
    0.00010180473327636719,
    "Check fuzzy test report."
  ],
  "44": [
    [
      18,
      98,
      31,
      51
    ],
    false,
    true,
    0.0001571178436279297,
    "Check fuzzy test report."
  ],
  "45": [
    [
      70,
      140,
      3,
      60
    ],
    false,
    true,
    0.0002465248107910156,
    "Check fuzzy test report."
  ],
  "46": [
    [
      11,
      97,
      29,
      62
    ],
    false,
    true,
    0.0002484321594238281,
    "Check fuzzy test report."
  ],
  "47": [
    [
      39,
      94,
      14,
      52
    ],
    false,
    true,
    0.0007576942443847656,
    "Check fuzzy test report."
  ],
  "48": [
    [
      155,
      283,
      104,
      120
    ],
    false,
    true,
    6.365776062011719e-05,
    "Check fuzzy test report."
  ],
  "49": [
    [
      10,
      100,
      10,
      50
    ],
    true,
    false,
    "Check the pre-existing tests report."
  ],
  "50": [
    [
      36,
      92,
      10,
      35
    ],
    false,
    true,
    0.0003619194030761719,
    "Check fuzzy test report."
  ],
  "51": [
    [
      2,
      8,
      3,
      4
    ],
    false,
    true,
    1.2874603271484375e-05,
    "Check fuzzy test report."
  ],
  "52": [
    [
      44,
      99,
      13,
      42
    ],
    false,
    true,
    0.0004029273986816406,
    "Check fuzzy test report."
  ],
  "53": [
    [
      1,
      299,
      3,
      10
    ],
    false,
    true,
    0.0013737678527832031,
    "Check fuzzy test report."
  ],
  "54": [
    [
      27,
      77,
      18,
      19
    ],
    true,
    false,
    "Check the pre-existing tests report."
  ],
  "56": [
    [
      1,
      9,
      3,
      7
    ],
    false,
    true,
    0.000286102294921875,
    "Check fuzzy test report."
  ],
  "57": [
    [
      16,
      94,
      39,
      52
    ],
    false,
    true,
    0.00030684471130371094,
    "Check fuzzy test report."
  ],
  "58": [
    [
      125,
      283,
      109,
      126
    ],
    true,
    false,
    "Check the pre-existing tests report."
  ],
  "59": [
    [
      0,
      100,
      3,
      15
    ],
    false,
    true,
    0.001821279525756836,
    "Check fuzzy test report."
  ],
  "60": [
    [
      23,
      82,
      32,
      34
    ],
    true,
    false,
    "Check the pre-existing tests report."
  ],