{
  "halstead_volume": 89.20647778231529,
  "cyclomatic_complexity": 3,
  "number_of_LLOC": 7,
  "percent_of_lines_of_comment": 71.42857142857143
}