{
  "halstead_volume": 53.77443751081735,
  "cyclomatic_complexity": 6,
  "number_of_LLOC": 15,
  "percent_of_lines_of_comment": 66.66666666666666
}