{
  "halstead_volume": 68.53238859703687,
  "cyclomatic_complexity": 4,
  "number_of_LLOC": 7,
  "percent_of_lines_of_comment": 14.285714285714285
}