{
  "1": [
    [
      10,
      55
    ],
    false,
    true,
    1.9073486328125e-06,
    "Check fuzzy test report."
  ],
  "2": [
    [
      315,
      955
    ],
    false,
    true,
    4.5299530029296875e-06,
    "Check fuzzy test report."
  ],
  "4": [
    [
      48,
      60
    ],
    true,
    false,
    "Check the pre-existing tests report."
  ],
  "6": [
    [
      58,
      90
    ],
    true,
    false,
    "Check the pre-existing tests report."
  ],
  "7": [
    [
      469,
      682
    ],
    false,
    true,
    2.7179718017578125e-05,
    "Check fuzzy test report."
  ],
  "9": [
    [
      3,
      9
    ],
    false,
    true,
    2.1457672119140625e-06,
    "Check fuzzy test report."
  ],
  "11": [
    [
      39,
      57
    ],
    false,
    false,
    "No Python function was generated."
  ],
  "14": [
    [
      6,
      8
    ],
    true,
    false,
    "Check the pre-existing tests report."
  ],
  "15": [
    [
      7,
      9
    ],
    true,
    false,
    "Check the pre-existing tests report."
  ],
  "16": [
    [
      228,
      846
    ],
    false,
    true,
    3.0994415283203125e-06,
    "Check fuzzy test report."
  ],
  "17": [
    [
      10,
      69
    ],
    false,
    true,
    2.1457672119140625e-06,
    "Check fuzzy test report."
  ],
  "18": [
    [
      387,
      516
    ],
    true,
    false,
    "Check the pre-existing tests report."
  ],
  "21": [
    [
      120,
      349
    ],
    false,
    true,
    1.9550323486328125e-05,
    "Check fuzzy test report."
  ],
  "25": [
    [
      84,
      86
    ],
    false,
    true,
    3.695487976074219e-05,
    "Check fuzzy test report."
  ],
  "26": [
    [
      83,
      95
    ],
    false,
    true,
    7.152557373046875e-07,
    "Check fuzzy test report."
  ],
  "30": [
    [
      42,
      77
    ],
    true,
    false,
    "Check the pre-existing tests report."
  ],
  "31": [
    [
      35,
      55
    ],
    false,
    true,
    4.76837158203125e-07,
    "Check fuzzy test report."
  ],
  "32": [
    [
      71,
      81
    ],
    false,
    true,
    7.152557373046875e-07,
    "Check fuzzy test report."
  ],
  "33": [
    [
      157,
      902
    ],
    false,
    true,
    4.76837158203125e-07,
    "Check fuzzy test report."
  ],
  "38": [
    [
      16,
      68
    ],
    false,
    true,
    4.0531158447265625e-06,
    "Check fuzzy test report."
  ],
  "39": [
    [
      11,
      56
    ],
    true,
    false,
    "Check the pre-existing tests report."
  ],
  "40": [
    [
      1,
      2
    ],
    true,
    false,
    "Check the pre-existing tests report."
  ],
  "41": [
    [
      2,
      4
    ],
    true,
    false,
    "Check the pre-existing tests report."
  ],
  "42": [
    [
      14,
      93
    ],
    false,
    true,
    1.7642974853515625e-05,
    "Check fuzzy test report."
  ],
  "43": [
    [
      19,
      69
    ],
    false,
    true,
    1.9073486328125e-06,
    "Check fuzzy test report."
  ],
  "44": [
    [
      50,
      84
    ],
    false,
    false,
    "Linting error: Parsing failed: 'unmatched ')' (<unknown>, line 16)'"
  ],
  "46": [
    [
      81,
      88
    ],
    true,
    false,
    "Check the pre-existing tests report."
  ],
  "48": [
    [
      461,
      827
    ],
    false,
    true,
    1.7404556274414062e-05,
    "Check fuzzy test report."
  ],
  "49": [
    [
      2,
      6
    ],
    true,
    false,
    "Check the pre-existing tests report."
  ],
  "50": [
    [
      57,
      86
    ],
    false,
    false,
    "No Python function was generated."
  ],
  "52": [
    [
      70,
      72
    ],
    false,
    true,
    7.152557373046875e-07,
    "Check fuzzy test report."
  ],
  "53": [
    [
      4,
      9
    ],
    true,
    false,
    "Check the pre-existing tests report."
  ],
  "55": [
    [
      5,
      8
    ],
    true,
    false,
    "Check the pre-existing tests report."
  ],
  "57": [
    [
      15,
      92
    ],
    false,
    true,
    1.6927719116210938e-05,
    "Check fuzzy test report."
  ],
  "58": [
    [
      403,
      514
    ],
    false,
    true,
    1.7404556274414062e-05,
    "Check fuzzy test report."
  ],
  "59": [
    [
      3,
      5
    ],
    true,
    false,
    "Check the pre-existing tests report."
  ],
  "60": [
    [
      41,
      55
    ],
    true,
    false,
    "Check the pre-existing tests report."
  ],
  "61": [
    [
      2,
      3
    ],
    true,
    false,
    "Check the pre-existing tests report."
  ],
  "67": [
    [
      33,
      57
    ],
    false,
    true,
    1.9073486328125e-06,
    "Check fuzzy test report."
  ],
  "68": [
    [
      3,
      6
    ],
    false,
    false,
    "No Python function was generated."
  ],
  "70": [
    [
      586,
      840
    ],
    false,
    true,
    1.6450881958007812e-05,
    "Check fuzzy test report."
  ],
  "71": [
    [
      45,
      72
    ],
    false,
    false,
    "No Python function was generated."
  ],
  "75": [
    [
      38,
      65
    ],
    true,
    false,
    "Check the pre-existing tests report."
  ],
  "76": [
    [
      744,
      885
    ],
    false,
    true,
    7.152557373046875e-07,
    "Check fuzzy test report."
  ],
  "77": [
    [
      111,
      508
    ],
    true,
    false,
    "Check the pre-existing tests report."
  ],
  "80": [
    [
      70,
      93
    ],
    true,
    false,
    "Check the pre-existing tests report."
  ],
  "86": [
    [
      372,
      494
    ],
    false,
    true,
    3.0994415283203125e-06,
    "Check fuzzy test report."
  ],
  "87": [
    [
      50,
      81
    ],
    false,
    true,
    1.6689300537109375e-05,
    "Check fuzzy test report."
  ],
  "88": [
    [
      6,
      7
    ],
    true,
    false,
    "Check the pre-existing tests report."
  ],
  "89": [
    [
      14,
      48
    ],
    false,
    true,
    1.6689300537109375e-06,
    "Check fuzzy test report."
  ],
  "90": [
    [
      451,
      973
    ],
    false,
    false,
    "No Python function was generated."
  ],
  "91": [
    [
      2,
      9
    ],
    true,
    false,
    "Check the pre-existing tests report."
  ],
  "92": [
    [
      8,
      9
    ],
    true,
    false,
    "Check the pre-existing tests report."
  ],
  "95": [
    [
      35,
      98
    ],
    true,
    false,
    "Check the pre-existing tests report."
  ],
  "97": [
    [
      615,
      792
    ],
    false,
    true,
    7.152557373046875e-07,
    "Check fuzzy test report."
  ],
  "99": [
    [
      378,
      782
    ],
    false,
    true,
    4.76837158203125e-07,
    "Check fuzzy test report."
  ]
}