{
  "halstead_volume": 66.41714012534482,
  "cyclomatic_complexity": 12,
  "number_of_LLOC": 14,
  "percent_of_lines_of_comment": 71.42857142857143
}