{
  "halstead_volume": 102.7985828955553,
  "cyclomatic_complexity": 6,
  "number_of_LLOC": 14,
  "percent_of_lines_of_comment": 15.384615384615385
}