{
  "halstead_volume": 31.019550008653873,
  "cyclomatic_complexity": 4,
  "number_of_LLOC": 13,
  "percent_of_lines_of_comment": 15.384615384615385
}