{
  "halstead_volume": 189.46125880997533,
  "cyclomatic_complexity": 7,
  "number_of_LLOC": 13,
  "percent_of_lines_of_comment": 30.76923076923077
}