{
  "halstead_volume": 161.66617507355795,
  "cyclomatic_complexity": 6,
  "number_of_LLOC": 12,
  "percent_of_lines_of_comment": 33.33333333333333
}