{
  "halstead_volume": 49.82892142331044,
  "cyclomatic_complexity": 4,
  "number_of_LLOC": 19,
  "percent_of_lines_of_comment": 10.526315789473683
}