{
  "halstead_volume": 38.053747805010275,
  "cyclomatic_complexity": 5,
  "number_of_LLOC": 10,
  "percent_of_lines_of_comment": 44.44444444444444
}