{
  "halstead_volume": 48.43204266092217,
  "cyclomatic_complexity": 5,
  "number_of_LLOC": 18,
  "percent_of_lines_of_comment": 5.555555555555555
}