{
  "17": [
    [
      289
    ],
    false,
    true,
    1.4066696166992188e-05,
    "Check fuzzy test report."
  ],
  "24": [
    [
      49
    ],
    false,
    true,
    4.0531158447265625e-06,
    "Check fuzzy test report."
  ],
  "27": [
    [
      54
    ],
    false,
    true,
    0.0002837181091308594,
    "Check fuzzy test report."
  ],
  "42": [
    [
      279
    ],
    false,
    true,
    1.3589859008789062e-05,
    "Check fuzzy test report."
  ],
  "54": [
    [
      29
    ],
    false,
    true,
    2.384185791015625e-06,
    "Check fuzzy test report."
  ],
  "76": [
    [
      257
    ],
    false,
    true,
    1.1444091796875e-05,
    "Check fuzzy test report."
  ],
  "78": [
    [
      48
    ],
    false,
    true,
    2.1457672119140625e-06,
    "Check fuzzy test report."
  ],
  "91": [
    [
      6
    ],
    false,
    true,
    1.1920928955078125e-06,
    "Check fuzzy test report."
  ]
}