{
  "halstead_volume": 55.506595772116384,
  "cyclomatic_complexity": 5,
  "number_of_LLOC": 8,
  "percent_of_lines_of_comment": 42.857142857142854
}