{
  "halstead_volume": 15.509775004326936,
  "cyclomatic_complexity": 3,
  "number_of_LLOC": 12,
  "percent_of_lines_of_comment": 72.72727272727273
}