{
  "1": [
    [
      27
    ],
    false,
    true,
    0.0004477500915527344,
    "Check fuzzy test report."
  ],
  "2": [
    [
      147
    ],
    true,
    false,
    "Check the pre-existing tests report."
  ],
  "3": [
    [
      100
    ],
    true,
    false,
    "Check the pre-existing tests report."
  ],
  "4": [
    [
      15
    ],
    false,
    true,
    0.00038504600524902344,
    "Check fuzzy test report."
  ],
  "5": [
    [
      17
    ],
    false,
    true,
    0.0004031658172607422,
    "Check fuzzy test report."
  ],
  "6": [
    [
      474
    ],
    false,
    true,
    0.008587360382080078,
    "Check fuzzy test report."
  ],
  "7": [
    [
      416
    ],
    false,
    true,
    0.006989002227783203,
    "Check fuzzy test report."
  ],
  "8": [
    [
      49
    ],
    false,
    true,
    0.0006363391876220703,
    "Check fuzzy test report."
  ],
  "9": [
    [
      72
    ],
    true,
    false,
    "Check the pre-existing tests report."
  ],
  "10": [
    [
      54
    ],
    true,
    false,
    "Check the pre-existing tests report."
  ],
  "11": [
    [
      77
    ],
    false,
    true,
    0.0009367465972900391,
    "Check fuzzy test report."
  ],
  "12": [
    [
      23
    ],
    false,
    true,
    0.0004570484161376953,
    "Check fuzzy test report."
  ],
  "13": [
    [
      206
    ],
    true,
    false,
    "Check the pre-existing tests report."
  ],
  "14": [
    [
      63
    ],
    false,
    true,
    0.0007750988006591797,
    "Check fuzzy test report."
  ],
  "15": [
    [
      4
    ],
    false,
    true,
    3.314018249511719e-05,
    "Check fuzzy test report."
  ],
  "16": [
    [
      255
    ],
    false,
    true,
    0.0031402111053466797,
    "Check fuzzy test report."
  ],
  "17": [
    [
      289
    ],
    false,
    true,
    0.004058837890625,
    "Check fuzzy test report."
  ],
  "18": [
    [
      392
    ],
    true,
    false,
    "Check the pre-existing tests report."
  ],
  "19": [
    [
      67
    ],
    true,
    false,
    "Check the pre-existing tests report."
  ],
  "20": [
    [
      53
    ],
    false,
    true,
    0.0006451606750488281,
    "Check fuzzy test report."
  ],
  "21": [
    [
      407
    ],
    false,
    true,
    0.007388114929199219,
    "Check fuzzy test report."
  ],
  "22": [
    [
      20
    ],
    false,
    true,
    0.0003924369812011719,
    "Check fuzzy test report."
  ],
  "23": [
    [
      69
    ],
    true,
    false,
    "Check the pre-existing tests report."
  ],
  "24": [
    [
      29
    ],
    false,
    true,
    0.0004553794860839844,
    "Check fuzzy test report."
  ],
  "25": [
    [
      90
    ],
    true,
    false,
    "Check the pre-existing tests report."
  ],
  "26": [
    [
      366
    ],
    true,
    false,
    "Check the pre-existing tests report."
  ],
  "27": [
    [
      56
    ],
    false,
    true,
    0.0007016658782958984,
    "Check fuzzy test report."
  ],
  "28": [
    [
      43
    ],
    false,
    true,
    0.0006246566772460938,
    "Check fuzzy test report."
  ],
  "29": [
    [
      19
    ],
    false,
    true,
    0.00038933753967285156,
    "Check fuzzy test report."
  ],
  "30": [
    [
      94
    ],
    false,
    true,
    0.0009720325469970703,
    "Check fuzzy test report."
  ],
  "31": [
    [
      66
    ],
    true,
    false,
    "Check the pre-existing tests report."
  ],
  "32": [
    [
      113
    ],
    true,
    false,
    "Check the pre-existing tests report."
  ],
  "33": [
    [
      475
    ],
    true,
    false,
    "Check the pre-existing tests report."
  ],
  "34": [
    [
      33
    ],
    false,
    true,
    0.0004887580871582031,
    "Check fuzzy test report."
  ],
  "35": [
    [
      116
    ],
    false,
    true,
    0.001333475112915039,
    "Check fuzzy test report."
  ],
  "36": [
    [
      338
    ],
    true,
    false,
    "Check the pre-existing tests report."
  ],
  "37": [
    [
      84
    ],
    true,
    false,
    "Check the pre-existing tests report."
  ],
  "38": [
    [
      38
    ],
    true,
    false,
    "Check the pre-existing tests report."
  ],
  "39": [
    [
      59
    ],
    false,
    true,
    0.0007157325744628906,
    "Check fuzzy test report."
  ],
  "40": [
    [
      3
    ],
    false,
    true,
    3.147125244140625e-05,
    "Check fuzzy test report."
  ],
  "41": [
    [
      60
    ],
    true,
    false,
    "Check the pre-existing tests report."
  ],
  "42": [
    [
      279
    ],
    true,
    false,
    "Check the pre-existing tests report."
  ],
  "43": [
    [
      51
    ],
    false,
    true,
    0.00064849853515625,
    "Check fuzzy test report."
  ],
  "44": [
    [
      445
    ],
    true,
    false,
    "Check the pre-existing tests report."
  ],
  "45": [
    [
      21
    ],
    false,
    true,
    0.00045871734619140625,
    "Check fuzzy test report."
  ],
  "46": [
    [
      464
    ],
    false,
    true,
    0.008350849151611328,
    "Check fuzzy test report."
  ],
  "47": [
    [
      34
    ],
    false,
    true,
    0.0005366802215576172,
    "Check fuzzy test report."
  ],
  "48": [
    [
      186
    ],
    true,
    false,
    "Check the pre-existing tests report."
  ],
  "49": [
    [
      47
    ],
    true,
    false,
    "Check the pre-existing tests report."
  ],
  "50": [
    [
      40
    ],
    false,
    true,
    0.0005750656127929688,
    "Check fuzzy test report."
  ],
  "51": [
    [
      73
    ],
    true,
    false,
    "Check the pre-existing tests report."
  ],
  "52": [
    [
      423
    ],
    false,
    true,
    0.007415294647216797,
    "Check fuzzy test report."
  ],
  "53": [
    [
      68
    ],
    true,
    false,
    "Check the pre-existing tests report."
  ],
  "54": [
    [
      85
    ],
    true,
    false,
    "Check the pre-existing tests report."
  ],
  "55": [
    [
      97
    ],
    false,
    true,
    0.0010881423950195312,
    "Check fuzzy test report."
  ],
  "56": [
    [
      95
    ],
    true,
    false,
    "Check the pre-existing tests report."
  ],
  "57": [
    [
      92
    ],
    true,
    false,
    "Check the pre-existing tests report."
  ],
  "58": [
    [
      223
    ],
    false,
    true,
    0.003064870834350586,
    "Check fuzzy test report."
  ],
  "59": [
    [
      39
    ],
    false,
    true,
    0.0005550384521484375,
    "Check fuzzy test report."
  ],
  "60": [
    [
      88
    ],
    false,
    true,
    0.0009188652038574219,
    "Check fuzzy test report."
  ],
  "61": [
    [
      74
    ],
    true,
    false,
    "Check the pre-existing tests report."
  ],
  "62": [
    [
      188
    ],
    true,
    false,
    "Check the pre-existing tests report."
  ],
  "63": [
    [
      18
    ],
    false,
    true,
    0.0004012584686279297,
    "Check fuzzy test report."
  ],
  "64": [
    [
      9
    ],
    false,
    true,
    0.00033926963806152344,
    "Check fuzzy test report."
  ],
  "65": [
    [
      35
    ],
    false,
    true,
    0.0005135536193847656,
    "Check fuzzy test report."
  ],
  "66": [
    [
      25
    ],
    false,
    true,
    0.0005021095275878906,
    "Check fuzzy test report."
  ],
  "67": [
    [
      42
    ],
    false,
    true,
    0.0005710124969482422,
    "Check fuzzy test report."
  ],
  "68": [
    [
      76
    ],
    true,
    false,
    "Check the pre-existing tests report."
  ],
  "69": [
    [
      472
    ],
    true,
    false,
    "Check the pre-existing tests report."
  ],
  "70": [
    [
      401
    ],
    false,
    true,
    0.0062406063079833984,
    "Check fuzzy test report."
  ],
  "71": [
    [
      78
    ],
    true,
    false,
    "Check the pre-existing tests report."
  ],
  "72": [
    [
      16
    ],
    false,
    true,
    0.0003871917724609375,
    "Check fuzzy test report."
  ],