{
  "halstead_volume": 102.7985828955553,
  "cyclomatic_complexity": 12,
  "number_of_LLOC": 9,
  "percent_of_lines_of_comment": 66.66666666666666
}