{
  "halstead_volume": 85.83671966625714,
  "cyclomatic_complexity": 5,
  "number_of_LLOC": 13,
  "percent_of_lines_of_comment": 15.384615384615385
}