{
  "halstead_volume": 55.506595772116384,
  "cyclomatic_complexity": 3,
  "number_of_LLOC": 9,
  "percent_of_lines_of_comment": 22.22222222222222
}