{
  "halstead_volume": 28.529325012980813,
  "cyclomatic_complexity": 3,
  "number_of_LLOC": 11,
  "percent_of_lines_of_comment": 27.27272727272727
}