{
  "halstead_volume": 64.52932501298082,
  "cyclomatic_complexity": 6,
  "number_of_LLOC": 13,
  "percent_of_lines_of_comment": 92.3076923076923
}