{
  "1": [
    [
      31,
      72
    ],
    false,
    true,
    5.245208740234375e-05,
    "Check fuzzy test report."
  ],
  "2": [
    [
      15,
      39
    ],
    false,
    true,
    0.00042438507080078125,
    "Check fuzzy test report."
  ],
  "3": [
    [
      62,
      92
    ],
    false,
    true,
    9.751319885253906e-05,
    "Check fuzzy test report."
  ],
  "4": [
    [
      12,
      92
    ],
    false,
    true,
    0.0004985332489013672,
    "Check fuzzy test report."
  ],
  "5": [
    [
      8,
      9
    ],
    false,
    true,
    "LLM's code raised exception:argument of type 'int' is not iterable"
  ],
  "6": [
    [
      10,
      66
    ],
    false,
    false,
    "No Python function was generated."
  ],
  "8": [
    [
      23,
      23
    ],
    false,
    true,
    "LLM's code raised exception:list index out of range"
  ],
  "9": [
    [
      70,
      200
    ],
    false,
    true,
    0.0014331340789794922,
    "Check fuzzy test report."
  ],
  "10": [
    [
      25,
      59
    ],
    false,
    true,
    0.0002551078796386719,
    "Check fuzzy test report."
  ],
  "11": [
    [
      37,
      51
    ],
    false,
    true,
    2.4557113647460938e-05,
    "Check fuzzy test report."
  ],
  "12": [
    [
      14,
      64
    ],
    false,
    true,
    6.29425048828125e-05,
    "Check fuzzy test report."
  ],
  "13": [
    [
      25,
      87
    ],
    false,
    true,
    0.00027370452880859375,
    "Check fuzzy test report."
  ],
  "14": [
    [
      5,
      7
    ],
    false,
    true,
    2.47955322265625e-05,
    "Check fuzzy test report."
  ],
  "15": [
    [
      2,
      2
    ],
    false,
    true,
    3.075599670410156e-05,
    "Check fuzzy test report."
  ],
  "16": [
    [
      33,
      36
    ],
    false,
    true,
    3.218650817871094e-05,
    "Check fuzzy test report."
  ],
  "17": [
    [
      62,
      78
    ],
    false,
    true,
    1.5020370483398438e-05,
    "Check fuzzy test report."
  ],
  "18": [
    [
      35,
      49
    ],
    false,
    true,
    5.7220458984375e-05,
    "Check fuzzy test report."
  ],
  "19": [
    [
      3,
      5
    ],
    false,
    true,
    2.3365020751953125e-05,
    "Check fuzzy test report."
  ],
  "20": [
    [
      56,
      66
    ],
    false,
    true,
    1.2159347534179688e-05,
    "Check fuzzy test report."
  ],
  "21": [
    [
      639,
      975
    ],
    false,
    true,
    0.005299806594848633,
    "Check fuzzy test report."
  ],
  "22": [
    [
      40,
      200
    ],
    false,
    true,
    7.82012939453125e-05,
    "Check fuzzy test report."
  ],
  "23": [
    [
      52,
      71
    ],
    false,
    true,
    6.079673767089844e-05,
    "Check fuzzy test report."
  ],
  "24": [
    [
      74,
      95
    ],
    false,
    false,
    "No Python function was generated."
  ],
  "25": [
    [
      29,
      93
    ],
    false,
    false,
    "Linting error: Parsing failed: 'unmatched ')' (<unknown>, line 10)'"
  ],
  "26": [
    [
      62,
      99
    ],
    false,
    true,
    0.00012755393981933594,
    "Check fuzzy test report."
  ],
  "27": [
    [
      66,
      93
    ],
    false,
    false,
    "Linting error: Parsing failed: 'unmatched ')' (<unknown>, line 10)'"
  ],
  "28": [
    [
      62,
      63
    ],
    false,
    true,
    0.0005357265472412109,
    "Check fuzzy test report."
  ],
  "29": [
    [
      59,
      97
    ],
    false,
    true,
    1.9550323486328125e-05,
    "Check fuzzy test report."
  ],
  "30": [
    [
      55,
      98
    ],
    false,
    true,
    2.0742416381835938e-05,
    "Check fuzzy test report."
  ],
  "31": [
    [
      75,
      88
    ],
    false,
    true,
    1.1682510375976562e-05,
    "Check fuzzy test report."
  ],
  "32": [
    [
      21,
      97
    ],
    false,
    true,
    0.0003192424774169922,
    "Check fuzzy test report."
  ],
  "33": [
    [
      667,
      774
    ],
    false,
    true,
    0.00017023086547851562,
    "Check fuzzy test report."
  ],
  "34": [
    [
      60,
      200
    ],
    false,
    true,
    0.0007846355438232422,
    "Check fuzzy test report."
  ],
  "35": [
    [
      30,
      48
    ],
    false,
    true,
    0.00015044212341308594,
    "Check fuzzy test report."
  ],
  "36": [
    [
      246,
      750
    ],
    false,
    true,
    0.0010991096496582031,
    "Check fuzzy test report."
  ],
  "37": [
    [
      1,
      5
    ],
    false,
    true,
    2.8133392333984375e-05,
    "Check fuzzy test report."
  ],
  "38": [
    [
      22,
      63
    ],
    false,
    false,
    "No Python function was generated."
  ],
  "40": [
    [
      0,
      1
    ],
    false,
    true,
    2.4080276489257812e-05,
    "Check fuzzy test report."
  ],
  "41": [
    [
      6,
      6
    ],
    false,
    false,
    "Linting error: Parsing failed: 'unmatched ')' (<unknown>, line 9)'"
  ],
  "42": [
    [
      29,
      79
    ],
    false,
    true,
    "LLM's code raised exception:argument of type 'int' is not iterable"
  ],
  "43": [
    [
      68,
      86
    ],
    false,
    true,
    0.00010728836059570312,
    "Check fuzzy test report."
  ],
  "44": [
    [
      13,
      68
    ],
    false,
    true,
    0.000125885009765625,
    "Check fuzzy test report."
  ],
  "46": [
    [
      30,
      87
    ],
    false,
    true,
    0.00016927719116210938,
    "Check fuzzy test report."
  ],
  "47": [
    [
      37,
      76
    ],
    false,
    true,
    3.552436828613281e-05,
    "Check fuzzy test report."
  ],
  "48": [
    [
      533,
      605
    ],
    false,
    true,
    0.00015401840209960938,
    "Check fuzzy test report."
  ],
  "50": [
    [
      70,
      84
    ],
    false,
    true,
    1.3828277587890625e-05,
    "Check fuzzy test report."
  ],
  "51": [
    [
      0,
      2
    ],
    false,
    true,
    2.5510787963867188e-05,
    "Check fuzzy test report."
  ],
  "52": [
    [
      28,
      38
    ],
    false,
    true,
    2.8133392333984375e-05,
    "Check fuzzy test report."
  ],
  "53": [
    [
      200,
      200
    ],
    false,
    true,
    0.0008466243743896484,
    "Check fuzzy test report."
  ],
  "54": [
    [
      34,
      55
    ],
    false,
    true,
    6.29425048828125e-05,
    "Check fuzzy test report."
  ],
  "55": [
    [
      9,
      9
    ],
    false,
    true,
    3.528594970703125e-05,
    "Check fuzzy test report."
  ],
  "56": [
    [
      1,
      8
    ],
    false,
    false,
    "Linting error: Parsing failed: 'unmatched ')' (<unknown>, line 10)'"
  ],
  "57": [
    [
      27,
      55
    ],
    false,
    false,
    "Linting error: Parsing failed: 'unmatched ')' (<unknown>, line 10)'"
  ],
  "58": [
    [
      209,
      556
    ],
    false,
    true,
    0.005250692367553711,
    "Check fuzzy test report."
  ],
  "59": [
    [
      0,
      8
    ],
    false,
    true,
    3.6716461181640625e-05,
    "Check fuzzy test report."
  ],
  "60": [
    [
      75,
      85
    ],
    false,
    true,
    9.059906005859375e-05,
    "Check fuzzy test report."
  ],
  "61": [
    [
      0,
      6
    ],
    false,
    true,
    4.1484832763671875e-05,
    "Check fuzzy test report."
  ],
  "62": [
    [
      91,
      99
    ],
    false,
    true,
    4.00543212890625e-05,
    "Check fuzzy test report."
  ],
  "63": [
    [
      22,
      88
    ],
    false,
    true,
    8.58306884765625e-05,
    "Check fuzzy test report."
  ],
  "64": [
    [
      0,
      3
    ],
    false,
    true,
    2.1696090698242188e-05,
    "Check fuzzy test report."
  ],
  "65": [
    [
      56,
      98
    ],
    false,
    true,
    3.552436828613281e-05,
    "Check fuzzy test report."
  ],
  "66": [
    [
      50,
      54
    ],
    false,
    true,
    1.2636184692382812e-05,
    "Check fuzzy test report."
  ],
  "67": [
    [
      22,
      50
    ],
    false,
    true,
    1.7642974853515625e-05,
    "Check fuzzy test report."
  ],