{
  "halstead_volume": 101.95026032264605,
  "cyclomatic_complexity": 8,
  "number_of_LLOC": 6,
  "percent_of_lines_of_comment": 83.33333333333334
}