{
  "halstead_volume": 66.60791492653966,
  "cyclomatic_complexity": 6,
  "number_of_LLOC": 14,
  "percent_of_lines_of_comment": 78.57142857142857
}