{
  "27": [
    [
      54
    ],
    false,
    true,
    2.956390380859375e-05,
    "Check fuzzy test report."
  ],
  "91": [
    [
      6
    ],
    false,
    true,
    2.6226043701171875e-06,
    "Check fuzzy test report."
  ]
}