{
  "halstead_volume": 43.01955000865388,
  "cyclomatic_complexity": 3,
  "number_of_LLOC": 15,
  "percent_of_lines_of_comment": 33.33333333333333
}