{
  "halstead_volume": 66.60791492653966,
  "cyclomatic_complexity": 4,
  "number_of_LLOC": 8,
  "percent_of_lines_of_comment": 85.71428571428571
}