{
  "15": [
    [
      2,
      2
    ],
    false,
    true,
    1.0013580322265625e-05,
    "Check fuzzy test report."
  ],
  "18": [
    [
      35,
      49
    ],
    false,
    true,
    3.457069396972656e-05,
    "Check fuzzy test report."
  ],
  "20": [
    [
      56,
      66
    ],
    false,
    true,
    5.626678466796875e-05,
    "Check fuzzy test report."
  ],
  "28": [
    [
      62,
      63
    ],
    false,
    true,
    2.8371810913085938e-05,
    "Check fuzzy test report."
  ],
  "32": [
    [
      21,
      97
    ],
    false,
    true,
    9.131431579589844e-05,
    "Check fuzzy test report."
  ],
  "40": [
    [
      0,
      1
    ],
    false,
    true,
    2.0265579223632812e-05,
    "Check fuzzy test report."
  ],
  "41": [
    [
      6,
      6
    ],
    false,
    true,
    2.09808349609375e-05,
    "Check fuzzy test report."
  ],
  "50": [
    [
      70,
      84
    ],
    false,
    false,
    "Linting error: Value 'set1' is unsubscriptable"
  ],
  "55": [
    [
      9,
      9
    ],
    false,
    true,
    3.62396240234375e-05,
    "Check fuzzy test report."
  ],
  "69": [
    [
      32,
      35
    ],
    false,
    true,
    8.106231689453125e-05,
    "Check fuzzy test report."
  ],
  "92": [
    [
      0,
      0
    ],
    false,
    true,
    1.3113021850585938e-05,
    "Check fuzzy test report."
  ]
}